order_date,product_line,order_amount,marketing_spend
2025-09-01,Product A,189.35,38.41
2025-09-01,Product A,171.45,38.16
2025-09-01,Product A,180.29,23.77
2025-09-01,Product A,178.11,22.61
2025-09-01,Product A,189.33,31.79
2025-09-01,Product A,165.93,22.76
2025-09-01,Product A,196.9,32.24
2025-09-01,Product A,160.58,24.48
2025-09-01,Product A,181.71,33.81
2025-09-01,Product B,142.49,17.5
2025-09-01,Product B,126.86,26.77
2025-09-01,Product B,161.35,31.77
2025-09-01,Product B,130.36,24.02
2025-09-01,Product B,147.57,26.84
2025-09-01,Product B,164.17,29.7
2025-09-01,Product B,159.94,27.73
2025-09-01,Product C,100.95,29.96
2025-09-01,Product C,82.98,15.58
2025-09-01,Product C,123.58,31.88
2025-09-01,Product C,135.65,36.19
2025-09-01,Product C,112.33,21.01
2025-09-01,Product C,138.88,29.02
2025-09-01,Product C,91.93,11.16
2025-09-01,Product D,98.13,27.11
2025-09-02,Product A,161.6,17.91
2025-09-02,Product A,180.71,26.97
2025-09-02,Product A,170.27,32.79
2025-09-02,Product A,179.82,35.89
2025-09-02,Product A,167.83,25.14
2025-09-02,Product A,168.25,15.1
2025-09-02,Product B,173.58,26.66
2025-09-02,Product B,161.23,19.94
2025-09-02,Product B,140.48,16.28
2025-09-02,Product B,137.54,30.1
2025-09-02,Product B,107.0,21.67
2025-09-02,Product C,114.73,17.05
2025-09-02,Product C,123.94,29.03
2025-09-02,Product C,149.9,39.66
2025-09-02,Product C,127.85,39.83
2025-09-02,Product C,93.85,15.53
2025-09-02,Product C,99.62,18.8
2025-09-02,Product C,89.71,24.82
2025-09-02,Product D,62.64,10.0
2025-09-03,Product A,160.86,22.45
2025-09-03,Product A,166.9,36.9
2025-09-03,Product A,173.46,28.22
2025-09-03,Product A,147.22,11.63
2025-09-03,Product A,159.3,26.65
2025-09-03,Product A,208.89,36.55
2025-09-03,Product A,191.62,28.58
2025-09-03,Product A,143.93,16.75
2025-09-03,Product B,130.59,25.77
2025-09-03,Product B,134.99,13.14
2025-09-03,Product B,116.89,21.25
2025-09-03,Product B,179.74,31.84
2025-09-03,Product B,142.39,26.49
2025-09-03,Product B,173.73,31.29
2025-09-03,Product B,135.96,31.96
2025-09-03,Product B,154.43,38.54
2025-09-03,Product C,157.92,33.31
2025-09-03,Product C,111.57,36.24
2025-09-03,Product C,95.64,13.88
2025-09-03,Product D,125.96,28.44
2025-09-03,Product D,109.17,10.0
2025-09-03,Product D,93.93,13.92
2025-09-03,Product D,68.19,10.0
2025-09-04,Product A,192.06,36.96
2025-09-04,Product A,199.42,32.67
2025-09-04,Product A,154.69,24.51
2025-09-04,Product A,175.33,31.22
2025-09-04,Product A,146.14,25.57
2025-09-04,Product A,175.02,49.89
2025-09-04,Product A,211.29,29.09
2025-09-04,Product B,128.96,16.69
2025-09-04,Product B,97.76,15.32
2025-09-04,Product B,121.63,16.44
2025-09-04,Product B,125.71,20.62
2025-09-04,Product C,94.23,17.78
2025-09-04,Product C,127.51,41.88
2025-09-04,Product C,98.29,19.66
2025-09-04,Product C,137.1,33.64
2025-09-04,Product C,111.72,23.51
2025-09-04,Product C,89.75,17.84
2025-09-04,Product D,82.78,21.98
2025-09-05,Product A,231.91,56.17
2025-09-05,Product A,204.61,37.87
2025-09-05,Product A,153.21,17.15
2025-09-05,Product A,196.21,35.46
2025-09-05,Product A,180.56,16.74
2025-09-05,Product A,190.4,36.0
2025-09-05,Product A,145.57,20.97
2025-09-05,Product B,148.88,27.68
2025-09-05,Product B,136.82,10.0
2025-09-05,Product B,152.22,39.7
2025-09-05,Product B,111.26,25.82
2025-09-05,Product B,137.77,22.93
2025-09-05,Product B,121.84,18.04
2025-09-05,Product B,173.6,34.17
2025-09-05,Product B,183.11,40.55
2025-09-05,Product C,137.21,28.66
2025-09-05,Product C,145.77,38.08
2025-09-05,Product C,160.05,41.06
2025-09-05,Product C,85.42,18.26
2025-09-05,Product C,94.22,16.58
2025-09-05,Product C,153.25,38.82
2025-09-05,Product C,104.62,14.91
2025-09-05,Product C,120.72,16.83
2025-09-05,Product D,120.42,31.36
2025-09-05,Product D,44.59,12.24
2025-09-06,Product A,178.1,37.05
2025-09-06,Product A,157.44,33.27
2025-09-06,Product A,193.51,34.76
2025-09-06,Product A,175.16,31.94
2025-09-06,Product A,151.01,24.49
2025-09-06,Product A,166.64,31.4
2025-09-06,Product A,192.0,24.17
2025-09-06,Product B,196.21,31.71
2025-09-06,Product B,100.92,29.99
2025-09-06,Product B,134.93,23.8
2025-09-06,Product B,173.81,16.73
2025-09-06,Product B,117.46,10.0
2025-09-06,Product B,127.53,25.2
2025-09-06,Product B,156.53,28.82
2025-09-06,Product B,113.92,10.0
2025-09-06,Product B,146.2,21.08
2025-09-06,Product B,155.11,31.98
2025-09-06,Product C,104.5,21.55
2025-09-06,Product C,124.33,33.92
2025-09-06,Product C,111.34,28.66
2025-09-06,Product C,114.15,24.17
2025-09-06,Product C,138.25,14.47
2025-09-06,Product D,111.49,22.25
2025-09-06,Product D,99.35,30.57
2025-09-06,Product D,124.21,26.77
2025-09-07,Product A,162.12,33.99
2025-09-07,Product A,207.86,24.28
2025-09-07,Product A,178.64,22.04
2025-09-07,Product A,180.44,29.63
2025-09-07,Product A,129.72,29.48
2025-09-07,Product A,156.69,22.37
2025-09-07,Product A,146.47,19.67
2025-09-07,Product B,169.52,31.89
2025-09-07,Product B,142.11,26.95
2025-09-07,Product B,187.92,48.56
2025-09-07,Product B,146.53,26.19
2025-09-07,Product B,168.68,21.91
2025-09-07,Product B,152.33,25.69
2025-09-07,Product B,151.91,19.16
2025-09-07,Product B,110.03,10.0
2025-09-07,Product C,162.62,44.62
2025-09-07,Product C,98.83,24.52
2025-09-07,Product D,69.88,15.42
2025-09-07,Product D,152.15,35.26
2025-09-07,Product D,126.53,28.57
2025-09-07,Product D,107.78,23.26
2025-09-07,Product D,91.25,13.84
2025-09-08,Product A,163.7,31.46
2025-09-08,Product A,163.21,35.23
2025-09-08,Product A,129.71,19.37
2025-09-08,Product A,126.2,10.0
2025-09-08,Product A,200.0,41.16
2025-09-08,Product A,154.17,14.19
2025-09-08,Product B,162.4,30.37
2025-09-08,Product B,159.7,21.64
2025-09-08,Product B,164.75,41.04
2025-09-08,Product B,123.66,13.92
2025-09-08,Product B,174.39,28.12
2025-09-08,Product B,175.88,26.36
2025-09-08,Product B,177.01,31.14
2025-09-08,Product B,150.68,38.13
2025-09-08,Product B,137.04,15.77
2025-09-08,Product C,108.15,32.98
2025-09-08,Product C,67.33,10.0
2025-09-08,Product C,82.9,11.63
2025-09-08,Product D,72.81,21.67
2025-09-08,Product D,109.58,27.19
2025-09-08,Product D,107.24,25.96
2025-09-08,Product D,139.77,30.05
2025-09-09,Product A,189.8,38.18
2025-09-09,Product A,166.49,23.08
2025-09-09,Product A,182.07,32.46
2025-09-09,Product A,138.14,22.94
2025-09-09,Product A,175.76,22.68
2025-09-09,Product A,174.18,17.97
2025-09-09,Product A,199.4,43.88
2025-09-09,Product A,164.44,30.86
2025-09-09,Product A,116.98,10.64
2025-09-09,Product A,163.54,19.22
2025-09-09,Product B,185.07,18.25
2025-09-09,Product B,116.82,16.47
2025-09-09,Product B,133.55,29.2
2025-09-09,Product B,150.32,11.35
2025-09-09,Product B,156.34,21.96
2025-09-09,Product B,173.04,24.4
2025-09-09,Product B,130.99,26.6
2025-09-09,Product C,97.25,23.28
2025-09-09,Product C,88.68,23.08
2025-09-09,Product C,102.25,12.23
2025-09-09,Product D,81.49,29.54
2025-09-10,Product A,158.26,23.61
2025-09-10,Product A,199.98,25.67
2025-09-10,Product A,116.92,32.76
2025-09-10,Product A,226.09,35.19
2025-09-10,Product B,156.54,14.66
2025-09-10,Product B,160.38,43.69
2025-09-10,Product B,148.78,22.59
2025-09-10,Product B,141.88,29.04
2025-09-10,Product B,106.93,19.49
2025-09-10,Product C,132.92,31.8
2025-09-10,Product C,100.88,23.61
2025-09-10,Product C,146.68,29.68
2025-09-10,Product C,82.78,18.07
2025-09-10,Product D,59.46,16.94
2025-09-10,Product D,83.5,10.0
2025-09-10,Product D,112.27,26.88
2025-09-11,Product A,178.53,29.01
2025-09-11,Product A,187.97,36.96
2025-09-11,Product A,197.54,29.41
2025-09-11,Product A,160.42,23.44
2025-09-11,Product A,187.4,43.84
2025-09-11,Product A,159.91,23.79
2025-09-11,Product B,127.79,10.0
2025-09-11,Product B,123.8,13.72
2025-09-11,Product B,140.58,32.8
2025-09-11,Product B,139.61,15.49
2025-09-11,Product C,132.29,27.33
2025-09-11,Product C,134.24,29.42
2025-09-11,Product C,135.44,21.52
2025-09-11,Product D,90.36,10.15
2025-09-12,Product A,202.15,36.63
2025-09-12,Product A,186.88,22.65
2025-09-12,Product A,145.37,28.3
2025-09-12,Product A,171.28,33.51
2025-09-12,Product A,165.87,30.42
2025-09-12,Product A,173.48,35.71
2025-09-12,Product A,187.75,18.96
2025-09-12,Product A,120.56,28.51
2025-09-12,Product B,165.48,42.51
2025-09-12,Product B,156.36,23.61
2025-09-12,Product B,125.35,21.4
2025-09-12,Product C,133.98,35.4
2025-09-12,Product C,134.01,32.21
2025-09-12,Product C,80.76,18.44
2025-09-12,Product C,107.76,13.47
2025-09-12,Product C,157.0,48.37
2025-09-12,Product C,149.9,35.02
2025-09-12,Product C,149.71,33.03
2025-09-12,Product C,124.46,18.63
2025-09-12,Product C,128.73,28.8
2025-09-12,Product D,93.25,34.9
2025-09-13,Product A,142.49,28.31
2025-09-13,Product A,178.61,16.07
2025-09-13,Product A,167.3,36.41
2025-09-13,Product A,193.3,41.07
2025-09-13,Product A,170.86,22.29
2025-09-13,Product A,146.16,27.6
2025-09-13,Product A,178.34,40.62
2025-09-13,Product B,132.29,24.51
2025-09-13,Product B,133.91,17.74
2025-09-13,Product B,151.85,22.6
2025-09-13,Product B,150.37,27.75
2025-09-13,Product B,119.93,16.54
2025-09-13,Product C,117.41,35.54
2025-09-13,Product C,61.2,16.63
2025-09-13,Product C,154.35,24.93
2025-09-13,Product C,111.64,18.54
2025-09-13,Product C,100.32,19.46
2025-09-13,Product C,151.4,48.01
2025-09-13,Product C,112.61,40.01
2025-09-13,Product D,164.93,43.09
2025-09-13,Product D,79.44,25.23
2025-09-13,Product D,87.04,15.23
2025-09-13,Product D,114.99,25.55
2025-09-14,Product A,138.27,23.04
2025-09-14,Product A,171.85,23.67
2025-09-14,Product A,188.28,21.27
2025-09-14,Product A,161.05,22.7
2025-09-14,Product A,168.98,30.96
2025-09-14,Product A,147.83,30.93
2025-09-14,Product B,142.72,24.04
2025-09-14,Product B,149.96,33.07
2025-09-14,Product B,120.56,11.12
2025-09-14,Product B,120.95,22.87
2025-09-14,Product C,107.73,20.43
2025-09-14,Product C,120.85,24.09
2025-09-14,Product C,143.09,26.07
2025-09-14,Product C,101.03,26.06
2025-09-14,Product D,81.31,34.37
2025-09-14,Product D,90.04,10.0
2025-09-14,Product D,96.54,12.63
2025-09-14,Product D,78.46,20.44
2025-09-15,Product A,163.01,20.78
2025-09-15,Product A,172.62,24.77
2025-09-15,Product A,166.34,43.34
2025-09-15,Product A,166.27,31.58
2025-09-15,Product A,164.89,28.64
2025-09-15,Product A,170.13,32.51
2025-09-15,Product A,195.64,46.44
2025-09-15,Product A,176.81,34.77
2025-09-15,Product B,164.05,29.58
2025-09-15,Product B,164.5,31.89
2025-09-15,Product C,129.94,32.41
2025-09-15,Product C,94.43,15.08
2025-09-15,Product C,150.15,29.16
2025-09-15,Product C,169.34,37.24
2025-09-15,Product C,128.98,41.31
2025-09-15,Product C,122.88,19.01
2025-09-15,Product C,117.59,25.58
2025-09-15,Product D,115.34,25.65
2025-09-15,Product D,88.78,18.68
2025-09-16,Product A,186.18,34.65
2025-09-16,Product A,183.9,20.03
2025-09-16,Product A,177.28,27.72
2025-09-16,Product A,159.38,34.06
2025-09-16,Product A,202.54,48.79
2025-09-16,Product A,198.93,32.94
2025-09-16,Product A,177.76,36.35
2025-09-16,Product A,172.67,30.4
2025-09-16,Product A,188.12,31.51
2025-09-16,Product A,153.96,22.86
2025-09-16,Product B,136.75,29.3
2025-09-16,Product B,153.33,16.19
2025-09-16,Product B,176.73,26.04
2025-09-16,Product C,112.59,29.73
2025-09-16,Product C,127.48,30.57
2025-09-16,Product C,129.02,33.31
2025-09-16,Product C,73.63,13.28
2025-09-16,Product D,121.13,28.27
2025-09-16,Product D,83.99,22.36
2025-09-16,Product D,83.39,18.33
2025-09-17,Product A,148.98,28.83
2025-09-17,Product A,142.68,22.62
2025-09-17,Product A,172.41,48.87
2025-09-17,Product A,139.7,35.53
2025-09-17,Product A,173.3,32.75
2025-09-17,Product A,172.6,32.9
2025-09-17,Product A,166.62,39.96
2025-09-17,Product A,159.96,36.25
2025-09-17,Product A,155.82,26.01
2025-09-17,Product A,146.42,28.53
2025-09-17,Product A,201.79,33.69
2025-09-17,Product B,174.02,52.06
2025-09-17,Product B,132.1,33.94
2025-09-17,Product B,150.36,24.35
2025-09-17,Product B,154.52,26.76
2025-09-17,Product B,147.43,21.8
2025-09-17,Product C,106.89,23.58
2025-09-17,Product C,137.49,31.69
2025-09-17,Product C,105.57,33.04
2025-09-17,Product D,119.86,31.28
2025-09-17,Product D,108.16,27.95
2025-09-17,Product D,70.86,21.19
2025-09-18,Product A,162.05,30.36
2025-09-18,Product A,148.25,28.81
2025-09-18,Product A,170.07,22.91
2025-09-18,Product A,164.81,26.54
2025-09-18,Product A,164.06,42.06
2025-09-18,Product A,167.83,26.58
2025-09-18,Product A,123.86,13.9
2025-09-18,Product A,164.21,22.43
2025-09-18,Product A,200.4,32.75
2025-09-18,Product A,198.35,34.21
2025-09-18,Product B,145.32,30.23
2025-09-18,Product B,155.41,23.35
2025-09-18,Product B,167.42,36.7
2025-09-18,Product B,149.05,33.04
2025-09-18,Product B,151.0,21.18
2025-09-18,Product B,160.35,28.14
2025-09-18,Product C,86.84,11.22
2025-09-18,Product C,101.06,41.89
2025-09-18,Product C,159.64,31.83
2025-09-18,Product C,112.0,15.45
2025-09-18,Product C,78.02,16.23
2025-09-18,Product C,98.05,20.89
2025-09-18,Product D,65.95,21.35
2025-09-18,Product D,77.4,22.09
2025-09-18,Product D,94.77,10.0
2025-09-18,Product D,88.04,22.29
2025-09-19,Product A,213.13,26.41
2025-09-19,Product A,149.62,37.31
2025-09-19,Product A,146.72,14.36
2025-09-19,Product A,159.3,30.44
2025-09-19,Product A,167.75,23.31
2025-09-19,Product A,155.17,20.68
2025-09-19,Product B,134.24,21.33
2025-09-19,Product B,129.3,10.0
2025-09-19,Product B,114.68,10.0
2025-09-19,Product C,131.53,34.77
2025-09-19,Product C,107.31,28.08
2025-09-19,Product C,132.46,24.74
2025-09-19,Product C,95.3,11.49
2025-09-19,Product C,121.9,29.43
2025-09-19,Product C,102.56,22.78
2025-09-19,Product C,132.55,34.11
2025-09-19,Product D,83.32,26.69
2025-09-19,Product D,96.5,17.93
2025-09-19,Product D,55.23,10.78
2025-09-20,Product A,208.27,31.55
2025-09-20,Product A,191.99,33.42
2025-09-20,Product A,187.51,28.3
2025-09-20,Product A,168.91,27.79
2025-09-20,Product A,151.61,31.07
2025-09-20,Product A,184.31,36.08
2025-09-20,Product A,203.81,46.24
2025-09-20,Product A,161.75,30.48
2025-09-20,Product B,131.81,35.37
2025-09-20,Product C,137.51,30.74
2025-09-20,Product C,125.51,17.0
2025-09-20,Product C,119.49,42.32
2025-09-20,Product C,138.13,31.75
2025-09-20,Product D,113.6,12.39
2025-09-20,Product D,80.45,10.0
2025-09-20,Product D,73.76,16.66
2025-09-21,Product A,162.35,18.16
2025-09-21,Product A,187.7,26.51
2025-09-21,Product A,178.89,34.93
2025-09-21,Product A,210.4,34.14
2025-09-21,Product A,178.27,18.43
2025-09-21,Product A,196.19,27.27
2025-09-21,Product A,157.66,26.62
2025-09-21,Product A,135.62,24.89
2025-09-21,Product B,103.68,10.0
2025-09-21,Product B,164.28,30.09
2025-09-21,Product B,154.06,41.07
2025-09-21,Product B,155.31,31.67
2025-09-21,Product C,108.41,15.59
2025-09-21,Product C,170.82,40.2
2025-09-21,Product C,103.89,30.18
2025-09-21,Product C,117.6,23.85
2025-09-21,Product D,137.09,33.89
2025-09-21,Product D,86.72,15.02
2025-09-21,Product D,85.97,16.88
2025-09-22,Product A,145.21,35.31
2025-09-22,Product A,197.4,41.23
2025-09-22,Product A,136.68,29.87
2025-09-22,Product A,178.91,17.57
2025-09-22,Product A,169.47,31.73
2025-09-22,Product B,172.47,20.63
2025-09-22,Product B,152.4,18.58
2025-09-22,Product B,130.22,33.96
2025-09-22,Product B,133.06,26.32
2025-09-22,Product B,103.83,32.55
2025-09-22,Product B,158.26,25.44
2025-09-22,Product B,157.66,15.52
2025-09-22,Product B,171.02,26.48
2025-09-22,Product B,140.51,19.95
2025-09-22,Product C,110.79,42.21
2025-09-22,Product C,85.51,28.9
2025-09-22,Product C,150.09,26.2
2025-09-22,Product C,169.04,45.15
2025-09-22,Product C,141.37,31.33
2025-09-22,Product D,98.99,14.49
2025-09-22,Product D,113.14,32.26
2025-09-22,Product D,109.4,30.03
2025-09-23,Product A,194.66,27.78
2025-09-23,Product A,177.93,19.12
2025-09-23,Product A,201.65,33.13
2025-09-23,Product A,176.38,48.59
2025-09-23,Product A,203.36,32.12
2025-09-23,Product A,156.95,24.08
2025-09-23,Product A,181.22,29.97
2025-09-23,Product A,161.3,39.16
2025-09-23,Product B,116.7,10.0
2025-09-23,Product B,113.6,10.0
2025-09-23,Product B,147.41,34.06
2025-09-23,Product B,144.7,10.0
2025-09-23,Product B,140.8,22.63
2025-09-23,Product B,191.11,20.83
2025-09-23,Product B,136.41,36.84
2025-09-23,Product B,154.9,30.84
2025-09-23,Product B,147.52,27.72
2025-09-23,Product B,162.11,21.08
2025-09-23,Product C,106.44,23.24
2025-09-23,Product C,106.3,14.81
2025-09-23,Product C,112.22,15.86
2025-09-23,Product D,124.15,29.96
2025-09-23,Product D,90.34,23.86
2025-09-23,Product D,48.64,10.36
2025-09-23,Product D,138.95,31.63
2025-09-23,Product D,96.49,25.61
2025-09-24,Product A,166.25,11.18
2025-09-24,Product A,183.58,35.65
2025-09-24,Product A,176.81,37.91
2025-09-24,Product A,144.37,40.61
2025-09-24,Product A,148.89,31.31
2025-09-24,Product A,132.88,15.15
2025-09-24,Product A,203.36,32.48
2025-09-24,Product A,188.48,33.94
2025-09-24,Product A,167.69,39.42
2025-09-24,Product A,164.79,13.77
2025-09-24,Product A,152.33,30.31
2025-09-24,Product A,178.7,17.84
2025-09-24,Product A,154.06,21.54
2025-09-24,Product A,161.96,16.53
2025-09-24,Product B,127.04,12.42
2025-09-24,Product B,124.32,16.06
2025-09-24,Product B,119.4,21.59
2025-09-24,Product B,161.05,14.68
2025-09-24,Product B,145.55,22.98
2025-09-24,Product B,152.51,25.82
2025-09-24,Product C,142.63,13.67
2025-09-24,Product C,127.61,37.59
2025-09-24,Product D,92.37,10.0
2025-09-24,Product D,43.42,17.09
2025-09-25,Product A,146.51,24.47
2025-09-25,Product A,194.92,43.25
2025-09-25,Product A,138.72,21.08
2025-09-25,Product A,199.88,38.04
2025-09-25,Product A,174.3,27.89
2025-09-25,Product A,161.56,29.77
2025-09-25,Product A,164.45,27.62
2025-09-25,Product A,171.73,23.77
2025-09-25,Product A,181.71,54.2
2025-09-25,Product A,130.91,24.85
2025-09-25,Product B,161.76,36.9
2025-09-25,Product B,149.23,34.43
2025-09-25,Product C,93.16,13.85
2025-09-25,Product C,123.21,26.97
2025-09-25,Product C,126.23,36.45
2025-09-25,Product D,109.26,12.1
2025-09-25,Product D,96.18,20.21
2025-09-25,Product D,120.73,25.13
2025-09-25,Product D,79.73,13.49
2025-09-25,Product D,123.0,31.35
2025-09-25,Product D,86.52,17.14
2025-09-25,Product D,60.52,16.42
2025-09-26,Product A,154.63,25.57
2025-09-26,Product A,134.84,24.0
2025-09-26,Product A,179.9,28.76
2025-09-26,Product A,134.47,30.77
2025-09-26,Product A,178.02,24.46
2025-09-26,Product A,163.83,15.85
2025-09-26,Product A,147.44,20.76
2025-09-26,Product A,197.03,28.38
2025-09-26,Product A,184.08,26.99
2025-09-26,Product A,175.45,28.7
2025-09-26,Product A,189.21,27.89
2025-09-26,Product B,106.77,19.78
2025-09-26,Product B,120.19,16.49
2025-09-26,Product B,148.11,10.0
2025-09-26,Product B,150.21,40.76
2025-09-26,Product B,135.02,25.03
2025-09-26,Product B,167.55,27.17
2025-09-26,Product B,132.22,10.0
2025-09-26,Product B,159.1,26.14
2025-09-26,Product C,89.25,14.33
2025-09-26,Product C,162.3,44.72
2025-09-26,Product C,122.15,19.35
2025-09-26,Product C,108.36,24.43
2025-09-26,Product C,120.83,25.86
2025-09-26,Product C,119.32,24.54
2025-09-26,Product D,76.97,17.82
2025-09-26,Product D,86.45,30.84
2025-09-26,Product D,106.14,12.86
2025-09-26,Product D,109.77,17.95
2025-09-27,Product A,157.56,35.58
2025-09-27,Product A,183.83,44.93
2025-09-27,Product A,219.89,29.14
2025-09-27,Product A,171.55,19.75
2025-09-27,Product A,152.89,20.95
2025-09-27,Product A,146.74,16.53
2025-09-27,Product B,206.81,31.55
2025-09-27,Product B,146.58,14.56
2025-09-27,Product B,182.53,39.99
2025-09-27,Product C,122.1,10.0
2025-09-27,Product C,98.36,27.14
2025-09-27,Product C,146.68,41.14
2025-09-27,Product C,84.98,21.11
2025-09-27,Product C,142.34,18.05
2025-09-27,Product D,101.02,19.82
2025-09-28,Product A,169.13,32.29
2025-09-28,Product A,163.3,24.48
2025-09-28,Product A,172.03,13.88
2025-09-28,Product A,180.49,30.68
2025-09-28,Product A,170.87,36.73
2025-09-28,Product B,159.62,34.6
2025-09-28,Product B,155.65,24.37
2025-09-28,Product B,98.63,22.92
2025-09-28,Product B,171.88,34.38
2025-09-28,Product B,125.65,26.75
2025-09-28,Product C,121.94,28.58
2025-09-28,Product C,114.31,36.97
2025-09-28,Product C,100.18,17.34
2025-09-28,Product C,120.24,33.48
2025-09-28,Product C,87.06,10.0
2025-09-28,Product C,75.17,16.8
2025-09-28,Product C,95.4,17.91
2025-09-28,Product C,134.55,24.47
2025-09-28,Product D,105.45,17.66
2025-09-28,Product D,91.29,28.43
2025-09-29,Product A,165.4,33.55
2025-09-29,Product A,161.84,29.4
2025-09-29,Product A,189.18,27.67
2025-09-29,Product A,156.44,17.04
2025-09-29,Product A,146.58,10.29
2025-09-29,Product A,186.06,46.1
2025-09-29,Product A,201.36,21.22
2025-09-29,Product B,100.83,19.27
2025-09-29,Product B,121.6,22.27
2025-09-29,Product B,110.65,23.15
2025-09-29,Product C,114.14,20.46
2025-09-29,Product C,85.88,22.52
2025-09-29,Product C,110.1,15.62
2025-09-29,Product D,108.62,14.61
2025-09-29,Product D,95.71,22.23
2025-09-29,Product D,84.66,22.11
2025-09-30,Product A,137.74,14.67
2025-09-30,Product A,192.59,17.37
2025-09-30,Product A,194.84,32.68
2025-09-30,Product A,143.77,19.78
2025-09-30,Product A,147.62,32.03
2025-09-30,Product A,186.11,17.89
2025-09-30,Product A,161.12,20.48
2025-09-30,Product A,198.46,22.94
2025-09-30,Product B,105.34,11.89
2025-09-30,Product B,125.0,14.28
2025-09-30,Product B,189.02,32.58
2025-09-30,Product B,150.4,11.36
2025-09-30,Product B,130.61,23.93
2025-09-30,Product B,122.46,28.08
2025-09-30,Product B,118.54,17.86
2025-09-30,Product B,132.11,23.77
2025-09-30,Product B,130.91,20.09
2025-09-30,Product C,125.24,26.84
2025-09-30,Product C,110.53,30.69
2025-09-30,Product D,132.32,18.39
2025-09-30,Product D,111.94,10.0
2025-10-01,Product A,157.67,27.05
2025-10-01,Product A,164.45,21.67
2025-10-01,Product A,163.62,29.4
2025-10-01,Product B,166.23,28.96
2025-10-01,Product B,153.62,28.55
2025-10-01,Product B,142.99,20.06
2025-10-01,Product B,193.71,29.32
2025-10-01,Product B,130.35,25.63
2025-10-01,Product C,95.56,30.53
2025-10-01,Product C,133.76,19.31
2025-10-01,Product C,159.1,40.27
2025-10-01,Product D,129.98,29.87
2025-10-02,Product A,140.66,12.14
2025-10-02,Product A,182.43,10.2
2025-10-02,Product A,174.52,25.84
2025-10-02,Product A,198.78,29.84
2025-10-02,Product A,184.51,28.19
2025-10-02,Product A,172.5,35.22
2025-10-02,Product A,159.82,35.14
2025-10-02,Product B,123.12,26.21
2025-10-02,Product B,155.95,27.33
2025-10-02,Product B,120.29,26.58
2025-10-02,Product B,118.06,29.34
2025-10-02,Product B,207.86,38.27
2025-10-02,Product B,157.83,22.89
2025-10-02,Product C,113.2,23.52
2025-10-02,Product C,141.22,30.81
2025-10-02,Product C,131.68,27.4
2025-10-02,Product C,112.47,13.49
2025-10-02,Product C,76.49,14.74
2025-10-02,Product C,121.24,16.38
2025-10-02,Product D,74.87,19.73
2025-10-02,Product D,103.52,13.55
2025-10-03,Product A,203.96,36.73
2025-10-03,Product A,132.28,16.78
2025-10-03,Product A,186.98,29.55
2025-10-03,Product A,158.73,38.19
2025-10-03,Product A,146.96,18.6
2025-10-03,Product A,174.65,32.81
2025-10-03,Product A,180.92,38.05
2025-10-03,Product A,174.37,33.56
2025-10-03,Product A,164.3,28.43
2025-10-03,Product A,172.37,31.02
2025-10-03,Product A,187.0,36.23
2025-10-03,Product A,170.97,22.59
2025-10-03,Product A,171.49,28.93
2025-10-03,Product A,174.25,47.27
2025-10-03,Product A,158.48,30.32
2025-10-03,Product B,152.02,35.92
2025-10-03,Product B,142.91,21.64
2025-10-03,Product B,204.49,37.92
2025-10-03,Product B,129.17,16.4
2025-10-03,Product B,124.26,28.62
2025-10-03,Product B,136.98,24.31
2025-10-03,Product B,143.6,30.26
2025-10-03,Product B,126.37,12.88
2025-10-03,Product C,108.53,16.32
2025-10-03,Product C,148.63,37.77
2025-10-03,Product C,133.31,39.31
2025-10-03,Product C,181.88,26.34
2025-10-03,Product C,103.76,17.9
2025-10-03,Product D,102.37,22.93
2025-10-03,Product D,105.58,27.29
2025-10-03,Product D,108.27,20.83
2025-10-04,Product A,214.24,40.81
2025-10-04,Product A,185.97,24.17
2025-10-04,Product A,148.02,25.46
2025-10-04,Product A,173.81,14.7
2025-10-04,Product A,166.03,28.34
2025-10-04,Product A,165.27,21.59
2025-10-04,Product A,158.13,25.47
2025-10-04,Product B,135.45,29.35
2025-10-04,Product B,166.55,38.65
2025-10-04,Product B,184.12,24.37
2025-10-04,Product B,145.31,24.79
2025-10-04,Product B,142.84,19.09
2025-10-04,Product B,112.32,19.84
2025-10-04,Product C,132.74,46.69
2025-10-04,Product C,126.1,31.62
2025-10-04,Product C,96.29,10.89
2025-10-04,Product C,154.82,26.67
2025-10-04,Product C,97.03,21.03
2025-10-04,Product D,122.05,20.4
2025-10-04,Product D,64.34,21.7
2025-10-05,Product A,168.8,38.02
2025-10-05,Product A,147.2,24.35
2025-10-05,Product A,184.85,12.37
2025-10-05,Product B,148.04,23.61
2025-10-05,Product B,155.51,32.75
2025-10-05,Product B,158.39,25.21
2025-10-05,Product B,104.38,14.1
2025-10-05,Product B,154.16,17.48
2025-10-05,Product B,158.89,34.28
2025-10-05,Product B,147.79,10.0
2025-10-05,Product C,120.29,35.3
2025-10-05,Product C,126.09,31.41
2025-10-05,Product C,127.99,33.74
2025-10-05,Product C,170.1,45.19
2025-10-05,Product D,120.11,36.05
2025-10-06,Product A,163.27,23.83
2025-10-06,Product A,150.42,10.0
2025-10-06,Product A,160.44,30.23
2025-10-06,Product A,159.15,42.54
2025-10-06,Product A,170.29,39.28
2025-10-06,Product B,146.23,28.83
2025-10-06,Product B,153.06,23.71
2025-10-06,Product B,153.91,44.04
2025-10-06,Product C,67.57,19.0
2025-10-06,Product C,71.17,27.42
2025-10-06,Product C,123.73,35.22
2025-10-06,Product C,100.15,10.0
2025-10-06,Product D,84.19,19.2
2025-10-07,Product A,124.8,19.71
2025-10-07,Product A,187.86,24.18
2025-10-07,Product A,166.12,22.71
2025-10-07,Product A,203.04,40.51
2025-10-07,Product A,184.33,36.31
2025-10-07,Product B,123.04,18.1
2025-10-07,Product B,155.57,46.7
2025-10-07,Product B,177.56,39.14
2025-10-07,Product B,136.47,16.13
2025-10-07,Product B,162.36,18.8
2025-10-07,Product B,139.75,22.84
2025-10-07,Product B,180.04,27.77
2025-10-07,Product B,91.34,19.56
2025-10-07,Product C,144.71,31.48
2025-10-07,Product C,76.86,22.56
2025-10-07,Product C,83.48,20.84
2025-10-07,Product C,100.48,12.83
2025-10-07,Product C,110.28,22.8
2025-10-07,Product C,105.83,27.99
2025-10-07,Product C,110.19,32.08
2025-10-07,Product C,126.19,22.18
2025-10-07,Product C,100.95,10.0
2025-10-07,Product C,126.4,24.97
2025-10-07,Product D,57.54,10.0
2025-10-07,Product D,119.42,37.13
2025-10-07,Product D,78.61,12.24
2025-10-08,Product A,194.94,49.99
2025-10-08,Product A,157.31,26.61
2025-10-08,Product A,210.09,23.54
2025-10-08,Product A,192.61,24.6
2025-10-08,Product A,172.25,27.34
2025-10-08,Product A,148.92,17.45
2025-10-08,Product B,161.27,33.97
2025-10-08,Product B,202.28,31.38
2025-10-08,Product B,134.92,29.09
2025-10-08,Product B,163.02,23.43
2025-10-08,Product B,136.13,27.47
2025-10-08,Product C,77.83,10.0
2025-10-08,Product C,91.11,18.81
2025-10-08,Product C,93.84,15.02
2025-10-08,Product C,102.97,19.13
2025-10-08,Product C,149.1,38.1
2025-10-08,Product D,50.3,12.76
2025-10-08,Product D,111.77,22.35
2025-10-08,Product D,134.96,22.64
2025-10-08,Product D,99.78,21.67
2025-10-08,Product D,92.79,19.5
2025-10-08,Product D,97.36,28.2
2025-10-09,Product A,153.24,34.78
2025-10-09,Product A,218.63,36.19
2025-10-09,Product A,121.76,16.31
2025-10-09,Product A,197.1,37.93
2025-10-09,Product A,175.48,37.9
2025-10-09,Product A,180.66,40.45
2025-10-09,Product B,182.55,32.76
2025-10-09,Product B,162.71,28.65
2025-10-09,Product B,132.1,22.54
2025-10-09,Product B,176.59,34.46
2025-10-09,Product B,107.35,16.53
2025-10-09,Product C,80.39,32.83
2025-10-09,Product C,135.01,29.14
2025-10-09,Product C,111.83,33.26
2025-10-09,Product D,100.38,23.25
2025-10-09,Product D,91.15,28.42
2025-10-10,Product A,163.14,43.9
2025-10-10,Product A,131.83,26.41
2025-10-10,Product A,133.06,21.75
2025-10-10,Product A,160.46,10.6
2025-10-10,Product A,178.56,27.31
2025-10-10,Product A,123.82,27.77
2025-10-10,Product A,201.57,46.19
2025-10-10,Product A,177.9,30.61
2025-10-10,Product A,199.22,47.33
2025-10-10,Product B,159.08,38.83
2025-10-10,Product B,149.02,24.75
2025-10-10,Product B,153.39,19.55
2025-10-10,Product B,123.8,31.18
2025-10-10,Product B,175.19,21.85
2025-10-10,Product B,166.3,27.58
2025-10-10,Product C,101.9,32.32
2025-10-10,Product C,126.31,12.48
2025-10-10,Product C,142.84,27.07
2025-10-10,Product C,151.05,32.53
2025-10-10,Product C,124.5,36.82
2025-10-10,Product C,100.26,14.11
2025-10-10,Product C,115.68,32.07
2025-10-10,Product C,90.72,10.0
2025-10-10,Product C,138.12,25.56
2025-10-10,Product C,111.37,10.0
2025-10-10,Product C,105.06,23.05
2025-10-10,Product D,82.86,16.99
2025-10-10,Product D,124.77,39.18
2025-10-10,Product D,77.03,16.61
2025-10-10,Product D,96.98,13.45
2025-10-10,Product D,93.77,20.67
2025-10-10,Product D,120.08,36.08
2025-10-11,Product A,201.84,33.06
2025-10-11,Product A,206.09,30.93
2025-10-11,Product A,176.41,49.13
2025-10-11,Product A,146.74,10.0
2025-10-11,Product A,198.3,27.1
2025-10-11,Product A,169.54,24.13
2025-10-11,Product A,175.9,22.3
2025-10-11,Product B,136.21,20.98
2025-10-11,Product B,144.56,19.33
2025-10-11,Product B,160.2,38.72
2025-10-11,Product B,134.78,26.79
2025-10-11,Product B,139.73,26.68
2025-10-11,Product B,179.45,34.58
2025-10-11,Product B,105.98,21.65
2025-10-11,Product C,123.11,13.03
2025-10-11,Product C,114.73,35.54
2025-10-11,Product C,77.99,10.0
2025-10-11,Product C,97.3,20.9
2025-10-11,Product D,70.54,22.2
2025-10-11,Product D,121.1,28.33
2025-10-11,Product D,91.12,23.25
2025-10-11,Product D,32.05,10.0
2025-10-11,Product D,92.51,19.95
2025-10-11,Product D,110.54,23.72
2025-10-11,Product D,69.92,14.25
2025-10-12,Product A,173.87,39.88
2025-10-12,Product A,131.84,23.85
2025-10-12,Product A,157.12,23.74
2025-10-12,Product A,150.09,24.16
2025-10-12,Product B,124.22,19.24
2025-10-12,Product B,199.08,44.98
2025-10-12,Product B,126.24,26.64
2025-10-12,Product B,126.71,10.0
2025-10-12,Product B,167.43,37.74
2025-10-12,Product B,168.01,24.8
2025-10-12,Product B,141.33,30.02
2025-10-12,Product C,84.38,19.47
2025-10-12,Product D,114.18,19.56
2025-10-12,Product D,59.43,10.0
2025-10-12,Product D,114.56,20.87
2025-10-12,Product D,79.73,10.0
2025-10-13,Product A,182.23,27.27
2025-10-13,Product A,180.24,22.55
2025-10-13,Product A,203.1,29.24
2025-10-13,Product A,181.02,39.3
2025-10-13,Product A,178.46,31.09
2025-10-13,Product A,170.24,28.49
2025-10-13,Product A,157.31,23.15
2025-10-13,Product A,202.55,33.57
2025-10-13,Product B,139.29,31.44
2025-10-13,Product B,164.23,20.06
2025-10-13,Product B,126.18,22.32
2025-10-13,Product B,182.97,15.78
2025-10-13,Product B,151.12,14.68
2025-10-13,Product B,131.04,19.36
2025-10-13,Product B,135.75,18.81
2025-10-13,Product B,145.16,20.4
2025-10-13,Product C,86.1,21.33
2025-10-13,Product C,134.87,21.42
2025-10-13,Product C,120.2,25.51
2025-10-13,Product D,116.57,33.41
2025-10-13,Product D,73.09,20.03
2025-10-13,Product D,92.63,24.81
2025-10-13,Product D,100.07,31.59
2025-10-14,Product A,156.34,32.87
2025-10-14,Product A,191.47,31.31
2025-10-14,Product A,201.48,45.2
2025-10-14,Product A,175.35,23.23
2025-10-14,Product A,204.66,34.3
2025-10-14,Product A,172.78,26.66
2025-10-14,Product A,150.42,13.82
2025-10-14,Product B,104.44,12.33
2025-10-14,Product B,121.38,10.0
2025-10-14,Product B,147.57,10.0
2025-10-14,Product B,115.91,15.41
2025-10-14,Product B,126.71,24.71
2025-10-14,Product B,151.72,32.94
2025-10-14,Product B,161.55,36.59
2025-10-14,Product B,144.96,27.07
2025-10-14,Product C,117.93,20.64
2025-10-14,Product C,105.43,13.51
2025-10-14,Product C,141.53,31.77
2025-10-14,Product C,101.02,28.69
2025-10-14,Product C,107.67,12.44
2025-10-14,Product D,120.14,26.59
2025-10-14,Product D,68.62,19.45
2025-10-14,Product D,84.33,33.66
2025-10-15,Product A,147.57,32.38
2025-10-15,Product A,154.12,27.99
2025-10-15,Product A,142.0,18.98
2025-10-15,Product A,155.12,33.56
2025-10-15,Product A,187.62,34.11
2025-10-15,Product B,128.39,10.0
2025-10-15,Product B,106.13,29.42
2025-10-15,Product B,136.17,17.14
2025-10-15,Product B,181.14,40.92
2025-10-15,Product B,145.54,22.39
2025-10-15,Product C,136.61,27.7
2025-10-15,Product C,64.65,10.0
2025-10-15,Product C,97.6,25.72
2025-10-15,Product C,122.5,28.42
2025-10-15,Product C,162.92,25.69
2025-10-15,Product C,119.4,28.7
2025-10-15,Product D,59.8,24.44
2025-10-16,Product A,168.83,28.46
2025-10-16,Product A,157.15,27.67
2025-10-16,Product A,177.0,23.82
2025-10-16,Product B,135.16,24.66
2025-10-16,Product B,179.89,32.36
2025-10-16,Product B,175.44,34.95
2025-10-16,Product B,180.8,30.26
2025-10-16,Product B,197.58,29.71
2025-10-16,Product B,128.14,12.1
2025-10-16,Product B,196.28,39.92
2025-10-16,Product C,85.95,16.79
2025-10-16,Product C,109.82,10.0
2025-10-16,Product C,143.33,29.37
2025-10-16,Product D,87.23,15.82
2025-10-17,Product A,153.23,24.69
2025-10-17,Product A,170.29,34.84
2025-10-17,Product A,140.12,17.09
2025-10-17,Product A,176.01,29.12
2025-10-17,Product A,182.58,21.2
2025-10-17,Product A,177.86,38.97
2025-10-17,Product A,180.71,31.83
2025-10-17,Product A,167.89,21.86
2025-10-17,Product A,168.42,38.71
2025-10-17,Product A,167.38,21.34
2025-10-17,Product A,159.17,28.67
2025-10-17,Product B,176.32,37.94
2025-10-17,Product B,124.45,13.93
2025-10-17,Product B,143.33,20.76
2025-10-17,Product C,145.93,33.7
2025-10-17,Product C,174.38,39.73
2025-10-17,Product C,113.62,25.03
2025-10-17,Product C,125.64,31.12
2025-10-17,Product D,60.44,19.46
2025-10-17,Product D,122.89,20.18
2025-10-17,Product D,94.8,10.0
2025-10-18,Product A,158.51,23.18
2025-10-18,Product A,186.27,22.37
2025-10-18,Product A,150.08,26.75
2025-10-18,Product A,191.33,42.43
2025-10-18,Product B,120.06,31.04
2025-10-18,Product B,130.56,38.3
2025-10-18,Product B,158.01,18.73
2025-10-18,Product C,120.98,32.68
2025-10-18,Product C,122.9,16.69
2025-10-18,Product C,102.11,24.35
2025-10-18,Product D,111.47,19.19
2025-10-18,Product D,91.63,13.57
2025-10-18,Product D,67.53,17.52
2025-10-19,Product A,155.27,26.81
2025-10-19,Product A,156.28,22.36
2025-10-19,Product A,145.25,34.82
2025-10-19,Product A,193.45,37.19
2025-10-19,Product A,213.39,34.76
2025-10-19,Product A,236.7,38.42
2025-10-19,Product A,175.61,26.67
2025-10-19,Product A,178.19,36.98
2025-10-19,Product A,167.49,42.69
2025-10-19,Product B,127.92,43.12
2025-10-19,Product B,139.2,12.01
2025-10-19,Product B,129.64,21.63
2025-10-19,Product B,157.03,31.13
2025-10-19,Product B,159.89,22.02
2025-10-19,Product C,135.15,37.55
2025-10-19,Product C,120.86,32.8
2025-10-19,Product C,81.25,24.78
2025-10-19,Product C,123.9,32.27
2025-10-19,Product C,128.36,20.34
2025-10-19,Product D,107.43,29.16
2025-10-20,Product A,138.71,17.01
2025-10-20,Product A,171.9,19.78
2025-10-20,Product A,167.45,36.93
2025-10-20,Product A,141.36,22.38
2025-10-20,Product B,137.46,27.21
2025-10-20,Product B,152.05,34.02
2025-10-20,Product B,132.94,22.93
2025-10-20,Product B,143.65,30.05
2025-10-20,Product B,122.45,28.95
2025-10-20,Product B,155.26,15.86
2025-10-20,Product C,106.98,16.22
2025-10-20,Product C,118.62,31.02
2025-10-20,Product C,88.04,15.78
2025-10-20,Product C,153.22,25.11
2025-10-20,Product C,139.13,26.73
2025-10-20,Product C,132.01,37.82
2025-10-20,Product C,136.31,37.26
2025-10-20,Product D,100.71,24.22
2025-10-20,Product D,105.67,25.94
2025-10-21,Product A,155.76,39.63
2025-10-21,Product A,150.72,22.92
2025-10-21,Product A,172.36,20.56
2025-10-21,Product A,177.27,43.03
2025-10-21,Product A,159.21,30.23
2025-10-21,Product A,109.51,18.31
2025-10-21,Product A,163.11,21.18
2025-10-21,Product A,193.79,30.33
2025-10-21,Product A,166.1,25.22
2025-10-21,Product B,166.14,11.36
2025-10-21,Product C,142.2,20.41
2025-10-21,Product C,143.61,28.35
2025-10-21,Product C,97.37,19.68
2025-10-21,Product C,126.1,23.78
2025-10-21,Product C,132.19,24.42
2025-10-21,Product C,133.65,32.94
2025-10-21,Product D,107.11,40.06
2025-10-21,Product D,115.67,33.26
2025-10-22,Product A,193.92,39.87
2025-10-22,Product A,166.44,22.93
2025-10-22,Product A,194.98,39.34
2025-10-22,Product A,134.66,20.39
2025-10-22,Product A,173.64,35.75
2025-10-22,Product A,190.02,34.57
2025-10-22,Product A,182.88,31.6
2025-10-22,Product A,155.18,24.29
2025-10-22,Product A,170.42,28.69
2025-10-22,Product B,139.57,27.63
2025-10-22,Product B,121.26,10.0
2025-10-22,Product B,137.34,29.46
2025-10-22,Product C,131.86,21.67
2025-10-22,Product C,121.43,30.08
2025-10-22,Product C,138.16,23.95
2025-10-22,Product C,112.41,10.0
2025-10-22,Product C,106.33,19.2
2025-10-22,Product D,45.3,11.69
2025-10-22,Product D,74.58,20.29
2025-10-23,Product A,156.62,31.63
2025-10-23,Product A,163.86,20.14
2025-10-23,Product A,163.88,29.67
2025-10-23,Product A,177.15,45.14
2025-10-23,Product A,155.28,25.81
2025-10-23,Product A,179.37,30.31
2025-10-23,Product A,158.99,14.63
2025-10-23,Product A,158.76,18.4
2025-10-23,Product A,132.01,16.08
2025-10-23,Product B,168.14,16.46
2025-10-23,Product B,117.55,25.66
2025-10-23,Product B,181.76,34.85
2025-10-23,Product B,144.11,10.0
2025-10-23,Product B,100.51,18.12
2025-10-23,Product B,137.12,14.46
2025-10-23,Product B,146.44,25.82
2025-10-23,Product B,165.78,29.28
2025-10-23,Product B,172.02,29.31
2025-10-23,Product C,91.86,24.42
2025-10-23,Product C,105.67,24.05
2025-10-23,Product C,113.75,40.43
2025-10-23,Product C,163.61,36.37
2025-10-23,Product C,121.41,23.72
2025-10-23,Product C,144.33,29.12
2025-10-23,Product C,110.73,32.19
2025-10-23,Product C,108.16,23.49
2025-10-23,Product C,85.21,24.38
2025-10-23,Product C,162.7,41.56
2025-10-23,Product C,152.16,26.71
2025-10-23,Product C,125.2,20.0
2025-10-23,Product D,64.61,18.15
2025-10-23,Product D,140.41,41.79
2025-10-23,Product D,53.29,23.09
2025-10-23,Product D,115.6,13.07
2025-10-24,Product A,191.44,43.03
2025-10-24,Product A,189.24,40.82
2025-10-24,Product A,186.12,33.76
2025-10-24,Product A,171.97,27.34
2025-10-24,Product A,143.33,16.72
2025-10-24,Product A,163.8,29.78
2025-10-24,Product A,201.7,33.95
2025-10-24,Product A,192.08,41.29
2025-10-24,Product A,164.91,32.79
2025-10-24,Product A,164.64,38.57
2025-10-24,Product B,131.24,30.92
2025-10-24,Product B,152.85,23.55
2025-10-24,Product B,154.82,25.84
2025-10-24,Product B,145.28,29.95
2025-10-24,Product B,129.0,22.25
2025-10-24,Product B,138.13,10.8
2025-10-24,Product B,124.75,33.75
2025-10-24,Product B,153.46,15.5
2025-10-24,Product B,111.11,17.99
2025-10-24,Product C,90.61,27.43
2025-10-24,Product C,112.63,31.68
2025-10-24,Product C,102.09,23.88
2025-10-24,Product C,127.74,26.87
2025-10-24,Product D,118.08,19.89
2025-10-24,Product D,107.51,17.71
2025-10-24,Product D,68.94,23.44
2025-10-25,Product A,182.79,24.46
2025-10-25,Product A,185.79,32.49
2025-10-25,Product A,142.37,22.84
2025-10-25,Product A,200.39,47.48
2025-10-25,Product B,160.97,33.64
2025-10-25,Product B,152.99,25.43
2025-10-25,Product B,131.62,10.0
2025-10-25,Product C,118.64,28.57
2025-10-25,Product C,164.71,28.05
2025-10-25,Product C,124.47,20.99
2025-10-25,Product C,107.97,23.36
2025-10-25,Product C,149.64,47.33
2025-10-25,Product C,129.86,25.56
2025-10-25,Product D,125.71,35.4
2025-10-25,Product D,148.19,21.49
2025-10-25,Product D,127.08,28.52
2025-10-26,Product A,169.14,33.91
2025-10-26,Product A,153.16,21.4
2025-10-26,Product A,159.8,12.34
2025-10-26,Product B,139.16,26.28
2025-10-26,Product B,131.19,15.23
2025-10-26,Product B,168.15,28.07
2025-10-26,Product C,90.39,10.0
2025-10-26,Product C,156.63,33.74
2025-10-26,Product C,105.76,21.08
2025-10-26,Product C,87.5,30.63
2025-10-26,Product C,111.35,35.44
2025-10-26,Product C,121.14,38.09
2025-10-26,Product C,125.65,34.47
2025-10-26,Product C,135.82,34.87
2025-10-26,Product C,127.65,26.22
2025-10-26,Product C,162.14,28.42
2025-10-26,Product C,120.09,26.54
2025-10-26,Product C,128.85,24.91
2025-10-26,Product C,126.92,26.57
2025-10-26,Product D,105.73,27.47
2025-10-26,Product D,107.48,10.0
2025-10-26,Product D,65.06,30.1
2025-10-26,Product D,71.96,20.72
2025-10-27,Product A,168.12,13.07
2025-10-27,Product A,140.91,34.22
2025-10-27,Product A,152.63,20.35
2025-10-27,Product A,166.36,19.78
2025-10-27,Product A,143.01,23.91
2025-10-27,Product A,150.39,19.64
2025-10-27,Product A,152.81,30.16
2025-10-27,Product A,164.89,26.6
2025-10-27,Product A,183.13,30.0
2025-10-27,Product A,163.88,31.62
2025-10-27,Product A,184.7,30.22
2025-10-27,Product A,171.77,22.95
2025-10-27,Product B,155.02,28.6
2025-10-27,Product B,146.02,30.39
2025-10-27,Product C,133.91,31.72
2025-10-27,Product C,125.43,21.71
2025-10-27,Product C,135.43,52.56
2025-10-27,Product C,111.75,25.15
2025-10-27,Product D,128.98,22.99
2025-10-28,Product A,154.01,36.58
2025-10-28,Product A,163.8,22.79
2025-10-28,Product A,166.08,34.3
2025-10-28,Product A,165.0,24.08
2025-10-28,Product A,165.63,17.98
2025-10-28,Product A,178.73,16.09
2025-10-28,Product A,160.23,33.31
2025-10-28,Product A,176.67,34.76
2025-10-28,Product B,115.43,22.99
2025-10-28,Product B,157.01,35.42
2025-10-28,Product B,124.4,13.9
2025-10-28,Product B,155.12,25.8
2025-10-28,Product B,103.51,20.6
2025-10-28,Product B,104.25,10.16
2025-10-28,Product C,120.94,40.86
2025-10-28,Product C,109.16,20.2
2025-10-28,Product C,154.07,30.9
2025-10-28,Product D,58.49,10.0
2025-10-28,Product D,113.46,24.56
2025-10-28,Product D,87.98,13.37
2025-10-29,Product A,175.89,27.46
2025-10-29,Product A,158.41,24.97
2025-10-29,Product A,195.27,27.34
2025-10-29,Product A,168.62,30.13
2025-10-29,Product A,204.33,32.33
2025-10-29,Product A,191.09,42.34
2025-10-29,Product A,168.6,26.98
2025-10-29,Product B,192.16,31.24
2025-10-29,Product B,127.96,33.2
2025-10-29,Product B,151.2,30.33
2025-10-29,Product B,141.96,21.58
2025-10-29,Product B,141.27,12.95
2025-10-29,Product B,143.07,26.69
2025-10-29,Product C,102.16,27.2
2025-10-29,Product C,103.68,11.98
2025-10-29,Product C,112.34,25.45
2025-10-29,Product C,78.81,10.0
2025-10-29,Product C,120.23,23.19
2025-10-29,Product D,57.25,10.0
2025-10-29,Product D,104.18,36.23
2025-10-29,Product D,101.93,26.93
2025-10-29,Product D,95.39,12.77
2025-10-30,Product A,145.29,27.26
2025-10-30,Product A,141.36,26.4
2025-10-30,Product A,159.25,38.33
2025-10-30,Product A,177.12,40.0
2025-10-30,Product B,135.9,21.01
2025-10-30,Product B,129.03,12.21
2025-10-30,Product C,133.8,16.65
2025-10-30,Product C,89.9,34.11
2025-10-30,Product D,109.58,11.93
2025-10-30,Product D,89.92,10.0
2025-10-31,Product A,140.95,10.0
2025-10-31,Product A,164.63,25.46
2025-10-31,Product A,155.67,28.23
2025-10-31,Product A,178.69,32.96
2025-10-31,Product A,163.05,18.91
2025-10-31,Product A,184.65,31.49
2025-10-31,Product A,189.54,38.54
2025-10-31,Product B,149.59,35.03
2025-10-31,Product B,155.33,26.95
2025-10-31,Product B,177.57,31.11
2025-10-31,Product B,138.3,16.81
2025-10-31,Product B,160.47,37.18
2025-10-31,Product B,143.89,34.92
2025-10-31,Product B,101.66,16.84
2025-10-31,Product C,120.57,10.5
2025-10-31,Product C,103.28,30.59
2025-10-31,Product C,106.16,16.72
2025-10-31,Product C,148.81,43.46
2025-10-31,Product D,72.24,10.0
2025-10-31,Product D,99.83,23.84
2025-10-31,Product D,132.42,23.79
2025-10-31,Product D,101.51,24.83
2025-10-31,Product D,89.42,25.63
2025-10-31,Product D,112.06,27.27
2025-11-01,Product A,192.52,35.0
2025-11-01,Product A,189.75,29.82
2025-11-01,Product A,197.31,38.36
2025-11-01,Product A,197.57,41.68
2025-11-01,Product A,207.09,30.01
2025-11-01,Product A,184.93,33.46
2025-11-01,Product A,232.19,41.66
2025-11-01,Product B,196.36,47.16
2025-11-01,Product B,185.01,30.55
2025-11-01,Product B,214.44,44.2
2025-11-01,Product B,174.19,29.65
2025-11-01,Product B,185.55,34.44
2025-11-01,Product B,151.4,13.4
2025-11-01,Product B,161.73,19.78
2025-11-01,Product B,167.09,33.48
2025-11-01,Product C,119.61,20.77
2025-11-01,Product C,116.18,26.3
2025-11-01,Product C,116.67,25.42
2025-11-01,Product C,88.24,11.71
2025-11-01,Product C,116.71,24.35
2025-11-01,Product C,107.54,22.24
2025-11-01,Product C,121.34,33.81
2025-11-01,Product C,117.82,29.11
2025-11-01,Product D,86.48,25.95
2025-11-01,Product D,110.7,29.06
2025-11-01,Product D,92.83,22.38
2025-11-02,Product A,210.86,35.09
2025-11-02,Product A,163.76,26.08
2025-11-02,Product A,209.04,34.25
2025-11-02,Product A,243.65,31.69
2025-11-02,Product A,194.36,12.14
2025-11-02,Product B,143.49,20.86
2025-11-02,Product B,197.85,51.85
2025-11-02,Product B,182.61,24.92
2025-11-02,Product B,155.18,30.8
2025-11-02,Product B,142.43,28.62
2025-11-02,Product B,199.24,37.36
2025-11-02,Product B,176.42,34.51
2025-11-02,Product B,185.01,25.23
2025-11-02,Product B,221.96,34.92
2025-11-02,Product C,132.29,23.96
2025-11-02,Product C,132.04,22.58
2025-11-02,Product C,106.61,32.47
2025-11-02,Product C,141.44,25.47
2025-11-02,Product C,103.86,17.68
2025-11-02,Product D,93.06,28.55
2025-11-02,Product D,88.31,17.72
2025-11-02,Product D,73.5,24.31
2025-11-03,Product A,242.92,42.91
2025-11-03,Product A,190.3,34.79
2025-11-03,Product A,209.29,63.21
2025-11-03,Product A,218.77,34.15
2025-11-03,Product B,213.25,39.26
2025-11-03,Product B,162.8,22.19
2025-11-03,Product B,168.94,31.61
2025-11-03,Product B,210.69,44.24
2025-11-03,Product B,191.28,21.86
2025-11-03,Product B,152.04,30.11
2025-11-03,Product C,103.58,14.22
2025-11-03,Product C,108.76,27.21
2025-11-03,Product C,127.41,11.23
2025-11-03,Product C,102.72,32.23
2025-11-03,Product C,121.74,15.45
2025-11-03,Product C,171.83,37.57
2025-11-03,Product C,128.46,31.46
2025-11-03,Product C,111.91,18.8
2025-11-03,Product C,166.68,44.7
2025-11-03,Product C,138.08,34.99
2025-11-03,Product C,97.93,31.76
2025-11-03,Product D,51.24,15.6
2025-11-03,Product D,141.64,42.28
2025-11-03,Product D,89.34,19.73
2025-11-03,Product D,114.53,34.17
2025-11-03,Product D,87.44,19.51
2025-11-04,Product A,242.86,50.96
2025-11-04,Product A,223.0,51.66
2025-11-04,Product A,204.0,47.66
2025-11-04,Product A,224.44,64.32
2025-11-04,Product B,224.15,32.76
2025-11-04,Product B,201.16,43.5
2025-11-04,Product B,196.75,25.76
2025-11-04,Product C,124.97,26.86
2025-11-04,Product C,134.1,29.75
2025-11-04,Product C,101.33,13.9
2025-11-04,Product D,89.11,16.14
2025-11-04,Product D,105.61,10.0
2025-11-04,Product D,77.61,24.92
2025-11-04,Product D,56.78,21.43
2025-11-04,Product D,128.25,25.26
2025-11-04,Product D,101.42,31.27
2025-11-05,Product A,237.98,38.98
2025-11-05,Product A,184.53,22.71
2025-11-05,Product A,221.18,52.35
2025-11-05,Product A,221.16,34.5
2025-11-05,Product A,229.36,37.08
2025-11-05,Product A,204.18,27.04
2025-11-05,Product B,178.38,33.64
2025-11-05,Product B,171.53,16.57
2025-11-05,Product B,162.2,37.82
2025-11-05,Product B,182.9,34.7
2025-11-05,Product B,175.5,24.56
2025-11-05,Product B,218.16,35.58
2025-11-05,Product B,171.5,37.92
2025-11-05,Product C,67.68,17.5
2025-11-05,Product C,120.83,26.93
2025-11-05,Product C,125.41,27.36
2025-11-05,Product C,118.84,31.05
2025-11-05,Product C,108.07,16.19
2025-11-05,Product C,186.52,35.31
2025-11-05,Product D,74.47,12.84
2025-11-05,Product D,117.99,29.73
2025-11-06,Product A,202.14,34.6
2025-11-06,Product A,207.0,18.88
2025-11-06,Product A,237.18,39.67
2025-11-06,Product A,201.83,29.83
2025-11-06,Product A,220.39,30.32
2025-11-06,Product A,162.89,30.95
2025-11-06,Product A,223.92,36.47
2025-11-06,Product A,187.25,32.54
2025-11-06,Product B,171.4,44.78
2025-11-06,Product B,189.0,34.84
2025-11-06,Product B,173.12,24.66
2025-11-06,Product B,133.15,30.39
2025-11-06,Product C,85.8,14.16
2025-11-06,Product C,95.0,35.07
2025-11-06,Product C,139.26,13.02
2025-11-06,Product D,105.45,17.66
2025-11-06,Product D,110.89,21.35
2025-11-06,Product D,88.77,24.42
2025-11-06,Product D,59.16,25.79
2025-11-06,Product D,99.01,32.03
2025-11-07,Product A,184.63,31.0
2025-11-07,Product A,202.26,28.9
2025-11-07,Product A,246.54,41.25
2025-11-07,Product A,240.44,36.61
2025-11-07,Product A,217.89,36.6
2025-11-07,Product A,175.15,41.2
2025-11-07,Product B,188.1,34.91
2025-11-07,Product B,211.13,45.14
2025-11-07,Product B,198.09,22.3
2025-11-07,Product B,165.95,20.18
2025-11-07,Product B,197.26,34.9
2025-11-07,Product C,131.63,31.98
2025-11-07,Product C,161.97,42.42
2025-11-07,Product C,110.7,30.9
2025-11-07,Product C,89.25,11.94
2025-11-07,Product D,71.29,19.08
2025-11-07,Product D,95.43,32.2
2025-11-07,Product D,95.15,14.78
2025-11-07,Product D,89.57,10.0
2025-11-08,Product A,220.9,37.13
2025-11-08,Product A,236.4,35.25
2025-11-08,Product A,234.2,44.12
2025-11-08,Product A,212.24,33.56
2025-11-08,Product A,265.89,38.67
2025-11-08,Product A,219.05,31.24
2025-11-08,Product B,192.53,34.79
2025-11-08,Product B,169.88,34.94
2025-11-08,Product C,112.95,38.93
2025-11-08,Product C,100.12,16.14
2025-11-08,Product C,98.66,24.29
2025-11-08,Product C,89.79,15.93
2025-11-08,Product C,72.65,17.91
2025-11-08,Product C,109.0,12.08
2025-11-08,Product C,143.88,21.19
2025-11-08,Product C,137.53,24.65
2025-11-08,Product C,155.23,40.15
2025-11-08,Product D,91.27,30.26
2025-11-08,Product D,78.53,18.01
2025-11-08,Product D,116.0,31.99
2025-11-09,Product A,214.15,44.72
2025-11-09,Product A,186.38,29.8
2025-11-09,Product A,216.65,31.2
2025-11-09,Product A,243.99,48.75
2025-11-09,Product A,218.88,51.56
2025-11-09,Product A,179.52,30.46
2025-11-09,Product A,220.56,30.18
2025-11-09,Product B,121.98,30.68
2025-11-09,Product B,184.26,24.77
2025-11-09,Product B,203.14,29.11
2025-11-09,Product B,166.1,31.1
2025-11-09,Product B,220.43,50.46
2025-11-09,Product B,189.16,35.86
2025-11-09,Product B,198.66,23.72
2025-11-09,Product B,195.42,27.35
2025-11-09,Product C,122.6,10.0
2025-11-09,Product C,123.94,32.4
2025-11-09,Product D,92.74,33.54
2025-11-09,Product D,101.85,25.91
2025-11-10,Product A,174.95,26.07
2025-11-10,Product A,231.17,51.67
2025-11-10,Product A,217.78,34.68
2025-11-10,Product A,229.16,45.91
2025-11-10,Product A,204.59,37.42
2025-11-10,Product A,238.47,55.66
2025-11-10,Product A,228.84,39.26
2025-11-10,Product A,211.31,40.38
2025-11-10,Product A,209.96,37.21
2025-11-10,Product A,189.23,42.55
2025-11-10,Product A,187.42,28.4
2025-11-10,Product A,214.65,52.42
2025-11-10,Product A,203.2,29.22
2025-11-10,Product B,180.33,31.2
2025-11-10,Product B,199.86,48.69
2025-11-10,Product B,189.8,27.95
2025-11-10,Product B,198.57,28.17
2025-11-10,Product B,158.52,12.87
2025-11-10,Product B,146.82,17.79
2025-11-10,Product C,153.43,28.85
2025-11-10,Product C,139.38,30.51
2025-11-10,Product C,119.07,19.51
2025-11-10,Product C,118.71,20.0
2025-11-10,Product C,123.74,25.33
2025-11-10,Product C,99.22,29.76
2025-11-10,Product D,75.91,17.26
2025-11-10,Product D,81.34,10.34
2025-11-10,Product D,59.3,10.18
2025-11-11,Product A,218.56,47.72
2025-11-11,Product A,220.91,43.95
2025-11-11,Product A,191.83,23.85
2025-11-11,Product A,248.01,42.97
2025-11-11,Product A,198.79,28.82
2025-11-11,Product A,198.22,28.03
2025-11-11,Product A,184.27,19.32
2025-11-11,Product A,208.21,30.65
2025-11-11,Product A,236.86,42.61
2025-11-11,Product A,218.34,31.17
2025-11-11,Product A,209.84,38.56
2025-11-11,Product A,228.26,38.05
2025-11-11,Product B,190.54,29.6
2025-11-11,Product B,163.5,32.21
2025-11-11,Product B,190.63,27.92
2025-11-11,Product B,205.66,27.9
2025-11-11,Product B,168.41,41.72
2025-11-11,Product B,200.36,31.2
2025-11-11,Product B,187.57,33.13
2025-11-11,Product C,125.44,36.63
2025-11-11,Product C,112.93,16.38
2025-11-11,Product C,127.15,25.36
2025-11-11,Product D,45.7,10.0
2025-11-11,Product D,94.92,14.63
2025-11-12,Product A,208.36,37.44
2025-11-12,Product A,229.07,29.1
2025-11-12,Product A,189.39,18.21
2025-11-12,Product A,231.56,41.37
2025-11-12,Product A,223.62,26.58
2025-11-12,Product A,251.77,37.93
2025-11-12,Product B,216.59,46.47
2025-11-12,Product B,189.35,24.28
2025-11-12,Product B,204.56,22.79
2025-11-12,Product B,216.47,38.4
2025-11-12,Product B,122.95,18.18
2025-11-12,Product B,195.64,31.36
2025-11-12,Product C,126.89,28.46
2025-11-12,Product C,85.75,10.0
2025-11-12,Product C,120.26,42.31
2025-11-12,Product C,132.74,15.4
2025-11-12,Product C,51.57,17.21
2025-11-12,Product C,117.88,35.06
2025-11-12,Product C,100.62,24.94
2025-11-12,Product D,106.94,23.41
2025-11-12,Product D,116.43,21.92
2025-11-12,Product D,65.78,30.29
2025-11-12,Product D,81.7,13.43
2025-11-12,Product D,93.55,21.12
2025-11-13,Product A,182.18,27.2
2025-11-13,Product A,197.71,45.37
2025-11-13,Product A,199.61,40.0
2025-11-13,Product A,198.19,30.07
2025-11-13,Product A,207.1,45.48
2025-11-13,Product A,170.92,18.53
2025-11-13,Product A,169.66,20.14
2025-11-13,Product B,207.66,38.53
2025-11-13,Product B,185.37,23.49
2025-11-13,Product B,147.46,15.95
2025-11-13,Product B,180.3,37.6
2025-11-13,Product C,120.54,23.95
2025-11-13,Product C,115.57,41.72
2025-11-13,Product D,80.84,13.55
2025-11-13,Product D,90.09,10.0
2025-11-13,Product D,108.1,29.11
2025-11-14,Product A,186.37,33.13
2025-11-14,Product A,182.76,21.48
2025-11-14,Product A,189.6,28.68
2025-11-14,Product A,233.11,44.26
2025-11-14,Product A,224.01,29.29
2025-11-14,Product A,200.59,36.28
2025-11-14,Product B,173.58,31.32
2025-11-14,Product B,216.29,35.39
2025-11-14,Product C,101.19,21.54
2025-11-14,Product C,133.52,39.42
2025-11-14,Product C,126.78,24.33
2025-11-14,Product C,74.19,16.89
2025-11-14,Product D,73.83,12.14
2025-11-14,Product D,92.91,14.24
2025-11-14,Product D,106.01,26.18
2025-11-14,Product D,71.06,25.21
2025-11-15,Product A,183.57,19.89
2025-11-15,Product A,237.2,49.89
2025-11-15,Product A,219.6,49.3
2025-11-15,Product A,235.75,45.55
2025-11-15,Product A,192.45,46.57
2025-11-15,Product A,224.3,35.04
2025-11-15,Product A,197.8,35.68
2025-11-15,Product B,169.77,26.75
2025-11-15,Product B,164.6,26.69
2025-11-15,Product B,222.82,48.96
2025-11-15,Product C,118.3,11.45
2025-11-15,Product C,144.71,48.36
2025-11-15,Product C,121.76,10.0
2025-11-15,Product C,133.4,22.12
2025-11-15,Product D,84.26,13.34
2025-11-15,Product D,97.77,18.23
2025-11-16,Product A,216.81,23.17
2025-11-16,Product A,254.31,31.72
2025-11-16,Product A,221.73,40.81
2025-11-16,Product A,218.56,33.2
2025-11-16,Product A,230.7,26.74
2025-11-16,Product A,211.05,31.37
2025-11-16,Product A,197.6,37.02
2025-11-16,Product A,236.2,37.41
2025-11-16,Product A,229.67,39.44
2025-11-16,Product A,192.86,30.72
2025-11-16,Product A,205.91,29.43
2025-11-16,Product A,221.93,39.61
2025-11-16,Product A,177.51,16.96
2025-11-16,Product B,188.98,28.77
2025-11-16,Product B,160.7,23.24
2025-11-16,Product B,155.06,33.43
2025-11-16,Product B,164.16,36.66
2025-11-16,Product B,172.44,20.97
2025-11-16,Product B,171.87,10.0
2025-11-16,Product B,178.59,29.0
2025-11-16,Product C,147.54,32.04
2025-11-16,Product C,142.31,19.54
2025-11-16,Product C,135.69,23.68
2025-11-16,Product D,55.22,10.0
2025-11-16,Product D,125.19,34.77
2025-11-16,Product D,71.92,15.8
2025-11-16,Product D,117.43,29.19
2025-11-17,Product A,212.11,33.88
2025-11-17,Product A,203.92,35.25
2025-11-17,Product A,213.26,27.87
2025-11-17,Product B,174.75,32.57
2025-11-17,Product B,134.63,30.01
2025-11-17,Product C,120.86,29.91
2025-11-17,Product C,121.54,33.52
2025-11-17,Product C,104.92,15.21
2025-11-17,Product C,105.95,24.11
2025-11-17,Product C,115.14,31.01
2025-11-17,Product C,148.7,24.91
2025-11-17,Product D,65.52,14.41
2025-11-17,Product D,106.2,21.34
2025-11-17,Product D,118.67,44.6
2025-11-17,Product D,74.16,10.0
2025-11-18,Product A,194.54,40.19
2025-11-18,Product A,204.14,32.62
2025-11-18,Product A,225.89,36.9
2025-11-18,Product A,207.33,35.33
2025-11-18,Product B,165.68,33.4
2025-11-18,Product B,185.02,20.07
2025-11-18,Product B,174.03,28.92
2025-11-18,Product B,170.02,40.76
2025-11-18,Product C,99.39,21.96
2025-11-18,Product C,120.29,15.53
2025-11-18,Product C,108.13,21.2
2025-11-18,Product D,90.99,10.0
2025-11-18,Product D,84.34,27.19
2025-11-18,Product D,58.0,13.66
2025-11-19,Product A,179.94,43.52
2025-11-19,Product A,216.39,29.54
2025-11-19,Product A,197.13,18.4
2025-11-19,Product A,188.31,40.14
2025-11-19,Product A,261.6,50.28
2025-11-19,Product A,210.48,32.33
2025-11-19,Product A,191.46,49.03
2025-11-19,Product A,208.35,52.34
2025-11-19,Product A,243.16,27.41
2025-11-19,Product A,197.85,28.28
2025-11-19,Product A,210.74,35.34
2025-11-19,Product A,278.42,38.71
2025-11-19,Product A,217.54,41.91
2025-11-19,Product A,212.47,37.0
2025-11-19,Product B,212.33,43.59
2025-11-19,Product B,182.82,21.71
2025-11-19,Product B,168.05,26.81
2025-11-19,Product B,186.8,27.93
2025-11-19,Product C,90.61,22.97
2025-11-19,Product C,136.28,25.59
2025-11-19,Product C,110.39,28.59
2025-11-19,Product C,104.29,16.68
2025-11-19,Product C,146.32,39.26
2025-11-19,Product C,133.23,36.72
2025-11-19,Product D,103.08,20.18
2025-11-19,Product D,114.09,12.41
2025-11-19,Product D,83.09,34.64
2025-11-19,Product D,81.23,15.96
2025-11-19,Product D,75.58,19.31
2025-11-19,Product D,78.8,15.85
2025-11-20,Product A,235.7,42.67
2025-11-20,Product A,193.23,32.07
2025-11-20,Product A,243.88,55.14
2025-11-20,Product A,245.02,47.93
2025-11-20,Product A,184.88,35.33
2025-11-20,Product A,185.19,19.58
2025-11-20,Product A,217.76,41.2
2025-11-20,Product B,164.68,34.98
2025-11-20,Product B,205.63,30.0
2025-11-20,Product B,194.24,27.73
2025-11-20,Product B,140.64,24.9
2025-11-20,Product B,170.89,25.53
2025-11-20,Product B,224.71,25.99
2025-11-20,Product B,189.67,24.29
2025-11-20,Product C,158.96,38.81
2025-11-20,Product C,100.26,24.77
2025-11-20,Product C,173.4,38.97
2025-11-20,Product C,152.16,27.55
2025-11-20,Product C,119.07,31.15
2025-11-20,Product D,88.15,30.2
2025-11-20,Product D,110.69,16.49
2025-11-20,Product D,72.26,19.83
2025-11-20,Product D,91.1,19.83
2025-11-20,Product D,118.6,32.16
2025-11-20,Product D,124.26,11.88
2025-11-20,Product D,100.57,27.68
2025-11-21,Product A,248.31,58.39
2025-11-21,Product A,194.59,37.29
2025-11-21,Product A,224.79,41.32
2025-11-21,Product B,198.76,40.93
2025-11-21,Product B,188.18,41.04
2025-11-21,Product B,185.39,33.12
2025-11-21,Product B,183.92,15.12
2025-11-21,Product C,131.09,28.6
2025-11-21,Product C,107.57,26.03
2025-11-21,Product C,141.81,24.58
2025-11-21,Product D,114.1,10.0
2025-11-22,Product A,252.42,42.95
2025-11-22,Product A,251.7,48.79
2025-11-22,Product A,219.26,36.75
2025-11-22,Product A,198.77,34.4
2025-11-22,Product A,232.24,39.38
2025-11-22,Product A,205.53,32.93
2025-11-22,Product A,234.33,49.64
2025-11-22,Product A,197.82,28.28
2025-11-22,Product A,220.85,49.76
2025-11-22,Product B,175.36,42.65
2025-11-22,Product B,149.95,12.54
2025-11-22,Product B,163.02,30.01
2025-11-22,Product C,136.09,19.35
2025-11-22,Product C,120.11,28.31
2025-11-22,Product C,145.43,19.31
2025-11-22,Product C,120.68,17.87
2025-11-22,Product C,131.12,35.06
2025-11-22,Product C,148.32,28.35
2025-11-22,Product C,140.4,41.78
2025-11-22,Product D,115.75,15.87
2025-11-22,Product D,91.08,19.72
2025-11-22,Product D,110.74,19.35
2025-11-22,Product D,79.94,18.38
2025-11-23,Product A,199.54,33.31
2025-11-23,Product A,219.61,41.2
2025-11-23,Product A,212.37,25.46
2025-11-23,Product A,228.51,38.42
2025-11-23,Product A,238.06,34.81
2025-11-23,Product A,177.25,29.86
2025-11-23,Product A,241.01,42.26
2025-11-23,Product B,201.03,38.64
2025-11-23,Product B,177.71,21.71
2025-11-23,Product B,178.17,22.49
2025-11-23,Product B,191.95,39.09
2025-11-23,Product B,213.74,39.31
2025-11-23,Product B,201.59,31.89
2025-11-23,Product B,170.73,32.81
2025-11-23,Product B,172.75,31.52
2025-11-23,Product C,98.32,27.0
2025-11-23,Product C,108.28,23.95
2025-11-23,Product C,151.17,39.72
2025-11-23,Product D,73.31,10.35
2025-11-23,Product D,89.4,10.0
2025-11-24,Product A,225.48,44.12
2025-11-24,Product A,195.59,29.31
2025-11-24,Product A,163.54,19.08
2025-11-24,Product A,196.17,33.94
2025-11-24,Product B,147.35,20.09
2025-11-24,Product B,172.29,26.06
2025-11-24,Product B,182.9,42.5
2025-11-24,Product B,199.12,25.95
2025-11-24,Product B,196.17,38.47
2025-11-24,Product B,163.52,34.59
2025-11-24,Product C,114.99,25.0
2025-11-24,Product C,104.18,27.8
2025-11-24,Product C,119.04,27.52
2025-11-24,Product D,103.16,27.51
2025-11-24,Product D,68.51,14.55
2025-11-24,Product D,131.75,42.7
2025-11-24,Product D,116.72,28.38
2025-11-24,Product D,72.89,21.78
2025-11-24,Product D,91.52,24.62
2025-11-25,Product A,267.26,49.01
2025-11-25,Product A,183.37,24.99
2025-11-25,Product A,223.7,48.76
2025-11-25,Product A,185.82,30.59
2025-11-25,Product A,216.81,43.77
2025-11-25,Product A,204.94,22.33
2025-11-25,Product A,226.17,47.45
2025-11-25,Product A,210.68,39.06
2025-11-25,Product B,169.11,30.01
2025-11-25,Product B,168.84,34.97
2025-11-25,Product B,177.13,22.17
2025-11-25,Product B,182.7,32.42
2025-11-25,Product B,201.81,37.45
2025-11-25,Product B,191.4,35.1
2025-11-25,Product C,115.24,26.16
2025-11-25,Product C,125.05,31.27
2025-11-25,Product C,140.27,25.32
2025-11-25,Product C,104.97,34.7
2025-11-25,Product C,136.96,27.01
2025-11-25,Product C,117.64,25.06
2025-11-25,Product C,120.69,30.33
2025-11-25,Product C,175.77,40.19
2025-11-25,Product C,134.58,16.12
2025-11-25,Product D,103.85,10.0
2025-11-26,Product A,220.51,42.17
2025-11-26,Product A,203.44,19.69
2025-11-26,Product A,227.72,52.71
2025-11-26,Product A,237.35,24.45
2025-11-26,Product A,179.17,23.69
2025-11-26,Product A,177.45,30.52
2025-11-26,Product A,221.16,26.16
2025-11-26,Product A,229.6,43.84
2025-11-26,Product A,200.44,32.69
2025-11-26,Product B,203.29,33.8
2025-11-26,Product B,188.24,30.51
2025-11-26,Product B,167.02,32.58
2025-11-26,Product B,169.04,31.83
2025-11-26,Product B,181.87,28.49
2025-11-26,Product B,174.03,25.52
2025-11-26,Product B,145.04,27.72
2025-11-26,Product C,100.75,14.22
2025-11-26,Product C,81.85,30.27
2025-11-26,Product C,150.16,37.84
2025-11-26,Product C,100.29,36.55
2025-11-26,Product D,100.47,18.93
2025-11-26,Product D,81.54,10.0
2025-11-26,Product D,88.87,28.71
2025-11-26,Product D,108.17,23.96
2025-11-27,Product A,220.92,58.12
2025-11-27,Product A,179.32,28.55
2025-11-27,Product A,212.33,32.4
2025-11-27,Product A,235.3,43.78
2025-11-27,Product A,215.85,43.07
2025-11-27,Product A,212.87,61.63
2025-11-27,Product A,215.83,38.25
2025-11-27,Product B,182.18,28.28
2025-11-27,Product B,140.36,27.48
2025-11-27,Product B,195.8,19.03
2025-11-27,Product B,206.21,41.18
2025-11-27,Product B,206.16,39.72
2025-11-27,Product B,195.63,37.42
2025-11-27,Product C,128.54,30.88
2025-11-27,Product C,144.58,41.0
2025-11-27,Product C,100.81,24.09
2025-11-27,Product C,101.35,20.79
2025-11-27,Product D,81.89,33.43
2025-11-27,Product D,87.36,20.28
2025-11-27,Product D,84.28,31.76
2025-11-28,Product A,215.07,37.93
2025-11-28,Product A,241.33,36.23
2025-11-28,Product A,206.38,22.79
2025-11-28,Product A,186.45,27.55
2025-11-28,Product A,211.27,50.07
2025-11-28,Product A,224.29,30.83
2025-11-28,Product A,196.48,44.4
2025-11-28,Product B,231.25,40.96
2025-11-28,Product B,164.19,31.2
2025-11-28,Product B,170.91,17.9
2025-11-28,Product B,196.67,42.38
2025-11-28,Product B,174.41,26.63
2025-11-28,Product C,97.76,36.64
2025-11-28,Product C,130.26,33.24
2025-11-28,Product D,101.0,20.07
2025-11-28,Product D,104.65,25.76
2025-11-29,Product A,170.91,33.12
2025-11-29,Product A,233.74,59.96
2025-11-29,Product A,203.89,30.35
2025-11-29,Product B,180.49,19.27
2025-11-29,Product B,168.44,26.4
2025-11-29,Product B,181.0,34.61
2025-11-29,Product B,212.91,42.06
2025-11-29,Product B,202.42,45.98
2025-11-29,Product B,193.78,32.65
2025-11-29,Product B,203.45,43.17
2025-11-29,Product C,148.94,42.36
2025-11-29,Product C,146.52,23.94
2025-11-29,Product C,130.62,23.88
2025-11-29,Product C,83.72,16.12
2025-11-29,Product C,149.14,36.5
2025-11-29,Product C,164.39,37.58
2025-11-29,Product D,95.49,10.77
2025-11-30,Product A,211.18,42.16
2025-11-30,Product A,246.68,44.88
2025-11-30,Product A,255.95,50.69
2025-11-30,Product A,207.33,41.88
2025-11-30,Product A,250.03,58.49
2025-11-30,Product A,238.61,40.77
2025-11-30,Product A,207.73,39.92
2025-11-30,Product B,174.04,28.29
2025-11-30,Product B,184.23,45.06
2025-11-30,Product B,175.98,30.34
2025-11-30,Product C,132.64,27.95
2025-11-30,Product C,131.62,31.47
2025-11-30,Product C,121.28,27.78
2025-11-30,Product C,129.94,26.23
2025-11-30,Product D,73.94,15.44
2025-11-30,Product D,114.71,29.97
2025-11-30,Product D,98.78,25.96
2025-11-30,Product D,79.77,15.6
2025-12-01,Product A,225.94,23.69
2025-12-01,Product A,179.86,35.88
2025-12-01,Product A,151.37,35.53
2025-12-01,Product A,172.39,36.05
2025-12-01,Product A,192.95,41.19
2025-12-01,Product B,161.19,33.65
2025-12-01,Product B,149.39,35.33
2025-12-01,Product B,172.25,18.06
2025-12-01,Product B,216.34,36.24
2025-12-01,Product B,223.22,47.72
2025-12-01,Product B,163.69,27.15
2025-12-01,Product B,183.91,43.48
2025-12-01,Product C,111.31,19.97
2025-12-01,Product C,107.82,12.5
2025-12-01,Product C,103.49,34.76
2025-12-01,Product C,115.45,31.03
2025-12-01,Product C,65.47,18.95
2025-12-01,Product D,115.29,27.31
2025-12-01,Product D,88.09,11.65
2025-12-01,Product D,62.66,15.58
2025-12-01,Product D,130.5,30.34
2025-12-02,Product A,228.0,44.87
2025-12-02,Product A,213.53,29.36
2025-12-02,Product A,190.95,40.67
2025-12-02,Product A,179.25,38.99
2025-12-02,Product A,208.87,34.74
2025-12-02,Product A,174.92,28.56
2025-12-02,Product A,226.0,27.73
2025-12-02,Product A,223.47,38.7
2025-12-02,Product A,198.34,40.56
2025-12-02,Product A,164.05,30.66
2025-12-02,Product A,248.13,53.7
2025-12-02,Product B,197.91,50.71
2025-12-02,Product B,179.89,19.83
2025-12-02,Product B,151.67,32.0
2025-12-02,Product B,179.94,37.6
2025-12-02,Product B,169.51,35.46
2025-12-02,Product C,134.18,25.22
2025-12-02,Product C,96.86,19.44
2025-12-02,Product C,144.23,27.56
2025-12-02,Product C,100.85,23.43
2025-12-02,Product C,130.98,41.96
2025-12-02,Product C,127.78,33.26
2025-12-02,Product C,135.82,20.66
2025-12-02,Product D,101.38,22.94
2025-12-02,Product D,37.96,24.8
2025-12-02,Product D,75.33,32.99
2025-12-03,Product A,252.36,37.42
2025-12-03,Product A,217.31,26.63
2025-12-03,Product A,205.13,30.72
2025-12-03,Product A,222.72,46.0
2025-12-03,Product A,234.3,33.09
2025-12-03,Product A,234.47,39.51
2025-12-03,Product A,205.36,29.24
2025-12-03,Product A,200.18,47.97
2025-12-03,Product B,184.46,25.75
2025-12-03,Product B,190.9,44.07
2025-12-03,Product B,152.35,16.87
2025-12-03,Product B,170.62,25.51
2025-12-03,Product B,225.22,46.3
2025-12-03,Product B,202.03,32.23
2025-12-03,Product B,174.95,18.13
2025-12-03,Product C,116.88,27.07
2025-12-03,Product C,139.62,18.95
2025-12-03,Product C,136.19,29.8
2025-12-03,Product C,96.71,10.0
2025-12-03,Product D,80.09,10.0
2025-12-03,Product D,123.32,22.0
2025-12-03,Product D,77.37,10.0
2025-12-03,Product D,90.5,34.02
2025-12-03,Product D,141.06,17.75
2025-12-03,Product D,87.2,10.91
2025-12-03,Product D,116.74,27.98
2025-12-03,Product D,81.0,18.4
2025-12-04,Product A,186.07,45.32
2025-12-04,Product A,217.87,30.9
2025-12-04,Product A,213.25,15.39
2025-12-04,Product A,188.63,32.36
2025-12-04,Product A,231.1,23.76
2025-12-04,Product A,204.11,42.78
2025-12-04,Product A,180.57,32.53
2025-12-04,Product A,213.95,50.09
2025-12-04,Product A,207.44,33.89
2025-12-04,Product B,214.04,29.74
2025-12-04,Product B,184.44,29.81
2025-12-04,Product B,179.86,17.53
2025-12-04,Product B,212.29,29.89
2025-12-04,Product B,203.82,29.68
2025-12-04,Product B,167.49,38.18
2025-12-04,Product B,203.12,36.2
2025-12-04,Product B,198.0,31.35
2025-12-04,Product B,181.07,25.49
2025-12-04,Product B,201.14,28.65
2025-12-04,Product B,213.92,33.84
2025-12-04,Product B,181.7,36.96
2025-12-04,Product C,120.23,33.37
2025-12-04,Product C,117.8,40.38
2025-12-04,Product C,116.56,23.74
2025-12-04,Product C,116.24,15.04
2025-12-04,Product C,97.19,17.14
2025-12-04,Product D,84.34,28.37
2025-12-05,Product A,206.61,40.87
2025-12-05,Product A,234.66,35.32
2025-12-05,Product A,217.33,44.36
2025-12-05,Product A,186.97,31.88
2025-12-05,Product A,187.98,24.09
2025-12-05,Product B,156.02,29.95
2025-12-05,Product B,206.14,34.41
2025-12-05,Product B,176.79,33.04
2025-12-05,Product B,136.62,27.52
2025-12-05,Product C,126.2,17.52
2025-12-05,Product C,147.12,24.72
2025-12-05,Product C,121.63,19.9
2025-12-05,Product C,107.98,35.64
2025-12-05,Product C,122.28,22.43
2025-12-05,Product C,94.8,10.0
2025-12-05,Product C,92.47,21.24
2025-12-05,Product C,141.57,26.66
2025-12-05,Product C,154.55,28.26
2025-12-05,Product C,114.76,16.61
2025-12-05,Product D,121.87,27.44
2025-12-05,Product D,107.11,37.65
2025-12-05,Product D,137.87,29.84
2025-12-05,Product D,83.29,10.96
2025-12-05,Product D,116.49,14.65
2025-12-05,Product D,89.44,20.5
2025-12-05,Product D,83.93,20.7
2025-12-05,Product D,151.42,32.34
2025-12-06,Product A,176.87,15.38
2025-12-06,Product A,220.85,26.65
2025-12-06,Product A,240.12,41.06
2025-12-06,Product A,207.13,28.46
2025-12-06,Product A,226.19,32.02
2025-12-06,Product A,190.82,41.95
2025-12-06,Product B,226.8,33.92
2025-12-06,Product B,215.48,35.12
2025-12-06,Product B,199.01,39.71
2025-12-06,Product B,206.48,28.38
2025-12-06,Product B,204.91,49.61
2025-12-06,Product C,112.38,38.41
2025-12-06,Product C,97.91,14.0
2025-12-06,Product D,85.09,19.73
2025-12-06,Product D,80.47,18.85
2025-12-07,Product A,223.76,54.63
2025-12-07,Product A,245.18,29.64
2025-12-07,Product A,200.69,37.49
2025-12-07,Product A,210.95,24.67
2025-12-07,Product A,220.98,37.49
2025-12-07,Product A,254.62,41.26
2025-12-07,Product A,238.2,30.36
2025-12-07,Product B,201.11,34.77
2025-12-07,Product B,159.2,24.55
2025-12-07,Product B,146.11,16.73
2025-12-07,Product B,211.18,34.76
2025-12-07,Product B,222.85,37.12
2025-12-07,Product B,180.46,35.81
2025-12-07,Product B,122.45,22.46
2025-12-07,Product B,180.17,42.52
2025-12-07,Product B,202.47,25.35
2025-12-07,Product B,208.58,33.36
2025-12-07,Product B,161.35,29.01
2025-12-07,Product B,176.79,42.36
2025-12-07,Product C,137.24,41.55
2025-12-07,Product C,133.39,30.69
2025-12-07,Product C,147.26,31.67
2025-12-07,Product D,85.02,30.41
2025-12-07,Product D,112.61,27.3
2025-12-07,Product D,87.92,22.0
2025-12-08,Product A,218.34,34.11
2025-12-08,Product A,232.38,49.82
2025-12-08,Product B,213.31,41.95
2025-12-08,Product B,186.73,33.05
2025-12-08,Product B,159.17,13.15
2025-12-08,Product B,162.05,27.17
2025-12-08,Product B,134.93,18.58
2025-12-08,Product B,175.8,28.16
2025-12-08,Product B,166.69,25.61
2025-12-08,Product C,119.05,27.14
2025-12-08,Product C,76.6,16.53
2025-12-08,Product C,139.1,34.21
2025-12-08,Product C,169.06,47.2
2025-12-08,Product C,151.88,55.81
2025-12-08,Product C,136.68,31.37
2025-12-08,Product C,141.42,26.64
2025-12-08,Product C,122.37,21.74
2025-12-08,Product C,128.76,23.11
2025-12-08,Product D,75.57,19.94
2025-12-08,Product D,99.82,30.48
2025-12-08,Product D,111.56,33.12
2025-12-08,Product D,108.38,25.52
2025-12-08,Product D,119.19,33.58
2025-12-09,Product A,186.73,22.61
2025-12-09,Product A,207.35,32.7
2025-12-09,Product A,178.21,35.49
2025-12-09,Product A,227.45,47.1
2025-12-09,Product A,202.96,34.19
2025-12-09,Product A,211.83,49.52
2025-12-09,Product A,150.15,17.87
2025-12-09,Product A,212.62,27.46
2025-12-09,Product B,171.28,27.79
2025-12-09,Product B,181.09,16.86
2025-12-09,Product B,191.4,28.93
2025-12-09,Product B,209.0,40.26
2025-12-09,Product B,206.99,27.1
2025-12-09,Product C,152.72,24.41
2025-12-09,Product C,109.92,23.57
2025-12-09,Product C,132.88,15.16
2025-12-09,Product D,104.14,21.78
2025-12-09,Product D,86.95,25.89
2025-12-09,Product D,101.27,17.1
2025-12-09,Product D,95.83,24.15
2025-12-10,Product A,231.93,36.98
2025-12-10,Product A,226.62,40.31
2025-12-10,Product A,228.34,28.06
2025-12-10,Product A,209.3,35.12
2025-12-10,Product A,226.22,33.43
2025-12-10,Product A,157.5,18.12
2025-12-10,Product A,211.16,36.41
2025-12-10,Product A,249.54,47.08
2025-12-10,Product B,175.73,25.6
2025-12-10,Product B,166.86,31.08
2025-12-10,Product B,173.37,25.84
2025-12-10,Product B,151.86,26.44
2025-12-10,Product B,177.26,27.56
2025-12-10,Product B,185.62,37.54
2025-12-10,Product B,196.68,37.86
2025-12-10,Product B,175.96,25.38
2025-12-10,Product B,158.28,22.16
2025-12-10,Product B,181.68,24.6
2025-12-10,Product B,183.36,23.45
2025-12-10,Product C,150.25,29.83
2025-12-10,Product C,115.26,33.93
2025-12-10,Product C,80.17,33.37
2025-12-10,Product C,173.77,16.58
2025-12-10,Product C,117.85,20.18
2025-12-10,Product D,92.52,13.07
2025-12-10,Product D,91.21,24.18
2025-12-11,Product A,251.5,47.39
2025-12-11,Product A,179.1,19.37
2025-12-11,Product A,203.72,32.49
2025-12-11,Product A,174.62,36.24
2025-12-11,Product A,188.6,44.01
2025-12-11,Product A,252.55,40.95
2025-12-11,Product A,222.16,27.91
2025-12-11,Product B,174.1,37.19
2025-12-11,Product B,163.97,41.76
2025-12-11,Product B,152.1,38.78
2025-12-11,Product B,158.89,27.0
2025-12-11,Product C,146.19,28.92
2025-12-11,Product C,124.05,21.03
2025-12-11,Product C,98.19,12.43
2025-12-11,Product D,119.68,21.65
2025-12-11,Product D,64.27,17.82
2025-12-11,Product D,44.02,18.57
2025-12-11,Product D,90.3,34.52
2025-12-12,Product A,219.76,34.9
2025-12-12,Product A,227.03,38.47
2025-12-12,Product A,204.38,40.31
2025-12-12,Product A,209.33,29.2
2025-12-12,Product A,225.7,37.86
2025-12-12,Product A,223.26,34.32
2025-12-12,Product A,185.9,45.48
2025-12-12,Product A,246.53,48.98
2025-12-12,Product A,203.97,32.27
2025-12-12,Product A,242.91,38.46
2025-12-12,Product A,198.58,48.74
2025-12-12,Product A,211.45,50.09
2025-12-12,Product A,181.74,35.04
2025-12-12,Product A,258.06,44.11
2025-12-12,Product A,206.69,25.8
2025-12-12,Product A,236.31,34.01
2025-12-12,Product A,210.41,25.89
2025-12-12,Product B,167.04,16.76
2025-12-12,Product B,167.55,34.44
2025-12-12,Product B,172.99,32.25
2025-12-12,Product B,165.34,28.63
2025-12-12,Product B,223.51,35.21
2025-12-12,Product B,189.71,19.73
2025-12-12,Product B,214.69,32.68
2025-12-12,Product C,110.05,32.95
2025-12-12,Product C,103.3,28.95
2025-12-12,Product C,111.42,27.31
2025-12-12,Product D,95.97,16.79
2025-12-12,Product D,93.79,21.71
2025-12-12,Product D,81.44,16.89
2025-12-13,Product A,220.15,33.27
2025-12-13,Product A,242.93,40.47
2025-12-13,Product A,251.53,36.44
2025-12-13,Product A,228.84,38.43
2025-12-13,Product A,205.29,39.96
2025-12-13,Product A,205.92,13.71
2025-12-13,Product A,145.12,34.85
2025-12-13,Product A,239.57,55.83
2025-12-13,Product A,212.11,25.72
2025-12-13,Product A,203.27,34.65
2025-12-13,Product A,190.35,45.55
2025-12-13,Product A,261.77,48.33
2025-12-13,Product A,212.26,25.72
2025-12-13,Product A,246.52,42.52
2025-12-13,Product B,206.74,33.54
2025-12-13,Product B,178.25,20.6
2025-12-13,Product B,197.96,26.65
2025-12-13,Product B,170.55,29.0
2025-12-13,Product B,183.92,17.62
2025-12-13,Product B,176.17,36.31
2025-12-13,Product B,172.93,27.6
2025-12-13,Product C,97.33,21.12
2025-12-13,Product D,97.03,11.72
2025-12-13,Product D,72.26,10.0
2025-12-13,Product D,71.53,26.6
2025-12-13,Product D,78.87,21.08
2025-12-13,Product D,76.6,22.93
2025-12-13,Product D,72.43,16.25
2025-12-14,Product A,183.81,42.48
2025-12-14,Product A,181.2,29.2
2025-12-14,Product A,235.51,39.8
2025-12-14,Product A,190.95,21.67
2025-12-14,Product A,207.44,29.21
2025-12-14,Product A,217.02,25.68
2025-12-14,Product A,230.39,40.09
2025-12-14,Product A,216.68,48.36
2025-12-14,Product A,202.87,28.68
2025-12-14,Product A,200.45,32.54
2025-12-14,Product B,207.64,50.94
2025-12-14,Product B,197.96,44.71
2025-12-14,Product B,198.12,47.36
2025-12-14,Product B,221.97,45.34
2025-12-14,Product B,196.79,31.81
2025-12-14,Product C,68.19,28.79
2025-12-14,Product C,115.15,28.98
2025-12-14,Product C,152.07,35.86
2025-12-14,Product C,151.78,23.46
2025-12-14,Product D,106.71,39.23
2025-12-14,Product D,60.17,26.11
2025-12-14,Product D,82.69,14.62
2025-12-14,Product D,68.12,10.0
2025-12-14,Product D,103.88,13.95
2025-12-14,Product D,111.29,19.18
2025-12-14,Product D,68.31,10.81
2025-12-14,Product D,102.41,20.31
2025-12-15,Product A,222.85,26.2
2025-12-15,Product A,192.91,27.04
2025-12-15,Product A,207.93,29.26
2025-12-15,Product A,228.05,25.93
2025-12-15,Product A,177.75,27.55
2025-12-15,Product B,166.7,40.16
2025-12-15,Product B,191.99,26.18
2025-12-15,Product B,183.33,32.16
2025-12-15,Product B,207.97,30.55
2025-12-15,Product B,198.13,34.02
2025-12-15,Product C,156.97,35.16
2025-12-15,Product C,111.08,20.76
2025-12-15,Product C,93.31,24.98
2025-12-15,Product C,101.96,31.22
2025-12-15,Product C,91.56,21.16
2025-12-15,Product D,85.64,19.97
2025-12-15,Product D,107.57,29.47
2025-12-16,Product A,232.32,25.05
2025-12-16,Product A,269.94,41.3
2025-12-16,Product A,245.4,41.93
2025-12-16,Product A,235.84,34.58
2025-12-16,Product A,226.27,36.44
2025-12-16,Product B,173.9,22.26
2025-12-16,Product B,188.65,41.89
2025-12-16,Product B,204.11,33.62
2025-12-16,Product B,200.52,41.03
2025-12-16,Product B,179.33,24.94
2025-12-16,Product B,167.27,35.14
2025-12-16,Product B,180.32,22.28
2025-12-16,Product B,144.18,31.17
2025-12-16,Product B,169.22,31.41
2025-12-16,Product B,208.52,24.98
2025-12-16,Product B,180.26,29.28
2025-12-16,Product B,189.6,42.15
2025-12-16,Product C,129.21,31.18
2025-12-16,Product C,132.81,33.71
2025-12-16,Product C,98.4,29.57
2025-12-16,Product C,145.67,33.54
2025-12-16,Product D,108.36,25.17
2025-12-16,Product D,58.79,15.75
2025-12-16,Product D,93.76,24.76
2025-12-16,Product D,86.39,12.59
2025-12-16,Product D,78.04,12.86
2025-12-17,Product A,284.96,51.81
2025-12-17,Product A,182.14,37.71
2025-12-17,Product A,192.48,39.99
2025-12-17,Product A,207.86,31.82
2025-12-17,Product A,247.9,46.67
2025-12-17,Product A,233.91,43.24
2025-12-17,Product A,202.72,39.35
2025-12-17,Product B,186.12,28.31
2025-12-17,Product B,188.68,32.25
2025-12-17,Product B,198.27,39.01
2025-12-17,Product B,184.93,20.5
2025-12-17,Product B,220.65,36.38
2025-12-17,Product B,179.47,27.77
2025-12-17,Product B,170.5,41.34
2025-12-17,Product B,211.74,39.55
2025-12-17,Product C,125.55,29.25
2025-12-17,Product C,133.26,24.36
2025-12-17,Product C,135.62,22.59
2025-12-17,Product C,107.4,19.4
2025-12-17,Product C,96.41,29.34
2025-12-17,Product D,72.74,22.67
2025-12-17,Product D,113.63,30.91
2025-12-17,Product D,106.83,24.09
2025-12-17,Product D,83.46,11.84
2025-12-18,Product A,187.68,33.33
2025-12-18,Product A,203.36,26.95
2025-12-18,Product A,179.96,18.08
2025-12-18,Product A,204.33,34.06
2025-12-18,Product B,153.47,30.41
2025-12-18,Product B,160.63,34.65
2025-12-18,Product B,173.8,38.05
2025-12-18,Product B,156.55,21.19
2025-12-18,Product B,189.63,41.6
2025-12-18,Product B,217.92,37.38
2025-12-18,Product B,221.68,35.37
2025-12-18,Product B,205.42,27.38
2025-12-18,Product C,139.94,26.78
2025-12-18,Product C,98.68,17.92
2025-12-18,Product C,98.75,20.92
2025-12-18,Product C,122.25,24.45
2025-12-18,Product C,156.84,28.75
2025-12-18,Product D,107.21,26.96
2025-12-18,Product D,83.12,23.21
2025-12-18,Product D,135.97,33.69
2025-12-18,Product D,107.46,29.02
2025-12-18,Product D,62.86,17.51
2025-12-19,Product A,178.14,34.64
2025-12-19,Product A,203.78,46.96
2025-12-19,Product A,199.16,42.27
2025-12-19,Product A,251.57,35.96
2025-12-19,Product A,208.25,38.51
2025-12-19,Product A,193.64,35.08
2025-12-19,Product A,207.55,33.32
2025-12-19,Product A,213.58,36.88
2025-12-19,Product A,216.11,31.95
2025-12-19,Product B,188.38,17.51
2025-12-19,Product B,165.18,25.84
2025-12-19,Product B,162.42,40.64
2025-12-19,Product C,93.26,19.16
2025-12-19,Product C,99.39,19.65
2025-12-19,Product C,63.68,10.0
2025-12-19,Product D,72.18,25.05
2025-12-19,Product D,96.42,41.16
2025-12-19,Product D,86.97,34.92
2025-12-19,Product D,91.55,30.83
2025-12-19,Product D,132.33,20.93
2025-12-20,Product A,171.64,39.47
2025-12-20,Product A,204.82,39.08
2025-12-20,Product A,226.16,49.41
2025-12-20,Product A,210.19,18.74
2025-12-20,Product A,213.76,37.94
2025-12-20,Product A,189.75,33.44
2025-12-20,Product B,180.35,31.29
2025-12-20,Product B,171.56,32.87
2025-12-20,Product B,210.93,41.04
2025-12-20,Product B,196.36,38.23
2025-12-20,Product B,150.88,18.64
2025-12-20,Product B,176.74,24.24
2025-12-20,Product C,118.47,19.72
2025-12-20,Product C,121.74,23.31
2025-12-20,Product C,143.99,30.38
2025-12-20,Product D,93.01,10.58
2025-12-20,Product D,92.62,14.42
2025-12-21,Product A,232.47,33.41
2025-12-21,Product A,212.89,37.66
2025-12-21,Product A,246.54,30.06
2025-12-21,Product A,192.46,55.15
2025-12-21,Product B,193.33,34.47
2025-12-21,Product B,185.8,20.02
2025-12-21,Product B,192.09,30.01
2025-12-21,Product B,177.58,38.57
2025-12-21,Product B,165.42,38.93
2025-12-21,Product B,213.03,42.24
2025-12-21,Product B,159.68,10.0
2025-12-21,Product B,204.98,35.74
2025-12-21,Product B,164.86,37.41
2025-12-21,Product B,162.3,24.2
2025-12-21,Product B,192.8,23.87
2025-12-21,Product B,178.84,39.12
2025-12-21,Product B,185.89,41.58
2025-12-21,Product B,206.19,35.11
2025-12-21,Product B,129.84,13.23
2025-12-21,Product B,198.04,21.26
2025-12-21,Product C,118.85,28.95
2025-12-21,Product C,116.61,34.05
2025-12-21,Product C,102.42,23.49
2025-12-21,Product C,129.79,25.35
2025-12-21,Product D,81.09,12.79
2025-12-21,Product D,121.94,31.91
2025-12-21,Product D,72.49,17.39
2025-12-21,Product D,42.78,10.0
2025-12-22,Product A,245.69,39.6
2025-12-22,Product A,217.34,32.84
2025-12-22,Product A,173.11,36.92
2025-12-22,Product A,164.71,23.56
2025-12-22,Product A,211.3,37.76
2025-12-22,Product A,196.52,18.7
2025-12-22,Product A,194.88,27.14
2025-12-22,Product A,195.49,40.99
2025-12-22,Product A,185.8,33.99
2025-12-22,Product A,215.98,44.4
2025-12-22,Product A,209.57,41.96
2025-12-22,Product A,208.71,38.96
2025-12-22,Product A,179.44,10.0
2025-12-22,Product A,220.81,40.99
2025-12-22,Product B,194.33,46.79
2025-12-22,Product B,174.28,24.4
2025-12-22,Product B,148.29,37.63
2025-12-22,Product B,190.52,36.01
2025-12-22,Product C,111.14,19.75
2025-12-22,Product C,89.35,32.4
2025-12-22,Product C,126.57,26.04
2025-12-22,Product C,136.67,33.84
2025-12-22,Product C,126.07,33.22
2025-12-22,Product D,104.11,18.03
2025-12-22,Product D,77.23,14.16
2025-12-22,Product D,84.17,10.0
2025-12-22,Product D,80.67,19.88
2025-12-22,Product D,122.85,31.46
2025-12-22,Product D,37.81,13.45
2025-12-22,Product D,82.72,21.82
2025-12-23,Product A,242.08,41.0
2025-12-23,Product A,236.38,47.7
2025-12-23,Product A,227.18,24.33
2025-12-23,Product B,206.46,36.05
2025-12-23,Product B,172.01,28.88
2025-12-23,Product B,152.63,25.84
2025-12-23,Product B,157.43,23.6
2025-12-23,Product B,201.61,36.31
2025-12-23,Product B,148.64,32.08
2025-12-23,Product C,119.62,25.67
2025-12-23,Product C,111.09,33.88
2025-12-23,Product C,108.45,11.5
2025-12-23,Product C,105.07,33.73
2025-12-23,Product C,138.31,28.39
2025-12-23,Product D,91.35,22.73
2025-12-23,Product D,76.7,16.91
2025-12-24,Product A,203.48,36.51
2025-12-24,Product A,204.71,41.68
2025-12-24,Product A,183.19,24.55
2025-12-24,Product A,222.53,47.64
2025-12-24,Product A,164.06,38.89
2025-12-24,Product A,209.42,20.53
2025-12-24,Product A,146.46,12.66
2025-12-24,Product A,212.07,35.52
2025-12-24,Product A,226.43,34.1
2025-12-24,Product A,188.12,28.68
2025-12-24,Product A,213.24,38.1
2025-12-24,Product B,228.39,40.5
2025-12-24,Product B,208.39,43.71
2025-12-24,Product B,167.93,28.76
2025-12-24,Product B,153.03,24.38
2025-12-24,Product B,167.47,25.25
2025-12-24,Product B,164.75,25.71
2025-12-24,Product B,192.96,31.85
2025-12-24,Product B,140.23,17.87
2025-12-24,Product C,94.96,26.83
2025-12-24,Product C,138.0,37.95
2025-12-24,Product C,106.62,32.89
2025-12-24,Product C,109.14,29.24
2025-12-24,Product C,108.76,22.14
2025-12-24,Product C,66.73,12.27
2025-12-24,Product D,82.6,10.93
2025-12-24,Product D,82.6,26.42
2025-12-24,Product D,127.52,22.45
2025-12-25,Product A,226.78,29.88
2025-12-25,Product A,206.06,34.0
2025-12-25,Product A,191.54,24.8
2025-12-25,Product A,245.65,33.94
2025-12-25,Product A,236.23,36.67
2025-12-25,Product A,211.94,40.52
2025-12-25,Product A,199.33,38.43
2025-12-25,Product A,167.48,31.99
2025-12-25,Product A,158.19,25.08
2025-12-25,Product A,231.29,44.3
2025-12-25,Product A,183.93,21.91
2025-12-25,Product A,197.35,35.04
2025-12-25,Product A,167.8,28.42
2025-12-25,Product B,168.53,32.48
2025-12-25,Product B,212.43,35.81
2025-12-25,Product B,193.44,21.33
2025-12-25,Product B,186.65,31.25
2025-12-25,Product B,208.29,31.09
2025-12-25,Product B,175.93,38.38
2025-12-25,Product B,179.23,21.6
2025-12-25,Product C,118.58,28.86
2025-12-25,Product D,90.94,18.13
2025-12-26,Product A,224.87,45.99
2025-12-26,Product A,209.29,24.56
2025-12-26,Product A,182.49,37.9
2025-12-26,Product A,184.77,34.55
2025-12-26,Product A,215.02,39.57
2025-12-26,Product A,222.87,30.42
2025-12-26,Product A,191.04,38.2
2025-12-26,Product A,198.65,11.77
2025-12-26,Product A,226.77,30.26
2025-12-26,Product A,222.78,49.02
2025-12-26,Product A,212.87,44.15
2025-12-26,Product A,215.88,49.4
2025-12-26,Product A,189.13,32.09
2025-12-26,Product A,227.31,37.12
2025-12-26,Product A,237.85,36.98
2025-12-26,Product A,258.03,60.84
2025-12-26,Product A,218.71,41.6
2025-12-26,Product B,128.76,20.36
2025-12-26,Product B,164.68,35.34
2025-12-26,Product B,203.14,39.15
2025-12-26,Product B,189.95,20.31
2025-12-26,Product B,194.24,38.06
2025-12-26,Product B,208.64,52.41
2025-12-26,Product C,118.93,24.84
2025-12-26,Product C,102.7,29.58
2025-12-26,Product C,118.69,34.61
2025-12-26,Product C,115.71,25.26
2025-12-26,Product C,107.62,23.62
2025-12-26,Product C,135.67,26.56
2025-12-26,Product C,131.41,22.41
2025-12-26,Product C,136.7,25.43
2025-12-26,Product C,138.74,31.01
2025-12-26,Product C,153.46,24.53
2025-12-26,Product C,87.52,14.32
2025-12-26,Product D,94.91,17.04
2025-12-26,Product D,86.49,14.25
2025-12-27,Product A,257.35,39.54
2025-12-27,Product A,231.11,47.95
2025-12-27,Product A,201.03,28.23
2025-12-27,Product A,228.81,43.5
2025-12-27,Product B,177.68,16.67
2025-12-27,Product B,157.09,22.88
2025-12-27,Product B,166.46,29.24
2025-12-27,Product B,194.09,51.15
2025-12-27,Product C,102.83,10.0
2025-12-27,Product C,158.19,30.5
2025-12-27,Product C,83.97,25.66
2025-12-27,Product C,103.97,31.59
2025-12-27,Product C,103.87,18.52
2025-12-27,Product C,127.59,32.82
2025-12-27,Product D,91.86,10.0
2025-12-27,Product D,108.18,24.14
2025-12-27,Product D,85.9,29.12
2025-12-27,Product D,63.59,27.14
2025-12-28,Product A,178.58,46.77
2025-12-28,Product A,188.46,43.45
2025-12-28,Product A,191.95,31.17
2025-12-28,Product A,226.25,31.9
2025-12-28,Product A,247.53,42.69
2025-12-28,Product A,222.64,35.71
2025-12-28,Product A,226.99,51.22
2025-12-28,Product A,209.61,49.47
2025-12-28,Product B,179.65,29.99
2025-12-28,Product B,179.27,27.53
2025-12-28,Product B,184.33,26.18
2025-12-28,Product B,239.7,29.47
2025-12-28,Product B,168.39,24.58
2025-12-28,Product B,226.14,27.88
2025-12-28,Product B,190.62,34.39
2025-12-28,Product B,188.59,41.95
2025-12-28,Product C,78.99,18.17
2025-12-28,Product C,102.53,21.07
2025-12-28,Product D,120.4,31.19
2025-12-28,Product D,120.28,38.94
2025-12-28,Product D,78.0,29.15
2025-12-28,Product D,62.76,19.78
2025-12-28,Product D,84.15,11.07
2025-12-29,Product A,176.7,28.99
2025-12-29,Product A,182.06,33.16
2025-12-29,Product A,248.62,38.47
2025-12-29,Product A,215.3,42.65
2025-12-29,Product A,167.01,24.21
2025-12-29,Product A,220.52,14.31
2025-12-29,Product A,191.01,41.28
2025-12-29,Product A,234.57,42.87
2025-12-29,Product A,231.91,41.15
2025-12-29,Product B,209.05,47.71
2025-12-29,Product B,211.61,32.71
2025-12-29,Product B,160.27,37.46
2025-12-29,Product C,89.6,21.29
2025-12-29,Product C,167.07,29.81
2025-12-29,Product C,118.7,37.42
2025-12-29,Product C,133.58,49.23
2025-12-29,Product C,103.88,14.94
2025-12-29,Product C,146.93,22.76
2025-12-29,Product C,115.67,24.92
2025-12-29,Product C,142.79,36.33
2025-12-29,Product D,109.97,29.72
2025-12-29,Product D,97.19,11.0
2025-12-29,Product D,80.98,16.11
2025-12-29,Product D,83.24,18.18
2025-12-30,Product A,194.36,32.16
2025-12-30,Product A,228.66,34.75
2025-12-30,Product A,194.19,38.83
2025-12-30,Product A,202.2,38.71
2025-12-30,Product A,188.05,21.15
2025-12-30,Product A,229.12,40.97
2025-12-30,Product A,232.79,35.31
2025-12-30,Product A,195.01,44.04
2025-12-30,Product A,178.99,40.44
2025-12-30,Product B,160.09,32.37
2025-12-30,Product B,195.54,24.85
2025-12-30,Product B,196.12,36.97
2025-12-30,Product B,214.47,41.01
2025-12-30,Product B,204.54,38.59
2025-12-30,Product C,133.96,32.61
2025-12-30,Product C,116.11,19.66
2025-12-30,Product C,144.14,34.51
2025-12-30,Product C,97.59,19.92
2025-12-30,Product C,81.65,18.25
2025-12-30,Product D,110.54,41.81
2025-12-30,Product D,118.7,25.86
2025-12-30,Product D,70.05,10.0
2025-12-31,Product A,217.61,24.08
2025-12-31,Product A,221.7,42.05
2025-12-31,Product A,209.75,25.95
2025-12-31,Product A,251.18,34.14
2025-12-31,Product A,227.04,40.2
2025-12-31,Product A,225.72,52.03
2025-12-31,Product A,224.86,33.76
2025-12-31,Product A,236.83,35.21
2025-12-31,Product A,216.1,26.39
2025-12-31,Product A,189.77,32.67
2025-12-31,Product B,177.91,34.98
2025-12-31,Product B,159.14,16.74
2025-12-31,Product B,190.23,23.54
2025-12-31,Product B,157.05,33.39
2025-12-31,Product B,192.8,22.75
2025-12-31,Product B,167.63,21.27
2025-12-31,Product B,220.33,44.7
2025-12-31,Product B,171.99,33.85
2025-12-31,Product B,151.41,20.36
2025-12-31,Product B,183.56,34.82
2025-12-31,Product C,98.02,24.76
2025-12-31,Product C,152.38,34.74
2025-12-31,Product C,110.94,26.2
2025-12-31,Product C,94.99,31.37
2025-12-31,Product C,124.11,21.95
2025-12-31,Product C,116.33,21.38
2025-12-31,Product C,148.86,31.13
2025-12-31,Product C,123.42,31.74
2025-12-31,Product C,103.7,24.36
2025-12-31,Product D,124.42,17.94
2025-12-31,Product D,87.47,24.58
2025-12-31,Product D,105.58,26.9
2025-12-31,Product D,155.58,39.14
2025-12-31,Product D,119.88,23.92
2025-12-31,Product D,73.16,13.58
2026-01-01,Product A,204.45,31.41
2026-01-01,Product A,173.93,34.42
2026-01-01,Product A,150.77,25.05
2026-01-01,Product A,164.14,23.79
2026-01-01,Product A,160.33,36.15
2026-01-01,Product A,156.83,31.19
2026-01-01,Product A,176.92,18.9
2026-01-01,Product A,181.42,19.53
2026-01-01,Product A,183.82,27.19
2026-01-01,Product A,170.18,18.58
2026-01-01,Product A,172.69,36.77
2026-01-01,Product A,152.25,21.03
2026-01-01,Product B,104.18,23.11
2026-01-01,Product B,132.57,26.89
2026-01-01,Product B,140.19,25.74
2026-01-01,Product B,127.95,28.67
2026-01-01,Product B,118.86,38.17
2026-01-01,Product B,194.23,46.08
2026-01-01,Product C,85.82,30.91
2026-01-01,Product C,144.83,31.61
2026-01-01,Product C,93.05,15.78
2026-01-01,Product D,113.44,14.82
2026-01-01,Product D,78.34,10.0
2026-01-01,Product D,46.94,24.71
2026-01-01,Product D,140.84,31.73
2026-01-01,Product D,76.88,14.53
2026-01-01,Product D,114.22,21.01
2026-01-01,Product D,100.23,21.95
2026-01-02,Product A,190.24,18.0
2026-01-02,Product A,159.65,27.36
2026-01-02,Product A,212.31,20.41
2026-01-02,Product A,167.88,40.19
2026-01-02,Product A,152.73,24.26
2026-01-02,Product A,177.3,31.62
2026-01-02,Product A,204.45,38.34
2026-01-02,Product A,199.21,30.99
2026-01-02,Product B,119.84,26.54
2026-01-02,Product B,134.48,32.13
2026-01-02,Product B,136.36,28.24
2026-01-02,Product B,148.95,31.27
2026-01-02,Product B,147.42,11.75
2026-01-02,Product B,167.19,27.72
2026-01-02,Product C,129.31,30.75
2026-01-02,Product C,111.77,26.45
2026-01-02,Product C,146.24,31.74
2026-01-02,Product C,131.69,29.34
2026-01-02,Product C,122.74,40.79
2026-01-02,Product C,146.44,32.85
2026-01-02,Product C,124.72,21.82
2026-01-02,Product C,116.19,28.04
2026-01-02,Product D,116.49,24.92
2026-01-02,Product D,73.29,26.81
2026-01-03,Product A,147.35,29.09
2026-01-03,Product A,163.88,30.5
2026-01-03,Product A,186.35,27.15
2026-01-03,Product A,145.45,27.81
2026-01-03,Product A,158.27,28.07
2026-01-03,Product A,140.45,21.86
2026-01-03,Product A,185.73,36.42
2026-01-03,Product A,152.66,16.61
2026-01-03,Product A,170.35,33.45
2026-01-03,Product B,140.02,24.57
2026-01-03,Product B,149.27,34.5
2026-01-03,Product B,146.87,35.19
2026-01-03,Product B,142.41,21.41
2026-01-03,Product B,130.28,10.0
2026-01-03,Product B,151.07,42.11
2026-01-03,Product B,155.08,31.86
2026-01-03,Product B,135.91,21.15
2026-01-03,Product B,166.66,44.4
2026-01-03,Product C,103.42,11.17
2026-01-03,Product C,95.21,21.34
2026-01-03,Product C,113.58,13.23
2026-01-03,Product D,87.99,10.0
2026-01-04,Product A,158.14,19.54
2026-01-04,Product A,169.84,25.34
2026-01-04,Product A,204.12,32.11
2026-01-04,Product A,168.83,48.5
2026-01-04,Product A,165.72,32.62
2026-01-04,Product A,184.22,37.17
2026-01-04,Product A,176.37,31.53
2026-01-04,Product A,172.21,24.67
2026-01-04,Product B,185.11,33.12
2026-01-04,Product B,150.42,23.13
2026-01-04,Product B,165.74,39.04
2026-01-04,Product B,122.23,17.96
2026-01-04,Product B,165.13,27.04
2026-01-04,Product B,134.15,30.88
2026-01-04,Product B,169.28,25.18
2026-01-04,Product B,149.67,15.78
2026-01-04,Product B,125.3,22.29
2026-01-04,Product B,145.69,17.03
2026-01-04,Product B,129.25,13.45
2026-01-04,Product B,155.01,10.61
2026-01-04,Product C,80.27,20.05
2026-01-04,Product C,98.24,12.07
2026-01-04,Product C,117.5,35.68
2026-01-04,Product C,133.19,23.58
2026-01-04,Product C,135.51,11.86
2026-01-04,Product C,103.44,16.17
2026-01-04,Product D,91.16,20.23
2026-01-04,Product D,106.88,24.71
2026-01-05,Product A,167.08,10.0
2026-01-05,Product A,171.26,29.26
2026-01-05,Product A,192.85,43.26
2026-01-05,Product A,165.87,34.73
2026-01-05,Product A,145.77,30.92
2026-01-05,Product A,157.41,17.28
2026-01-05,Product A,165.92,39.41
2026-01-05,Product A,173.98,41.55
2026-01-05,Product A,153.53,34.48
2026-01-05,Product A,155.65,28.26
2026-01-05,Product A,174.77,35.0
2026-01-05,Product A,175.52,23.92
2026-01-05,Product A,189.37,46.05
2026-01-05,Product A,157.16,12.04
2026-01-05,Product A,180.99,28.12
2026-01-05,Product A,167.12,32.86
2026-01-05,Product B,120.15,10.0
2026-01-05,Product B,158.98,32.5
2026-01-05,Product B,136.9,25.62
2026-01-05,Product B,149.14,30.17
2026-01-05,Product B,158.3,10.0
2026-01-05,Product B,139.71,27.89
2026-01-05,Product B,135.97,23.4
2026-01-05,Product C,57.29,10.0
2026-01-05,Product C,90.23,21.62
2026-01-05,Product C,123.36,32.71
2026-01-05,Product C,150.73,32.95
2026-01-05,Product C,170.17,39.3
2026-01-05,Product C,91.18,15.56
2026-01-05,Product D,88.44,18.17
2026-01-05,Product D,85.14,25.22
2026-01-06,Product A,182.6,27.22
2026-01-06,Product A,158.26,16.14
2026-01-06,Product A,157.42,36.18
2026-01-06,Product A,172.0,23.32
2026-01-06,Product A,197.2,28.84
2026-01-06,Product A,201.24,45.44
2026-01-06,Product A,171.23,17.12
2026-01-06,Product A,220.37,40.56
2026-01-06,Product A,162.87,35.34
2026-01-06,Product A,185.45,42.01
2026-01-06,Product A,155.43,28.97
2026-01-06,Product B,141.78,22.09
2026-01-06,Product B,125.9,27.73
2026-01-06,Product B,177.77,25.77
2026-01-06,Product B,157.18,30.18
2026-01-06,Product C,71.81,10.0
2026-01-06,Product C,119.95,42.15
2026-01-06,Product C,104.63,29.93
2026-01-06,Product C,109.44,24.52
2026-01-06,Product C,146.72,29.51
2026-01-06,Product C,104.82,34.4
2026-01-06,Product C,121.0,35.35
2026-01-06,Product D,101.02,25.7
2026-01-07,Product A,168.58,32.17
2026-01-07,Product A,173.48,10.0
2026-01-07,Product A,162.88,31.09
2026-01-07,Product A,206.09,48.53
2026-01-07,Product A,140.01,21.0
2026-01-07,Product A,135.55,35.2
2026-01-07,Product A,192.28,35.49
2026-01-07,Product A,173.65,40.57
2026-01-07,Product A,196.65,42.69
2026-01-07,Product A,180.05,27.81
2026-01-07,Product A,186.88,38.3
2026-01-07,Product A,165.81,25.38
2026-01-07,Product B,112.24,25.06
2026-01-07,Product B,154.24,24.0
2026-01-07,Product B,142.79,30.37
2026-01-07,Product B,120.01,22.04
2026-01-07,Product B,160.39,13.01
2026-01-07,Product B,160.07,13.82
2026-01-07,Product B,142.41,14.9
2026-01-07,Product B,176.49,20.75
2026-01-07,Product B,108.7,19.55
2026-01-07,Product B,135.9,11.07
2026-01-07,Product B,156.57,10.68
2026-01-07,Product B,122.2,16.17
2026-01-07,Product B,162.65,38.01
2026-01-07,Product B,169.26,27.55
2026-01-07,Product C,88.83,10.36
2026-01-07,Product C,140.74,27.51
2026-01-07,Product C,94.0,32.9
2026-01-07,Product C,130.14,25.58
2026-01-07,Product C,94.79,37.23
2026-01-07,Product C,119.46,37.46
2026-01-07,Product C,139.66,26.56
2026-01-07,Product D,107.1,22.59
2026-01-07,Product D,72.27,17.99
2026-01-07,Product D,65.31,10.64
2026-01-08,Product A,157.93,40.92
2026-01-08,Product A,157.28,25.31
2026-01-08,Product A,185.84,21.69
2026-01-08,Product A,185.65,36.23
2026-01-08,Product A,197.93,40.77
2026-01-08,Product A,198.6,32.88
2026-01-08,Product A,151.02,42.55
2026-01-08,Product A,136.41,11.78
2026-01-08,Product B,157.54,31.08
2026-01-08,Product B,140.26,15.09
2026-01-08,Product B,157.43,31.67
2026-01-08,Product B,164.67,30.49
2026-01-08,Product B,119.29,25.8
2026-01-08,Product B,144.97,20.78
2026-01-08,Product B,138.52,18.03
2026-01-08,Product B,164.55,16.63
2026-01-08,Product B,123.14,18.3
2026-01-08,Product B,180.5,39.12
2026-01-08,Product B,108.9,29.32
2026-01-08,Product B,174.69,20.31
2026-01-08,Product C,110.82,33.6
2026-01-08,Product C,148.56,40.32
2026-01-08,Product C,90.29,26.76
2026-01-08,Product C,131.2,15.49
2026-01-08,Product C,74.53,24.7
2026-01-08,Product C,116.04,15.25
2026-01-08,Product C,115.42,28.3
2026-01-08,Product D,102.91,13.6
2026-01-08,Product D,102.1,11.82
2026-01-08,Product D,93.45,11.21
2026-01-08,Product D,70.4,28.65
2026-01-08,Product D,96.3,22.85
2026-01-09,Product A,120.67,12.54
2026-01-09,Product A,145.86,30.69
2026-01-09,Product A,110.23,15.15
2026-01-09,Product A,201.37,34.29
2026-01-09,Product A,189.72,19.12
2026-01-09,Product A,134.76,34.41
2026-01-09,Product A,172.23,30.11
2026-01-09,Product A,145.4,25.52
2026-01-09,Product B,159.42,38.96
2026-01-09,Product B,140.61,20.67
2026-01-09,Product B,146.58,19.9
2026-01-09,Product B,132.38,25.8
2026-01-09,Product B,149.08,42.4
2026-01-09,Product B,154.65,35.5
2026-01-09,Product B,121.43,24.84
2026-01-09,Product B,129.09,25.11
2026-01-09,Product B,160.15,27.62
2026-01-09,Product C,107.58,28.16
2026-01-09,Product C,147.13,23.14
2026-01-09,Product C,108.72,24.7
2026-01-09,Product C,115.9,32.33
2026-01-09,Product C,195.59,46.38
2026-01-09,Product C,103.83,12.47
2026-01-09,Product C,112.84,17.3
2026-01-09,Product D,109.06,31.13
2026-01-09,Product D,123.11,30.51
2026-01-09,Product D,118.12,20.67
2026-01-09,Product D,115.2,32.58
2026-01-09,Product D,128.28,14.87
2026-01-10,Product A,158.53,23.01
2026-01-10,Product A,154.98,20.45
2026-01-10,Product A,164.04,25.62
2026-01-10,Product A,211.23,32.76
2026-01-10,Product A,177.57,25.57
2026-01-10,Product A,157.03,13.06
2026-01-10,Product A,135.43,13.37
2026-01-10,Product B,135.17,22.6
2026-01-10,Product B,177.02,33.76
2026-01-10,Product B,128.28,23.08
2026-01-10,Product B,126.79,24.92
2026-01-10,Product B,156.34,15.64
2026-01-10,Product B,148.85,24.36
2026-01-10,Product C,90.95,10.0
2026-01-10,Product C,118.46,19.49
2026-01-10,Product C,128.75,12.56
2026-01-10,Product C,105.76,27.03
2026-01-10,Product C,97.34,24.69
2026-01-10,Product D,108.09,31.4
2026-01-11,Product A,130.57,25.15
2026-01-11,Product A,193.83,37.72
2026-01-11,Product A,160.83,19.79
2026-01-11,Product A,171.78,31.18
2026-01-11,Product A,172.11,27.82
2026-01-11,Product A,146.18,28.23
2026-01-11,Product A,180.36,32.27
2026-01-11,Product A,172.44,42.75
2026-01-11,Product A,156.26,36.82
2026-01-11,Product A,153.85,35.03
2026-01-11,Product A,197.13,31.17
2026-01-11,Product B,150.14,25.03
2026-01-11,Product B,171.2,26.18
2026-01-11,Product B,167.16,15.08
2026-01-11,Product B,135.02,31.35
2026-01-11,Product B,179.54,24.34
2026-01-11,Product B,125.42,25.86
2026-01-11,Product B,131.29,20.17
2026-01-11,Product B,164.28,23.57
2026-01-11,Product B,101.76,10.0
2026-01-11,Product B,145.22,10.0
2026-01-11,Product C,159.68,31.4
2026-01-11,Product C,113.71,17.48
2026-01-11,Product C,145.22,10.0
2026-01-11,Product C,110.26,23.89
2026-01-11,Product C,105.46,30.11
2026-01-11,Product C,146.44,20.92
2026-01-11,Product C,166.06,25.15
2026-01-11,Product C,148.35,33.84
2026-01-11,Product C,108.92,20.69
2026-01-11,Product D,69.7,11.97
2026-01-11,Product D,104.51,23.96
2026-01-11,Product D,138.44,12.77
2026-01-11,Product D,105.33,23.22
2026-01-11,Product D,112.94,30.58
2026-01-11,Product D,91.37,21.48
2026-01-12,Product A,198.54,59.62
2026-01-12,Product A,196.84,28.94
2026-01-12,Product A,183.86,36.64
2026-01-12,Product A,149.65,15.35
2026-01-12,Product A,168.61,35.13
2026-01-12,Product A,134.54,17.1
2026-01-12,Product A,182.6,31.38
2026-01-12,Product B,123.78,10.0
2026-01-12,Product B,141.21,13.85
2026-01-12,Product B,115.3,23.82
2026-01-12,Product B,105.89,29.3
2026-01-12,Product B,148.51,24.9
2026-01-12,Product B,122.24,26.9
2026-01-12,Product B,144.94,19.15
2026-01-12,Product B,149.4,11.94
2026-01-12,Product B,109.02,10.0
2026-01-12,Product B,152.69,25.93
2026-01-12,Product B,168.08,21.21
2026-01-12,Product B,157.64,25.89
2026-01-12,Product B,124.25,24.2
2026-01-12,Product B,143.55,19.37
2026-01-12,Product C,91.29,20.68
2026-01-12,Product C,102.34,14.35
2026-01-12,Product C,114.7,31.11
2026-01-12,Product D,83.69,35.77
2026-01-12,Product D,131.9,34.67
2026-01-12,Product D,102.84,10.0
2026-01-12,Product D,98.45,17.27
2026-01-12,Product D,77.03,18.19
2026-01-12,Product D,84.64,25.58
2026-01-12,Product D,52.41,12.13
2026-01-13,Product A,173.61,27.81
2026-01-13,Product A,155.47,22.67
2026-01-13,Product A,166.6,22.18
2026-01-13,Product B,135.39,20.46
2026-01-13,Product B,117.57,23.09
2026-01-13,Product B,133.88,19.92
2026-01-13,Product B,132.49,46.2
2026-01-13,Product B,130.42,10.0
2026-01-13,Product B,109.8,24.74
2026-01-13,Product B,174.4,24.19
2026-01-13,Product C,105.11,21.73
2026-01-13,Product C,163.59,38.0
2026-01-13,Product C,139.13,34.93
2026-01-13,Product C,126.01,28.59
2026-01-13,Product C,139.74,36.49
2026-01-13,Product C,125.81,22.13
2026-01-13,Product D,73.83,10.45
2026-01-13,Product D,94.61,14.04
2026-01-13,Product D,114.45,20.9
2026-01-13,Product D,109.39,13.43
2026-01-13,Product D,55.25,10.32
2026-01-13,Product D,60.49,25.45
2026-01-13,Product D,61.34,10.0
2026-01-13,Product D,104.1,18.21
2026-01-14,Product A,151.81,23.2
2026-01-14,Product A,165.01,34.04
2026-01-14,Product A,144.3,40.68
2026-01-14,Product A,153.3,25.99
2026-01-14,Product A,144.48,14.18
2026-01-14,Product A,150.76,17.87
2026-01-14,Product A,160.89,19.52
2026-01-14,Product A,185.3,25.24
2026-01-14,Product B,126.84,14.48
2026-01-14,Product B,155.13,24.07
2026-01-14,Product B,190.79,42.44
2026-01-14,Product B,173.81,34.92
2026-01-14,Product B,135.7,27.85
2026-01-14,Product B,137.33,36.39
2026-01-14,Product B,153.89,28.26
2026-01-14,Product B,147.8,39.05
2026-01-14,Product B,113.46,33.99
2026-01-14,Product B,140.9,12.7
2026-01-14,Product B,128.45,10.0
2026-01-14,Product B,159.38,18.79
2026-01-14,Product C,176.63,45.08
2026-01-14,Product C,114.18,20.23
2026-01-14,Product C,119.06,27.23
2026-01-14,Product C,110.78,28.61
2026-01-14,Product C,99.02,14.12
2026-01-14,Product D,54.79,12.93
2026-01-14,Product D,57.93,18.29
2026-01-14,Product D,89.53,34.51
2026-01-15,Product A,146.74,37.93
2026-01-15,Product A,163.56,24.16
2026-01-15,Product A,107.75,23.39
2026-01-15,Product A,172.22,30.08
2026-01-15,Product A,161.14,22.79
2026-01-15,Product A,161.87,31.22
2026-01-15,Product A,184.06,29.44
2026-01-15,Product A,190.88,31.82
2026-01-15,Product A,158.91,28.6
2026-01-15,Product A,140.09,25.68
2026-01-15,Product A,136.07,14.91
2026-01-15,Product A,125.59,19.95
2026-01-15,Product B,131.19,22.31
2026-01-15,Product B,131.08,17.82
2026-01-15,Product B,166.68,36.54
2026-01-15,Product B,108.77,11.95
2026-01-15,Product B,134.79,27.71
2026-01-15,Product C,116.9,22.4
2026-01-15,Product C,62.32,14.7
2026-01-15,Product C,115.99,35.69
2026-01-15,Product C,120.12,16.39
2026-01-15,Product C,114.32,10.0
2026-01-15,Product D,89.56,27.08
2026-01-16,Product A,184.13,43.63
2026-01-16,Product A,161.9,38.2
2026-01-16,Product A,147.03,16.35
2026-01-16,Product A,186.56,19.68
2026-01-16,Product B,155.44,26.19
2026-01-16,Product B,136.04,22.46
2026-01-16,Product B,180.08,27.07
2026-01-16,Product B,134.62,10.0
2026-01-16,Product B,144.07,29.75
2026-01-16,Product B,163.4,28.64
2026-01-16,Product B,166.03,34.07
2026-01-16,Product C,134.6,35.86
2026-01-16,Product C,154.54,44.25
2026-01-16,Product C,162.8,40.77
2026-01-16,Product C,125.03,16.43
2026-01-16,Product D,92.86,27.91
2026-01-16,Product D,35.09,10.0
2026-01-16,Product D,121.45,41.68
2026-01-16,Product D,111.1,37.92
2026-01-17,Product A,181.62,30.97
2026-01-17,Product A,162.07,23.02
2026-01-17,Product A,181.11,37.03
2026-01-17,Product A,145.13,14.37
2026-01-17,Product A,191.0,21.47
2026-01-17,Product A,182.04,43.88
2026-01-17,Product B,163.67,25.13
2026-01-17,Product B,172.28,28.97
2026-01-17,Product B,147.9,22.95
2026-01-17,Product B,133.5,18.32
2026-01-17,Product B,150.97,19.47
2026-01-17,Product B,165.97,33.44
2026-01-17,Product B,169.19,19.73
2026-01-17,Product C,116.32,24.86
2026-01-17,Product C,120.52,35.67
2026-01-17,Product C,103.39,10.0
2026-01-17,Product C,127.11,11.61
2026-01-17,Product C,113.38,34.44
2026-01-17,Product C,132.74,37.54
2026-01-17,Product C,133.65,48.69
2026-01-17,Product C,107.06,26.74
2026-01-17,Product D,132.81,24.97
2026-01-17,Product D,125.96,32.46
2026-01-18,Product A,188.47,17.84
2026-01-18,Product A,167.98,32.23
2026-01-18,Product A,171.14,39.85
2026-01-18,Product A,151.92,10.0
2026-01-18,Product A,187.83,27.63
2026-01-18,Product A,131.31,21.05
2026-01-18,Product A,197.07,23.4
2026-01-18,Product A,221.39,30.93
2026-01-18,Product A,171.91,19.47
2026-01-18,Product A,170.92,27.99
2026-01-18,Product A,137.23,45.94
2026-01-18,Product B,164.84,14.94
2026-01-18,Product B,127.33,21.62
2026-01-18,Product B,154.79,24.23
2026-01-18,Product B,178.42,36.12
2026-01-18,Product B,159.18,17.23
2026-01-18,Product B,182.39,24.58
2026-01-18,Product B,183.23,47.33
2026-01-18,Product C,140.34,21.12
2026-01-18,Product C,113.54,10.0
2026-01-18,Product C,129.09,13.33
2026-01-18,Product C,144.87,41.33
2026-01-18,Product D,90.22,21.78
2026-01-19,Product A,173.53,31.36
2026-01-19,Product A,174.34,37.66
2026-01-19,Product A,182.67,34.59
2026-01-19,Product A,186.19,17.06
2026-01-19,Product A,130.69,21.61
2026-01-19,Product A,165.65,32.8
2026-01-19,Product A,170.44,33.63
2026-01-19,Product A,142.6,24.16
2026-01-19,Product B,108.8,13.12
2026-01-19,Product B,111.97,10.0
2026-01-19,Product B,147.59,29.57
2026-01-19,Product B,154.69,31.12
2026-01-19,Product B,144.74,22.42
2026-01-19,Product B,121.39,17.12
2026-01-19,Product B,115.93,12.95
2026-01-19,Product B,146.96,24.04
2026-01-19,Product C,105.65,20.19
2026-01-19,Product C,121.62,31.23
2026-01-19,Product C,114.84,23.25
2026-01-19,Product C,82.14,22.39
2026-01-19,Product C,104.69,29.01
2026-01-19,Product C,148.96,31.27
2026-01-19,Product C,97.49,21.31
2026-01-19,Product C,127.67,25.56
2026-01-19,Product C,107.59,28.18
2026-01-19,Product C,130.95,26.04
2026-01-19,Product D,98.33,10.0
2026-01-19,Product D,96.78,25.41
2026-01-19,Product D,109.02,24.92
2026-01-20,Product A,215.27,38.47
2026-01-20,Product A,155.95,24.74
2026-01-20,Product A,180.41,18.17
2026-01-20,Product A,157.41,38.24
2026-01-20,Product A,146.99,19.0
2026-01-20,Product A,170.29,31.21
2026-01-20,Product A,156.25,27.18
2026-01-20,Product A,183.37,46.86
2026-01-20,Product A,167.22,28.1
2026-01-20,Product A,203.6,30.22
2026-01-20,Product A,140.86,25.95
2026-01-20,Product A,193.68,35.81
2026-01-20,Product A,167.87,16.95
2026-01-20,Product B,136.48,17.62
2026-01-20,Product B,150.45,29.12
2026-01-20,Product B,154.52,18.45
2026-01-20,Product C,163.8,28.52
2026-01-20,Product C,132.53,36.12
2026-01-20,Product C,136.68,27.23
2026-01-20,Product C,148.14,32.59
2026-01-20,Product D,93.99,26.97
2026-01-20,Product D,90.62,10.0
2026-01-20,Product D,107.52,17.18
2026-01-20,Product D,65.87,10.0
2026-01-20,Product D,101.23,21.5
2026-01-20,Product D,48.08,10.0
2026-01-21,Product A,187.5,40.05
2026-01-21,Product A,109.0,32.4
2026-01-21,Product A,184.0,50.97
2026-01-21,Product B,138.94,28.85
2026-01-21,Product B,168.65,27.97
2026-01-21,Product C,103.32,21.69
2026-01-21,Product C,105.24,22.99
2026-01-21,Product C,97.14,11.13
2026-01-21,Product C,146.9,24.56
2026-01-21,Product C,120.01,34.04
2026-01-21,Product C,140.11,37.18
2026-01-21,Product C,126.66,33.66
2026-01-21,Product C,150.21,36.45
2026-01-21,Product C,79.58,13.28
2026-01-21,Product D,130.64,28.24
2026-01-22,Product A,171.44,40.88
2026-01-22,Product A,135.33,10.0
2026-01-22,Product A,186.93,38.7
2026-01-22,Product A,165.75,31.38
2026-01-22,Product A,186.39,25.18
2026-01-22,Product A,154.45,27.77
2026-01-22,Product A,189.89,22.95
2026-01-22,Product A,165.65,26.21
2026-01-22,Product A,179.2,30.39
2026-01-22,Product B,158.19,31.3
2026-01-22,Product B,190.93,26.48
2026-01-22,Product B,109.37,10.19
2026-01-22,Product B,129.52,14.22
2026-01-22,Product B,147.06,35.02
2026-01-22,Product B,178.87,34.44
2026-01-22,Product B,192.11,29.81
2026-01-22,Product C,142.08,31.42
2026-01-22,Product C,101.74,12.4
2026-01-22,Product C,102.19,25.62
2026-01-22,Product C,127.56,21.66
2026-01-22,Product C,71.36,19.06
2026-01-22,Product C,100.25,27.57
2026-01-22,Product C,103.37,14.84
2026-01-22,Product C,123.37,46.0
2026-01-22,Product D,56.48,10.0
2026-01-22,Product D,39.76,22.59
2026-01-23,Product A,131.35,14.94
2026-01-23,Product A,141.89,23.07
2026-01-23,Product A,174.56,25.65
2026-01-23,Product A,187.1,32.44
2026-01-23,Product A,193.37,30.02
2026-01-23,Product A,237.0,35.77
2026-01-23,Product A,150.13,17.31
2026-01-23,Product A,165.36,14.35
2026-01-23,Product A,176.48,14.76
2026-01-23,Product A,173.56,18.7
2026-01-23,Product B,154.15,18.13
2026-01-23,Product B,136.93,16.86
2026-01-23,Product B,162.6,14.53
2026-01-23,Product B,115.5,14.9
2026-01-23,Product B,160.02,37.07
2026-01-23,Product B,175.37,34.05
2026-01-23,Product B,143.18,30.7
2026-01-23,Product B,119.82,10.0
2026-01-23,Product B,154.61,18.24
2026-01-23,Product B,143.56,25.36
2026-01-23,Product C,110.28,25.12
2026-01-23,Product C,106.88,21.94
2026-01-23,Product C,177.6,40.53
2026-01-23,Product D,122.98,29.32
2026-01-23,Product D,92.48,27.5
2026-01-23,Product D,75.11,10.78
2026-01-23,Product D,93.83,10.0
2026-01-23,Product D,113.21,17.2
2026-01-23,Product D,84.63,16.91
2026-01-24,Product A,123.7,19.38
2026-01-24,Product A,159.68,30.5
2026-01-24,Product A,138.01,19.46
2026-01-24,Product A,167.75,37.08
2026-01-24,Product A,177.31,20.67
2026-01-24,Product A,159.28,34.17
2026-01-24,Product B,204.31,31.43
2026-01-24,Product B,154.89,20.2
2026-01-24,Product B,156.61,33.59
2026-01-24,Product C,66.9,28.84
2026-01-24,Product C,102.35,20.55
2026-01-24,Product C,156.1,33.21
2026-01-24,Product C,116.41,15.78
2026-01-24,Product C,84.03,17.16
2026-01-24,Product D,98.55,37.47
2026-01-24,Product D,95.16,13.39
2026-01-24,Product D,93.88,18.03
2026-01-24,Product D,104.56,23.22
2026-01-24,Product D,67.28,10.0
2026-01-25,Product A,186.46,28.0
2026-01-25,Product A,165.55,27.19
2026-01-25,Product A,168.87,38.05
2026-01-25,Product A,118.36,20.37
2026-01-25,Product A,168.25,17.63
2026-01-25,Product A,184.78,25.62
2026-01-25,Product A,162.15,42.36
2026-01-25,Product A,192.22,37.27
2026-01-25,Product A,178.38,29.01
2026-01-25,Product B,154.43,24.1
2026-01-25,Product B,156.67,30.17
2026-01-25,Product B,131.62,27.44
2026-01-25,Product B,134.05,19.33
2026-01-25,Product B,133.29,31.71
2026-01-25,Product B,138.83,34.58
2026-01-25,Product C,107.05,20.23
2026-01-25,Product C,148.54,33.96
2026-01-25,Product C,148.24,36.57
2026-01-25,Product C,113.2,21.78
2026-01-25,Product C,132.36,35.68
2026-01-25,Product C,141.93,29.13
2026-01-25,Product D,122.7,16.15
2026-01-25,Product D,81.86,15.15
2026-01-25,Product D,112.48,20.52
2026-01-25,Product D,85.55,10.0
2026-01-25,Product D,105.63,21.95
2026-01-25,Product D,80.61,15.66
2026-01-26,Product A,195.57,41.92
2026-01-26,Product A,143.92,34.91
2026-01-26,Product A,162.13,21.52
2026-01-26,Product A,166.27,34.91
2026-01-26,Product A,181.89,28.88
2026-01-26,Product A,188.43,33.15
2026-01-26,Product A,157.39,21.09
2026-01-26,Product A,179.03,29.77
2026-01-26,Product A,139.74,30.53
2026-01-26,Product B,127.58,10.0
2026-01-26,Product B,107.13,13.92
2026-01-26,Product B,131.06,20.49
2026-01-26,Product B,95.01,15.42
2026-01-26,Product B,167.61,41.48
2026-01-26,Product B,103.32,11.15
2026-01-26,Product B,126.21,22.62
2026-01-26,Product B,118.17,33.55
2026-01-26,Product C,133.93,31.66
2026-01-26,Product C,98.52,28.96
2026-01-26,Product C,90.13,10.0
2026-01-26,Product C,107.7,39.33
2026-01-26,Product C,161.75,31.98
2026-01-26,Product C,105.17,10.01
2026-01-26,Product C,121.72,28.07
2026-01-26,Product C,137.37,37.51
2026-01-26,Product D,60.45,10.0
2026-01-26,Product D,89.06,10.0
2026-01-26,Product D,86.05,15.93
2026-01-26,Product D,123.81,28.38
2026-01-26,Product D,117.65,28.3
2026-01-26,Product D,83.22,19.38
2026-01-26,Product D,111.05,33.98
2026-01-26,Product D,92.09,10.0
2026-01-27,Product A,145.5,16.59
2026-01-27,Product A,153.15,26.95
2026-01-27,Product A,183.66,40.76
2026-01-27,Product A,192.99,32.81
2026-01-27,Product A,192.45,27.35
2026-01-27,Product A,129.94,16.72
2026-01-27,Product A,152.26,20.83
2026-01-27,Product B,140.49,18.09
2026-01-27,Product B,160.77,34.98
2026-01-27,Product B,144.59,18.05
2026-01-27,Product B,150.95,23.8
2026-01-27,Product B,139.7,19.65
2026-01-27,Product B,165.35,30.11
2026-01-27,Product B,167.79,39.21
2026-01-27,Product B,155.1,22.32
2026-01-27,Product B,167.89,32.27
2026-01-27,Product C,131.47,38.16
2026-01-27,Product C,126.79,24.19
2026-01-27,Product C,112.81,14.23
2026-01-27,Product C,156.55,30.11
2026-01-27,Product C,141.28,33.29
2026-01-27,Product C,126.68,26.93
2026-01-27,Product D,119.76,37.43
2026-01-27,Product D,85.96,22.3
2026-01-27,Product D,95.99,11.86
2026-01-28,Product A,163.89,33.2
2026-01-28,Product A,185.94,33.1
2026-01-28,Product A,194.04,43.14
2026-01-28,Product A,187.96,27.58
2026-01-28,Product A,180.88,34.74
2026-01-28,Product A,152.06,13.29
2026-01-28,Product A,125.5,21.89
2026-01-28,Product A,176.56,20.56
2026-01-28,Product A,193.01,34.03
2026-01-28,Product B,113.27,20.06
2026-01-28,Product B,122.98,29.87
2026-01-28,Product B,136.04,36.92
2026-01-28,Product B,98.27,17.78
2026-01-28,Product B,176.45,22.87
2026-01-28,Product C,125.38,17.22
2026-01-28,Product C,117.56,29.99
2026-01-28,Product D,111.07,16.11
2026-01-28,Product D,66.53,10.0
2026-01-29,Product A,157.82,28.32
2026-01-29,Product A,135.9,18.54
2026-01-29,Product A,192.21,26.95
2026-01-29,Product A,187.92,13.3
2026-01-29,Product A,157.69,25.44
2026-01-29,Product A,208.34,26.07
2026-01-29,Product A,184.76,39.86
2026-01-29,Product B,157.78,33.0
2026-01-29,Product B,132.76,34.85
2026-01-29,Product B,173.96,34.99
2026-01-29,Product B,126.45,13.33
2026-01-29,Product B,137.81,23.91
2026-01-29,Product B,106.09,21.99
2026-01-29,Product B,173.32,34.08
2026-01-29,Product B,130.13,15.77
2026-01-29,Product C,150.77,36.57
2026-01-29,Product C,117.58,23.84
2026-01-29,Product C,81.84,28.72
2026-01-29,Product C,112.92,28.89
2026-01-29,Product C,134.94,19.72
2026-01-29,Product C,99.69,34.31
2026-01-29,Product C,126.39,23.16
2026-01-29,Product C,117.22,34.48
2026-01-29,Product C,140.55,19.19
2026-01-29,Product C,155.95,42.04
2026-01-29,Product D,89.89,44.79
2026-01-29,Product D,95.36,15.04
2026-01-29,Product D,72.81,30.19
2026-01-29,Product D,113.65,36.26
2026-01-29,Product D,100.46,32.13
2026-01-29,Product D,76.34,18.1
2026-01-30,Product A,171.41,15.73
2026-01-30,Product A,118.94,26.87
2026-01-30,Product A,161.76,25.41
2026-01-30,Product B,127.63,18.08
2026-01-30,Product B,185.47,40.36
2026-01-30,Product B,129.91,18.33
2026-01-30,Product B,116.91,25.51
2026-01-30,Product B,139.51,10.0
2026-01-30,Product B,147.22,28.54
2026-01-30,Product B,166.19,27.67
2026-01-30,Product B,136.8,39.15
2026-01-30,Product B,145.14,30.43
2026-01-30,Product B,133.13,28.15
2026-01-30,Product B,112.98,15.51
2026-01-30,Product C,141.88,40.25
2026-01-30,Product C,108.19,10.0
2026-01-30,Product C,105.16,27.52
2026-01-30,Product C,118.53,27.52
2026-01-30,Product C,108.49,31.98
2026-01-30,Product C,127.55,32.75
2026-01-30,Product C,123.5,31.36
2026-01-30,Product C,130.09,21.2
2026-01-30,Product C,128.21,34.54
2026-01-30,Product C,145.41,35.32
2026-01-30,Product C,98.76,15.24
2026-01-30,Product C,110.43,25.81
2026-01-30,Product C,117.31,16.82
2026-01-30,Product C,95.15,10.0
2026-01-30,Product D,62.78,10.0
2026-01-30,Product D,68.66,13.3
2026-01-30,Product D,90.99,22.04
2026-01-30,Product D,109.59,21.41
2026-01-30,Product D,95.8,12.33
2026-01-30,Product D,65.42,10.0
2026-01-31,Product A,182.19,27.08
2026-01-31,Product A,177.69,37.57
2026-01-31,Product A,184.71,34.19
2026-01-31,Product A,184.13,36.81
2026-01-31,Product A,202.9,34.22
2026-01-31,Product A,173.61,36.97
2026-01-31,Product A,159.21,16.38
2026-01-31,Product A,180.85,29.1
2026-01-31,Product A,143.43,28.39
2026-01-31,Product A,201.48,21.21
2026-01-31,Product A,192.49,12.43
2026-01-31,Product A,161.19,42.13
2026-01-31,Product A,162.78,28.39
2026-01-31,Product A,186.78,18.02
2026-01-31,Product B,145.59,20.31
2026-01-31,Product B,133.61,18.21
2026-01-31,Product B,134.58,12.76
2026-01-31,Product B,139.31,20.81
2026-01-31,Product B,128.33,23.06
2026-01-31,Product B,150.28,21.09
2026-01-31,Product B,141.83,41.38
2026-01-31,Product C,125.27,43.54
2026-01-31,Product C,119.77,32.0
2026-01-31,Product C,131.45,24.21
2026-01-31,Product C,143.3,24.73
2026-01-31,Product C,149.48,28.19
2026-01-31,Product D,109.43,30.39
2026-01-31,Product D,104.31,17.29
2026-01-31,Product D,84.91,16.8
2026-01-31,Product D,127.69,21.51
2026-01-31,Product D,79.17,10.0
2026-01-31,Product D,62.4,16.18
2026-02-01,Product A,192.91,51.97
2026-02-01,Product A,168.37,26.54
2026-02-01,Product A,141.4,29.61
2026-02-01,Product A,172.61,34.55
2026-02-01,Product A,144.94,27.45
2026-02-01,Product A,174.51,30.78
2026-02-01,Product A,154.97,35.86
2026-02-01,Product A,215.11,27.69
2026-02-01,Product A,185.85,10.0
2026-02-01,Product A,184.71,16.44
2026-02-01,Product A,158.45,16.43
2026-02-01,Product A,165.26,34.8
2026-02-01,Product A,129.14,19.08
2026-02-01,Product B,139.83,19.47
2026-02-01,Product B,107.38,12.83
2026-02-01,Product B,175.56,26.8
2026-02-01,Product B,142.73,25.39
2026-02-01,Product B,193.8,33.02
2026-02-01,Product B,169.07,23.96
2026-02-01,Product B,139.29,23.78
2026-02-01,Product B,127.97,20.13
2026-02-01,Product C,116.37,10.0
2026-02-01,Product C,111.78,27.56
2026-02-01,Product C,158.4,39.39
2026-02-01,Product C,144.78,22.18
2026-02-01,Product C,117.21,35.55
2026-02-01,Product C,100.47,29.83
2026-02-01,Product D,73.3,30.33
2026-02-01,Product D,108.9,26.68
2026-02-02,Product A,173.62,32.71
2026-02-02,Product A,186.16,25.39
2026-02-02,Product A,137.73,24.09
2026-02-02,Product A,131.56,19.78
2026-02-02,Product A,158.8,30.93
2026-02-02,Product A,213.62,20.76
2026-02-02,Product A,220.03,35.54
2026-02-02,Product A,177.65,18.88
2026-02-02,Product A,191.93,32.96
2026-02-02,Product A,168.65,13.17
2026-02-02,Product A,171.62,35.94
2026-02-02,Product A,164.8,37.41
2026-02-02,Product A,194.92,28.01
2026-02-02,Product A,205.09,35.23
2026-02-02,Product A,171.09,29.88
2026-02-02,Product A,171.52,10.0
2026-02-02,Product B,122.82,15.62
2026-02-02,Product B,187.74,26.38
2026-02-02,Product B,93.18,24.08
2026-02-02,Product B,178.01,43.54
2026-02-02,Product B,167.84,38.14
2026-02-02,Product C,160.44,50.29
2026-02-02,Product C,119.94,28.64
2026-02-02,Product C,98.42,26.79
2026-02-02,Product C,158.71,22.68
2026-02-02,Product C,130.21,32.96
2026-02-02,Product C,131.61,42.1
2026-02-02,Product C,164.79,34.39
2026-02-02,Product C,134.81,30.33
2026-02-02,Product D,99.77,14.9
2026-02-02,Product D,84.8,15.01
2026-02-03,Product A,179.2,38.3
2026-02-03,Product A,151.13,21.07
2026-02-03,Product A,204.2,33.4
2026-02-03,Product A,170.66,27.61
2026-02-03,Product A,194.93,42.51
2026-02-03,Product A,194.49,33.28
2026-02-03,Product A,150.81,41.04
2026-02-03,Product B,128.67,33.33
2026-02-03,Product B,145.38,14.78
2026-02-03,Product B,142.36,24.22
2026-02-03,Product B,121.7,23.19
2026-02-03,Product B,166.07,30.14
2026-02-03,Product B,133.08,21.44
2026-02-03,Product B,144.9,26.37
2026-02-03,Product B,169.42,30.98
2026-02-03,Product B,114.14,14.91
2026-02-03,Product C,136.79,18.46
2026-02-03,Product C,129.46,19.88
2026-02-03,Product C,118.62,50.34
2026-02-03,Product C,126.68,20.96
2026-02-03,Product D,88.16,31.74
2026-02-03,Product D,101.74,10.0
2026-02-03,Product D,148.26,34.08
2026-02-03,Product D,102.55,31.25
2026-02-03,Product D,105.24,29.13
2026-02-03,Product D,85.68,10.0
2026-02-04,Product A,155.75,20.65
2026-02-04,Product A,196.86,29.81
2026-02-04,Product A,160.97,24.38
2026-02-04,Product A,168.57,16.07
2026-02-04,Product A,158.13,28.73
2026-02-04,Product A,174.91,39.0
2026-02-04,Product A,210.47,47.88
2026-02-04,Product A,190.12,31.13
2026-02-04,Product A,156.29,26.71
2026-02-04,Product A,182.88,37.67
2026-02-04,Product B,130.01,24.16
2026-02-04,Product B,156.44,15.28
2026-02-04,Product B,133.91,24.71
2026-02-04,Product B,125.21,24.76
2026-02-04,Product B,138.24,17.71
2026-02-04,Product B,146.17,27.99
2026-02-04,Product B,126.33,19.54
2026-02-04,Product C,166.91,39.99
2026-02-04,Product C,111.91,23.37
2026-02-04,Product C,129.45,42.05
2026-02-04,Product C,108.32,17.77
2026-02-04,Product C,89.67,20.55
2026-02-04,Product C,89.07,15.89
2026-02-04,Product C,100.01,30.6
2026-02-04,Product C,108.82,27.12
2026-02-04,Product C,84.71,19.69
2026-02-04,Product D,74.87,25.79
2026-02-04,Product D,61.28,11.53
2026-02-04,Product D,65.35,16.44
2026-02-04,Product D,96.23,18.71
2026-02-04,Product D,119.03,21.65
2026-02-05,Product A,137.37,17.37
2026-02-05,Product A,171.18,34.14
2026-02-05,Product A,201.27,32.49
2026-02-05,Product A,163.04,20.74
2026-02-05,Product A,177.26,27.76
2026-02-05,Product A,163.97,27.12
2026-02-05,Product A,182.14,26.45
2026-02-05,Product A,153.01,29.47
2026-02-05,Product A,103.43,12.75
2026-02-05,Product A,144.67,34.22
2026-02-05,Product B,131.9,19.2
2026-02-05,Product B,147.14,21.64
2026-02-05,Product C,136.81,37.9
2026-02-05,Product C,126.6,32.95
2026-02-05,Product C,168.07,34.56
2026-02-05,Product C,96.99,10.0
2026-02-05,Product C,158.62,49.05
2026-02-05,Product C,99.66,16.11
2026-02-05,Product C,112.87,34.63
2026-02-05,Product C,91.68,10.0
2026-02-05,Product D,90.49,23.63
2026-02-05,Product D,61.69,10.0
2026-02-06,Product A,163.34,23.36
2026-02-06,Product A,148.09,10.6
2026-02-06,Product A,173.18,27.04
2026-02-06,Product A,139.74,24.26
2026-02-06,Product A,163.51,24.11
2026-02-06,Product A,122.55,26.3
2026-02-06,Product A,142.87,24.79
2026-02-06,Product A,152.22,22.77
2026-02-06,Product A,195.35,37.46
2026-02-06,Product A,194.86,35.77
2026-02-06,Product B,150.83,27.45
2026-02-06,Product B,170.47,27.91
2026-02-06,Product B,163.21,14.11
2026-02-06,Product B,109.49,10.0
2026-02-06,Product B,162.29,32.98
2026-02-06,Product C,114.37,22.03
2026-02-06,Product C,117.16,17.95
2026-02-06,Product C,116.15,16.61
2026-02-06,Product C,142.55,35.71
2026-02-06,Product C,151.45,20.28
2026-02-06,Product C,161.84,23.02
2026-02-06,Product C,93.64,15.63
2026-02-06,Product C,148.77,34.53
2026-02-06,Product D,124.75,30.62
2026-02-06,Product D,36.87,10.0
2026-02-06,Product D,105.23,20.19
2026-02-06,Product D,82.71,10.0
2026-02-07,Product A,181.03,25.71
2026-02-07,Product A,173.88,18.86
2026-02-07,Product A,167.14,10.0
2026-02-07,Product A,135.5,20.46
2026-02-07,Product A,222.25,23.38
2026-02-07,Product A,142.64,25.98
2026-02-07,Product A,208.93,37.14
2026-02-07,Product B,140.28,10.7
2026-02-07,Product B,123.44,30.57
2026-02-07,Product B,140.41,26.1
2026-02-07,Product B,125.65,21.13
2026-02-07,Product B,114.81,20.32
2026-02-07,Product B,153.15,28.6
2026-02-07,Product B,125.12,18.53
2026-02-07,Product B,156.82,24.97
2026-02-07,Product C,76.65,11.94
2026-02-07,Product C,131.58,20.33
2026-02-07,Product C,122.13,15.06
2026-02-07,Product C,114.85,16.09
2026-02-07,Product C,118.28,22.01
2026-02-07,Product C,93.81,15.37
2026-02-07,Product C,99.45,11.37
2026-02-07,Product C,143.82,28.76
2026-02-07,Product D,106.07,31.63
2026-02-07,Product D,104.9,12.08
2026-02-07,Product D,74.27,25.7
2026-02-07,Product D,77.3,24.81
2026-02-07,Product D,85.53,19.95
2026-02-08,Product A,172.05,32.95
2026-02-08,Product A,159.21,19.62
2026-02-08,Product A,174.02,21.35
2026-02-08,Product A,193.73,32.02
2026-02-08,Product A,162.83,31.38
2026-02-08,Product A,168.32,15.35
2026-02-08,Product A,146.65,33.39
2026-02-08,Product A,171.85,15.76
2026-02-08,Product A,177.75,25.74
2026-02-08,Product B,150.84,29.55
2026-02-08,Product B,125.62,26.94
2026-02-08,Product B,133.69,28.29
2026-02-08,Product B,104.53,20.45
2026-02-08,Product B,135.93,32.31
2026-02-08,Product B,144.03,34.48
2026-02-08,Product B,156.17,25.53
2026-02-08,Product B,162.33,33.95
2026-02-08,Product B,155.38,10.0
2026-02-08,Product B,123.38,32.05
2026-02-08,Product C,146.73,30.34
2026-02-08,Product C,106.23,34.68
2026-02-08,Product C,132.75,21.85
2026-02-08,Product C,93.08,29.74
2026-02-08,Product C,120.37,14.09
2026-02-08,Product C,80.77,10.0
2026-02-08,Product C,92.73,10.0
2026-02-08,Product C,95.81,13.73
2026-02-08,Product C,109.82,37.7
2026-02-08,Product D,101.17,23.24
2026-02-08,Product D,155.86,41.58
2026-02-08,Product D,71.2,18.63
2026-02-08,Product D,77.58,20.64
2026-02-09,Product A,177.57,38.17
2026-02-09,Product A,181.06,37.61
2026-02-09,Product A,178.22,31.68
2026-02-09,Product A,158.92,33.52
2026-02-09,Product A,192.55,32.23
2026-02-09,Product A,167.43,41.19
2026-02-09,Product A,169.55,29.43
2026-02-09,Product A,180.65,29.93
2026-02-09,Product A,151.95,28.86
2026-02-09,Product A,169.15,43.49
2026-02-09,Product A,187.35,27.09
2026-02-09,Product A,186.04,34.09
2026-02-09,Product A,198.81,29.6
2026-02-09,Product A,174.15,28.81
2026-02-09,Product A,171.29,22.04
2026-02-09,Product A,182.67,34.4
2026-02-09,Product A,198.27,33.63
2026-02-09,Product A,160.94,33.67
2026-02-09,Product B,186.42,32.47
2026-02-09,Product B,120.93,13.92
2026-02-09,Product B,177.73,44.81
2026-02-09,Product B,167.21,38.98
2026-02-09,Product B,171.77,33.66
2026-02-09,Product B,152.24,30.2
2026-02-09,Product B,161.19,21.47
2026-02-09,Product B,161.1,39.06
2026-02-09,Product B,140.46,21.37
2026-02-09,Product B,155.48,21.23
2026-02-09,Product B,116.03,28.91
2026-02-09,Product C,148.09,39.41
2026-02-09,Product C,114.7,15.79
2026-02-09,Product C,112.37,29.28
2026-02-09,Product D,99.66,28.0
2026-02-10,Product A,148.29,45.64
2026-02-10,Product A,163.76,29.47
2026-02-10,Product A,182.46,27.73
2026-02-10,Product A,170.17,28.89
2026-02-10,Product A,149.89,28.99
2026-02-10,Product A,133.72,36.75
2026-02-10,Product A,187.45,36.98
2026-02-10,Product A,131.79,16.06
2026-02-10,Product A,200.57,67.31
2026-02-10,Product A,196.28,41.66
2026-02-10,Product A,181.55,24.08
2026-02-10,Product B,147.22,24.9
2026-02-10,Product B,120.23,15.07
2026-02-10,Product B,131.35,11.09
2026-02-10,Product B,133.91,14.11
2026-02-10,Product B,157.71,32.1
2026-02-10,Product C,144.04,34.05
2026-02-10,Product C,110.51,24.85
2026-02-10,Product C,121.79,26.06
2026-02-10,Product C,90.98,29.96
2026-02-10,Product C,143.46,23.21
2026-02-10,Product D,98.89,31.06
2026-02-10,Product D,113.53,23.96
2026-02-10,Product D,54.51,17.72
2026-02-10,Product D,98.22,25.0
2026-02-10,Product D,137.59,23.67
2026-02-10,Product D,31.75,10.0
2026-02-11,Product A,143.26,13.0
2026-02-11,Product A,162.2,17.61
2026-02-11,Product A,181.45,27.56
2026-02-11,Product A,156.2,20.49
2026-02-11,Product A,175.79,30.23
2026-02-11,Product A,174.44,31.1
2026-02-11,Product A,168.41,20.36
2026-02-11,Product A,153.93,23.01
2026-02-11,Product A,215.43,25.83
2026-02-11,Product A,160.78,28.12
2026-02-11,Product A,163.33,36.36
2026-02-11,Product A,163.21,25.87
2026-02-11,Product B,165.61,29.81
2026-02-11,Product B,144.01,14.31
2026-02-11,Product B,146.37,10.0
2026-02-11,Product B,132.2,17.97
2026-02-11,Product B,151.31,40.76
2026-02-11,Product B,157.58,38.38
2026-02-11,Product B,159.19,36.06
2026-02-11,Product B,185.86,25.74
2026-02-11,Product B,127.46,27.02
2026-02-11,Product C,131.53,16.3
2026-02-11,Product C,101.72,17.08
2026-02-11,Product C,132.42,26.2
2026-02-11,Product C,118.12,14.33
2026-02-11,Product C,171.17,38.23
2026-02-11,Product C,130.98,24.49
2026-02-11,Product D,80.96,10.0
2026-02-11,Product D,95.78,10.0
2026-02-11,Product D,88.06,18.65
2026-02-11,Product D,65.1,26.43
2026-02-11,Product D,81.92,16.12
2026-02-12,Product A,198.78,53.58
2026-02-12,Product A,186.4,40.39
2026-02-12,Product A,207.76,37.31
2026-02-12,Product A,204.55,41.11
2026-02-12,Product B,144.84,25.73
2026-02-12,Product B,149.03,18.1
2026-02-12,Product B,164.77,27.3
2026-02-12,Product B,154.7,16.73
2026-02-12,Product B,141.08,32.76
2026-02-12,Product B,166.34,21.9
2026-02-12,Product B,133.0,14.7
2026-02-12,Product C,106.54,18.84
2026-02-12,Product C,101.39,13.21
2026-02-12,Product C,131.64,27.88
2026-02-12,Product C,121.21,36.86
2026-02-12,Product C,149.31,19.68
2026-02-12,Product C,134.25,31.34
2026-02-12,Product C,109.84,26.79
2026-02-12,Product D,57.53,10.14
2026-02-12,Product D,84.38,10.0
2026-02-12,Product D,112.09,34.87
2026-02-12,Product D,94.4,18.32
2026-02-13,Product A,163.48,29.78
2026-02-13,Product A,170.21,30.62
2026-02-13,Product A,136.45,28.52
2026-02-13,Product A,170.08,49.34
2026-02-13,Product A,161.47,30.04
2026-02-13,Product A,232.24,41.03
2026-02-13,Product A,168.51,20.75
2026-02-13,Product A,203.62,25.34
2026-02-13,Product B,152.36,32.63
2026-02-13,Product B,155.43,10.0
2026-02-13,Product B,160.3,26.45
2026-02-13,Product B,137.76,22.55
2026-02-13,Product B,109.58,20.17
2026-02-13,Product B,114.98,17.26
2026-02-13,Product B,148.44,33.83
2026-02-13,Product B,126.97,33.2
2026-02-13,Product C,105.05,15.91
2026-02-13,Product C,125.14,22.04
2026-02-13,Product C,120.19,34.33
2026-02-13,Product C,122.58,27.94
2026-02-13,Product C,124.51,13.85
2026-02-13,Product C,128.62,29.58
2026-02-13,Product D,88.56,21.46
2026-02-13,Product D,88.15,23.09
2026-02-13,Product D,86.72,32.26
2026-02-14,Product A,138.73,21.01
2026-02-14,Product A,170.91,27.47
2026-02-14,Product A,133.87,31.97
2026-02-14,Product A,217.39,47.2
2026-02-14,Product A,193.88,34.77
2026-02-14,Product A,151.45,26.33
2026-02-14,Product A,216.32,33.96
2026-02-14,Product A,159.99,36.06
2026-02-14,Product A,195.82,26.51
2026-02-14,Product A,164.25,23.91
2026-02-14,Product A,171.53,37.99
2026-02-14,Product A,152.31,34.61
2026-02-14,Product B,137.58,10.0
2026-02-14,Product B,139.71,21.7
2026-02-14,Product B,109.97,18.11
2026-02-14,Product B,99.52,14.14
2026-02-14,Product C,173.26,36.99
2026-02-14,Product C,113.86,21.67
2026-02-14,Product C,98.64,27.19
2026-02-14,Product C,104.9,18.53
2026-02-14,Product C,108.16,15.92
2026-02-14,Product C,81.48,14.22
2026-02-14,Product C,139.21,32.2
2026-02-14,Product C,154.33,39.96
2026-02-14,Product C,131.53,44.0
2026-02-14,Product C,117.86,26.43
2026-02-14,Product D,106.74,26.79
2026-02-14,Product D,90.83,24.51
2026-02-14,Product D,62.27,15.0
2026-02-14,Product D,84.82,41.56
2026-02-14,Product D,98.43,16.88
2026-02-15,Product A,162.3,21.26
2026-02-15,Product A,177.4,35.36
2026-02-15,Product A,183.95,31.43
2026-02-15,Product A,173.5,31.35
2026-02-15,Product A,177.4,33.56
2026-02-15,Product A,194.08,33.44
2026-02-15,Product A,152.03,24.69
2026-02-15,Product A,186.58,17.43
2026-02-15,Product A,130.82,29.59
2026-02-15,Product A,203.44,24.46
2026-02-15,Product A,172.21,26.08
2026-02-15,Product A,164.26,30.37
2026-02-15,Product A,141.56,15.21
2026-02-15,Product A,163.37,26.61
2026-02-15,Product B,114.47,20.92
2026-02-15,Product B,128.33,10.2
2026-02-15,Product B,166.24,23.21
2026-02-15,Product B,170.3,29.18
2026-02-15,Product B,151.48,24.06
2026-02-15,Product B,86.59,10.0
2026-02-15,Product B,142.23,27.1
2026-02-15,Product B,105.63,17.53
2026-02-15,Product B,120.31,22.33
2026-02-15,Product B,144.57,30.52
2026-02-15,Product B,168.47,32.31
2026-02-15,Product C,74.16,29.03
2026-02-15,Product C,115.51,35.38
2026-02-15,Product C,75.26,18.61
2026-02-15,Product C,107.6,28.25
2026-02-15,Product C,126.98,30.86
2026-02-15,Product C,96.7,20.82
2026-02-15,Product C,116.04,29.49
2026-02-15,Product C,141.76,32.39
2026-02-15,Product C,91.92,21.08
2026-02-15,Product D,84.88,16.54
2026-02-15,Product D,107.15,14.39
2026-02-15,Product D,121.15,26.21
2026-02-15,Product D,74.43,25.37
2026-02-15,Product D,61.01,10.0
2026-02-15,Product D,82.42,35.28
2026-02-15,Product D,79.93,10.0
2026-02-16,Product A,200.95,35.66
2026-02-16,Product A,150.39,38.56
2026-02-16,Product A,161.89,22.26
2026-02-16,Product A,160.82,17.32
2026-02-16,Product A,159.77,25.3
2026-02-16,Product A,186.07,28.53
2026-02-16,Product B,166.08,22.02
2026-02-16,Product B,144.66,24.29
2026-02-16,Product B,116.15,21.09
2026-02-16,Product B,145.69,29.21
2026-02-16,Product B,118.89,20.29
2026-02-16,Product B,175.4,46.44
2026-02-16,Product B,173.16,20.02
2026-02-16,Product B,154.92,22.47
2026-02-16,Product B,151.25,19.53
2026-02-16,Product C,122.26,25.15
2026-02-16,Product C,110.42,25.96
2026-02-16,Product C,108.87,22.79
2026-02-16,Product C,102.61,23.44
2026-02-16,Product C,132.85,27.53
2026-02-16,Product C,75.82,21.4
2026-02-16,Product C,122.64,19.03
2026-02-16,Product C,137.01,18.95
2026-02-16,Product C,143.0,31.0
2026-02-16,Product C,70.08,16.84
2026-02-16,Product C,111.06,19.98
2026-02-16,Product C,103.77,21.81
2026-02-16,Product D,78.9,10.0
2026-02-16,Product D,111.96,14.24
2026-02-16,Product D,97.95,16.88
2026-02-17,Product A,156.35,26.65
2026-02-17,Product A,175.18,23.5
2026-02-17,Product A,168.0,35.67
2026-02-17,Product A,133.42,22.63
2026-02-17,Product A,149.08,16.92
2026-02-17,Product A,175.74,25.51
2026-02-17,Product A,143.23,34.94
2026-02-17,Product A,190.24,16.88
2026-02-17,Product A,137.56,28.13
2026-02-17,Product A,163.73,39.84
2026-02-17,Product A,183.56,33.6
2026-02-17,Product A,147.52,29.01
2026-02-17,Product B,144.99,25.0
2026-02-17,Product B,184.58,17.02
2026-02-17,Product B,138.82,33.9
2026-02-17,Product B,139.68,22.37
2026-02-17,Product B,126.67,14.07
2026-02-17,Product B,104.83,12.79
2026-02-17,Product B,123.23,21.89
2026-02-17,Product B,127.67,17.87
2026-02-17,Product B,135.05,22.57
2026-02-17,Product B,133.37,14.18
2026-02-17,Product C,122.83,22.14
2026-02-17,Product D,78.45,13.98
2026-02-17,Product D,116.83,34.44
2026-02-17,Product D,74.58,12.26
2026-02-17,Product D,84.16,24.99
2026-02-18,Product A,200.01,33.99
2026-02-18,Product A,151.17,23.86
2026-02-18,Product A,197.1,30.11
2026-02-18,Product A,190.89,27.45
2026-02-18,Product A,153.16,31.31
2026-02-18,Product A,150.77,32.21
2026-02-18,Product B,145.53,23.42
2026-02-18,Product B,126.14,24.12
2026-02-18,Product B,138.65,16.33
2026-02-18,Product B,167.31,29.23
2026-02-18,Product B,139.98,34.52
2026-02-18,Product B,104.61,27.97
2026-02-18,Product B,125.64,23.05
2026-02-18,Product B,132.06,15.07
2026-02-18,Product C,105.57,29.55
2026-02-18,Product C,146.37,32.1
2026-02-18,Product C,122.65,13.25
2026-02-18,Product C,104.24,30.19
2026-02-18,Product C,121.33,29.63
2026-02-18,Product C,122.93,44.58
2026-02-18,Product C,110.53,37.16
2026-02-18,Product C,122.94,40.6
2026-02-18,Product C,93.05,21.95
2026-02-18,Product C,111.34,25.61
2026-02-18,Product C,146.89,35.35
2026-02-18,Product D,121.37,23.8
2026-02-18,Product D,126.37,27.9
2026-02-18,Product D,109.27,28.5
2026-02-18,Product D,76.87,19.85
2026-02-18,Product D,137.42,32.25
2026-02-18,Product D,114.83,30.81
2026-02-19,Product A,165.95,25.08
2026-02-19,Product A,198.51,27.88
2026-02-19,Product A,139.32,30.05
2026-02-19,Product A,138.75,10.0
2026-02-19,Product A,189.98,33.57
2026-02-19,Product A,180.4,27.13
2026-02-19,Product A,139.54,14.24
2026-02-19,Product A,164.01,17.7
2026-02-19,Product A,176.76,26.35
2026-02-19,Product A,174.07,30.83
2026-02-19,Product A,178.51,34.34
2026-02-19,Product B,116.69,17.31
2026-02-19,Product B,120.99,26.53
2026-02-19,Product B,114.09,11.97
2026-02-19,Product B,156.75,21.61
2026-02-19,Product B,124.58,28.43
2026-02-19,Product B,165.85,33.97
2026-02-19,Product C,146.06,35.32
2026-02-19,Product C,159.47,29.44
2026-02-19,Product C,79.56,23.22
2026-02-19,Product C,103.02,20.47
2026-02-19,Product C,81.06,10.64
2026-02-19,Product C,86.95,15.65
2026-02-19,Product C,111.32,25.21
2026-02-19,Product D,99.5,16.35
2026-02-19,Product D,90.99,29.49
2026-02-19,Product D,79.51,10.0
2026-02-19,Product D,93.64,11.56
2026-02-19,Product D,57.1,10.0
2026-02-19,Product D,126.87,27.6
2026-02-19,Product D,98.93,10.0
2026-02-20,Product A,155.37,27.85
2026-02-20,Product A,173.74,21.06
2026-02-20,Product A,177.3,39.72
2026-02-20,Product A,164.99,21.11
2026-02-20,Product A,166.09,35.07
2026-02-20,Product A,143.02,28.94
2026-02-20,Product A,155.08,28.3
2026-02-20,Product A,157.58,22.25
2026-02-20,Product A,203.51,23.32
2026-02-20,Product A,180.68,44.57
2026-02-20,Product A,185.08,20.81
2026-02-20,Product A,141.81,18.09
2026-02-20,Product B,123.51,11.93
2026-02-20,Product B,158.98,26.7
2026-02-20,Product B,125.28,18.4
2026-02-20,Product B,127.59,24.06
2026-02-20,Product B,204.06,39.1
2026-02-20,Product B,142.95,18.98
2026-02-20,Product B,115.45,25.5
2026-02-20,Product C,116.1,17.9
2026-02-20,Product C,116.8,32.43
2026-02-20,Product C,108.82,27.46
2026-02-20,Product C,96.18,27.4
2026-02-20,Product C,126.88,18.3
2026-02-20,Product D,80.2,21.61
2026-02-20,Product D,100.72,17.44
2026-02-20,Product D,98.54,18.1
2026-02-20,Product D,87.13,10.0
2026-02-20,Product D,94.46,27.97
2026-02-21,Product A,189.94,36.93
2026-02-21,Product A,168.69,23.65
2026-02-21,Product A,159.3,15.32
2026-02-21,Product A,164.12,29.07
2026-02-21,Product A,207.74,39.54
2026-02-21,Product A,150.97,14.15
2026-02-21,Product A,165.46,34.62
2026-02-21,Product A,165.15,32.41
2026-02-21,Product A,166.02,33.96
2026-02-21,Product A,134.86,35.76
2026-02-21,Product A,145.53,31.09
2026-02-21,Product B,182.7,31.8
2026-02-21,Product B,168.7,32.11
2026-02-21,Product B,132.92,24.05
2026-02-21,Product B,156.07,26.27
2026-02-21,Product B,154.08,33.12
2026-02-21,Product B,144.49,10.0
2026-02-21,Product B,181.92,28.55
2026-02-21,Product B,126.89,12.58
2026-02-21,Product C,138.05,39.35
2026-02-21,Product C,111.7,25.41
2026-02-21,Product C,129.38,23.19
2026-02-21,Product C,110.63,31.18
2026-02-21,Product C,143.99,32.22
2026-02-21,Product D,89.04,21.52
2026-02-21,Product D,104.17,24.97
2026-02-21,Product D,68.57,13.06
2026-02-21,Product D,104.02,35.51
2026-02-22,Product A,189.32,30.61
2026-02-22,Product A,195.26,42.81
2026-02-22,Product A,200.37,37.73
2026-02-22,Product A,221.92,32.8
2026-02-22,Product A,216.73,42.99
2026-02-22,Product A,199.49,31.35
2026-02-22,Product A,188.58,43.47
2026-02-22,Product A,146.08,23.53
2026-02-22,Product A,122.89,19.46
2026-02-22,Product B,147.19,19.35
2026-02-22,Product B,127.52,20.96
2026-02-22,Product B,164.5,27.35
2026-02-22,Product B,180.7,25.15
2026-02-22,Product B,149.25,22.54
2026-02-22,Product B,157.94,20.6
2026-02-22,Product B,187.4,18.33
2026-02-22,Product B,182.74,31.79
2026-02-22,Product B,157.15,37.39
2026-02-22,Product B,163.87,22.02
2026-02-22,Product B,158.2,41.83
2026-02-22,Product B,125.48,38.28
2026-02-22,Product C,115.19,20.26
2026-02-22,Product C,112.84,27.67
2026-02-22,Product C,121.61,21.15
2026-02-22,Product C,122.76,26.6
2026-02-22,Product C,94.93,18.58
2026-02-22,Product C,132.75,33.78
2026-02-22,Product C,114.94,30.7
2026-02-22,Product C,98.44,14.06
2026-02-22,Product D,83.75,10.33
2026-02-22,Product D,91.34,18.1
2026-02-22,Product D,77.23,37.81
2026-02-22,Product D,102.01,26.16
2026-02-22,Product D,84.84,14.04
2026-02-22,Product D,117.56,12.46
2026-02-22,Product D,69.86,13.39
2026-02-23,Product A,186.19,30.06
2026-02-23,Product A,190.35,25.81
2026-02-23,Product A,170.54,28.17
2026-02-23,Product A,147.95,14.91
2026-02-23,Product A,157.23,27.77
2026-02-23,Product A,153.35,23.43
2026-02-23,Product A,128.51,18.88
2026-02-23,Product B,117.48,14.29
2026-02-23,Product B,140.17,42.33
2026-02-23,Product B,138.81,16.72
2026-02-23,Product B,125.23,30.41
2026-02-23,Product B,166.94,24.5
2026-02-23,Product B,103.73,10.0
2026-02-23,Product B,182.87,36.6
2026-02-23,Product B,146.44,39.85
2026-02-23,Product B,188.08,31.69
2026-02-23,Product B,144.61,19.93
2026-02-23,Product C,148.24,43.83
2026-02-23,Product C,100.07,19.36
2026-02-23,Product C,100.07,21.05
2026-02-23,Product C,122.37,24.11
2026-02-23,Product C,79.98,12.95
2026-02-23,Product C,135.48,28.13
2026-02-23,Product C,112.8,17.37
2026-02-23,Product C,106.58,34.72
2026-02-23,Product C,94.92,26.65
2026-02-23,Product C,121.04,28.59
2026-02-23,Product D,105.06,40.49
2026-02-23,Product D,101.12,10.0
2026-02-23,Product D,120.59,24.9
2026-02-23,Product D,139.26,42.4
2026-02-24,Product A,156.93,26.7
2026-02-24,Product A,184.87,40.33
2026-02-24,Product A,189.69,32.85
2026-02-24,Product A,224.64,35.27
2026-02-24,Product A,134.64,11.57
2026-02-24,Product A,202.43,33.8
2026-02-24,Product A,173.5,25.15
2026-02-24,Product A,160.04,20.91
2026-02-24,Product A,180.37,29.88
2026-02-24,Product B,130.16,22.2
2026-02-24,Product B,127.06,11.1
2026-02-24,Product B,132.05,33.06
2026-02-24,Product B,163.5,20.03
2026-02-24,Product B,138.07,29.46
2026-02-24,Product B,132.44,23.15
2026-02-24,Product B,153.84,29.28
2026-02-24,Product C,79.59,15.35
2026-02-24,Product C,156.22,38.78
2026-02-24,Product C,78.85,22.61
2026-02-24,Product C,103.55,28.31
2026-02-24,Product C,104.82,22.64
2026-02-24,Product C,108.17,23.82
2026-02-24,Product C,107.52,21.87
2026-02-24,Product C,94.14,24.64
2026-02-24,Product C,123.86,14.32
2026-02-24,Product D,103.88,32.78
2026-02-24,Product D,110.87,20.85
2026-02-24,Product D,80.89,17.4
2026-02-24,Product D,78.28,10.0
2026-02-24,Product D,48.18,10.0
2026-02-24,Product D,138.68,25.26
2026-02-24,Product D,136.88,33.34
2026-02-24,Product D,93.91,10.0
2026-02-24,Product D,95.1,36.06
2026-02-25,Product A,205.9,36.57
2026-02-25,Product A,163.33,40.16
2026-02-25,Product A,148.47,25.65
2026-02-25,Product A,180.19,23.73
2026-02-25,Product A,156.01,20.81
2026-02-25,Product A,201.17,49.51
2026-02-25,Product B,132.9,21.82
2026-02-25,Product B,154.09,22.95
2026-02-25,Product B,140.83,22.46
2026-02-25,Product C,135.38,25.11
2026-02-25,Product C,133.37,10.4
2026-02-25,Product C,111.52,33.87
2026-02-25,Product C,116.24,18.94
2026-02-25,Product C,105.55,10.0
2026-02-25,Product C,97.74,29.96
2026-02-25,Product C,107.18,19.86
2026-02-25,Product C,68.7,10.0
2026-02-25,Product C,146.18,37.1
2026-02-25,Product C,91.46,15.08
2026-02-25,Product C,119.36,16.69
2026-02-25,Product D,96.27,19.03
2026-02-25,Product D,93.08,18.78
2026-02-25,Product D,80.47,10.0
2026-02-25,Product D,120.56,29.16
2026-02-25,Product D,62.35,17.5
2026-02-26,Product A,152.4,17.13
2026-02-26,Product A,194.9,31.7
2026-02-26,Product A,166.76,33.89
2026-02-26,Product A,155.31,22.66
2026-02-26,Product A,176.73,17.71
2026-02-26,Product A,174.86,23.68
2026-02-26,Product A,188.82,36.47
2026-02-26,Product A,179.12,17.59
2026-02-26,Product A,167.73,19.1
2026-02-26,Product B,149.4,22.65
2026-02-26,Product B,179.03,28.96
2026-02-26,Product B,146.29,13.76
2026-02-26,Product B,137.06,24.72
2026-02-26,Product B,136.8,19.37
2026-02-26,Product B,152.19,37.99
2026-02-26,Product B,148.19,34.35
2026-02-26,Product C,137.43,31.24
2026-02-26,Product C,139.29,26.14
2026-02-26,Product C,139.48,38.81
2026-02-26,Product C,134.9,30.75
2026-02-26,Product C,135.69,22.7
2026-02-26,Product D,85.59,19.15
2026-02-26,Product D,78.92,18.02
2026-02-26,Product D,96.46,14.66
2026-02-26,Product D,107.5,17.54
2026-02-27,Product A,144.23,16.64
2026-02-27,Product A,195.25,29.92
2026-02-27,Product A,140.0,30.63
2026-02-27,Product A,160.86,32.57
2026-02-27,Product A,190.58,34.59
2026-02-27,Product A,222.71,24.06
2026-02-27,Product A,152.01,23.79
2026-02-27,Product A,219.75,51.74
2026-02-27,Product A,198.35,27.37
2026-02-27,Product A,155.09,19.74
2026-02-27,Product B,162.04,14.24
2026-02-27,Product B,146.16,16.07
2026-02-27,Product B,138.52,18.86
2026-02-27,Product C,100.89,27.65
2026-02-27,Product C,115.46,21.53
2026-02-27,Product C,102.52,20.62
2026-02-27,Product C,161.15,34.95
2026-02-27,Product D,101.24,17.43
2026-02-27,Product D,123.18,22.37
2026-02-28,Product A,164.08,29.95
2026-02-28,Product A,211.91,23.91
2026-02-28,Product A,133.97,16.41
2026-02-28,Product A,187.89,19.06
2026-02-28,Product A,183.14,35.35
2026-02-28,Product A,214.32,44.8
2026-02-28,Product A,178.01,41.13
2026-02-28,Product A,181.86,27.24
2026-02-28,Product A,144.82,20.06
2026-02-28,Product A,169.12,30.15
2026-02-28,Product A,123.03,19.16
2026-02-28,Product A,170.63,33.39
2026-02-28,Product A,205.79,36.47
2026-02-28,Product B,156.52,29.92
2026-02-28,Product B,85.65,12.15
2026-02-28,Product B,162.62,28.83
2026-02-28,Product B,148.22,22.28
2026-02-28,Product B,121.7,20.55
2026-02-28,Product B,146.15,29.77
2026-02-28,Product B,160.32,27.94
2026-02-28,Product B,169.09,25.75
2026-02-28,Product B,113.23,23.07
2026-02-28,Product B,147.78,29.1
2026-02-28,Product B,117.18,34.25
2026-02-28,Product B,160.63,25.0
2026-02-28,Product C,115.94,38.15
2026-02-28,Product C,103.83,22.99
2026-02-28,Product C,137.7,35.59
2026-02-28,Product C,144.22,27.83
2026-02-28,Product C,121.87,36.8
2026-02-28,Product D,96.86,15.0
2026-02-28,Product D,89.26,20.8
2026-02-28,Product D,92.74,32.98
2026-03-01,Product A,213.42,28.2
2026-03-01,Product A,172.5,32.21
2026-03-01,Product A,163.15,19.72
2026-03-01,Product A,152.73,21.59
2026-03-01,Product A,154.39,36.87
2026-03-01,Product A,169.8,24.68
2026-03-01,Product A,172.35,34.64
2026-03-01,Product A,162.42,34.83
2026-03-01,Product A,142.03,33.52
2026-03-01,Product A,169.8,28.48
2026-03-01,Product A,154.75,16.48
2026-03-01,Product A,133.33,16.56
2026-03-01,Product A,182.93,23.41
2026-03-01,Product A,135.93,15.84
2026-03-01,Product A,161.53,24.7
2026-03-01,Product B,163.94,29.53
2026-03-01,Product B,179.74,38.9
2026-03-01,Product B,168.34,25.32
2026-03-01,Product B,142.86,21.84
2026-03-01,Product B,111.87,30.79
2026-03-01,Product B,161.4,24.68
2026-03-01,Product B,173.7,24.49
2026-03-01,Product C,132.78,33.61
2026-03-01,Product C,102.6,24.93
2026-03-01,Product C,86.88,31.61
2026-03-01,Product C,89.14,16.84
2026-03-01,Product C,90.98,14.17
2026-03-01,Product C,120.3,22.24
2026-03-01,Product D,69.95,10.0
2026-03-01,Product D,105.45,26.03
2026-03-01,Product D,71.89,21.81
2026-03-01,Product D,75.4,27.02
2026-03-01,Product D,106.65,14.41
2026-03-02,Product A,173.52,27.87
2026-03-02,Product A,144.8,13.46
2026-03-02,Product A,182.08,33.24
2026-03-02,Product A,172.32,31.46
2026-03-02,Product A,156.38,28.06
2026-03-02,Product A,225.85,47.79
2026-03-02,Product A,163.66,23.64
2026-03-02,Product A,107.07,26.75
2026-03-02,Product A,187.31,27.49
2026-03-02,Product B,166.27,31.22
2026-03-02,Product B,163.23,11.03
2026-03-02,Product B,117.84,17.12
2026-03-02,Product B,168.75,43.73
2026-03-02,Product B,141.39,19.14
2026-03-02,Product C,138.44,36.98
2026-03-02,Product C,133.12,29.15
2026-03-02,Product C,94.15,20.1
2026-03-02,Product C,123.87,12.24
2026-03-02,Product C,123.72,26.44
2026-03-02,Product C,91.47,17.46
2026-03-02,Product C,113.14,40.33
2026-03-02,Product C,124.84,35.75
2026-03-02,Product C,117.41,10.84
2026-03-02,Product C,134.79,24.39
2026-03-02,Product D,115.52,38.1
2026-03-02,Product D,133.02,12.9
2026-03-02,Product D,68.74,10.0
2026-03-03,Product A,178.42,18.45
2026-03-03,Product A,142.31,24.2
2026-03-03,Product A,196.37,33.18
2026-03-03,Product A,152.58,10.0
2026-03-03,Product A,190.96,26.58
2026-03-03,Product A,144.76,10.89
2026-03-03,Product A,138.34,15.83
2026-03-03,Product A,164.75,18.34
2026-03-03,Product A,174.09,27.62
2026-03-03,Product A,218.88,23.57
2026-03-03,Product B,175.46,12.41
2026-03-03,Product B,126.47,33.3
2026-03-03,Product B,165.06,32.38
2026-03-03,Product B,172.13,13.93
2026-03-03,Product B,162.5,36.14
2026-03-03,Product C,145.63,36.42
2026-03-03,Product C,106.85,35.53
2026-03-03,Product C,140.67,24.32
2026-03-03,Product C,116.66,29.8
2026-03-03,Product C,111.99,21.96
2026-03-03,Product D,51.24,10.0
2026-03-03,Product D,56.03,10.0
2026-03-03,Product D,104.38,21.19
2026-03-04,Product A,155.57,29.46
2026-03-04,Product A,168.85,35.29
2026-03-04,Product A,191.23,30.49
2026-03-04,Product A,129.25,15.92
2026-03-04,Product A,167.85,22.32
2026-03-04,Product A,146.8,25.51
2026-03-04,Product A,223.47,34.08
2026-03-04,Product A,169.94,18.39
2026-03-04,Product A,197.35,40.55
2026-03-04,Product A,187.73,42.79
2026-03-04,Product A,160.6,24.88
2026-03-04,Product A,207.62,40.36
2026-03-04,Product A,121.18,24.24
2026-03-04,Product A,157.2,33.91
2026-03-04,Product A,178.98,16.5
2026-03-04,Product A,175.91,31.59
2026-03-04,Product B,128.52,31.09
2026-03-04,Product B,142.23,12.34
2026-03-04,Product B,140.86,19.57
2026-03-04,Product B,157.71,27.54
2026-03-04,Product B,122.52,32.6
2026-03-04,Product B,168.98,41.42
2026-03-04,Product B,150.21,25.25
2026-03-04,Product B,160.48,22.66
2026-03-04,Product B,147.86,23.73
2026-03-04,Product B,112.86,20.21
2026-03-04,Product B,135.3,21.06
2026-03-04,Product B,153.0,36.19
2026-03-04,Product C,132.89,31.8
2026-03-04,Product C,96.75,31.64
2026-03-04,Product C,140.78,23.76
2026-03-04,Product C,146.93,34.94
2026-03-04,Product C,116.56,28.51
2026-03-04,Product D,87.35,27.4
2026-03-04,Product D,99.51,23.2
2026-03-04,Product D,91.96,33.7
2026-03-04,Product D,79.31,14.87
2026-03-04,Product D,67.78,20.73
2026-03-04,Product D,82.19,14.32
2026-03-04,Product D,83.63,18.9
2026-03-04,Product D,67.48,10.0
2026-03-05,Product A,188.79,44.56
2026-03-05,Product A,166.39,38.68
2026-03-05,Product A,169.47,41.6
2026-03-05,Product A,159.96,10.0
2026-03-05,Product A,168.24,42.26
2026-03-05,Product A,181.77,26.78
2026-03-05,Product A,177.24,37.9
2026-03-05,Product A,168.12,49.59
2026-03-05,Product A,158.62,34.99
2026-03-05,Product A,186.76,26.15
2026-03-05,Product A,160.66,35.46
2026-03-05,Product A,173.19,32.15
2026-03-05,Product A,134.01,28.03
2026-03-05,Product B,189.8,28.8
2026-03-05,Product B,145.65,31.94
2026-03-05,Product B,101.66,15.39
2026-03-05,Product B,132.39,24.15
2026-03-05,Product B,153.14,25.42
2026-03-05,Product B,142.28,32.71
2026-03-05,Product B,151.63,26.11
2026-03-05,Product B,148.25,39.89
2026-03-05,Product B,148.8,21.18
2026-03-05,Product C,150.13,24.17
2026-03-05,Product C,125.36,12.34
2026-03-05,Product C,87.56,14.55
2026-03-05,Product C,144.97,25.66
2026-03-05,Product C,102.05,22.74
2026-03-05,Product C,120.82,20.3
2026-03-05,Product C,163.7,33.89
2026-03-05,Product C,122.5,23.74
2026-03-05,Product D,115.59,33.07
2026-03-05,Product D,129.45,30.07
2026-03-05,Product D,92.65,10.0
2026-03-05,Product D,59.55,10.0
2026-03-05,Product D,70.78,22.08
2026-03-05,Product D,66.18,10.55
2026-03-05,Product D,84.84,28.3
2026-03-05,Product D,81.62,21.58
2026-03-06,Product A,169.56,31.11
2026-03-06,Product A,153.77,35.27
2026-03-06,Product A,170.3,21.59
2026-03-06,Product A,159.92,42.61
2026-03-06,Product A,184.62,39.77
2026-03-06,Product A,147.09,19.49
2026-03-06,Product A,155.01,27.83
2026-03-06,Product A,166.17,24.33
2026-03-06,Product B,103.86,16.44
2026-03-06,Product B,117.21,19.83
2026-03-06,Product B,169.53,43.65
2026-03-06,Product B,147.06,33.15
2026-03-06,Product B,153.78,23.08
2026-03-06,Product B,102.65,30.46
2026-03-06,Product B,121.92,31.79
2026-03-06,Product B,156.81,18.85
2026-03-06,Product B,151.86,42.88
2026-03-06,Product B,178.78,26.29
2026-03-06,Product B,129.34,22.79
2026-03-06,Product B,141.36,33.63
2026-03-06,Product C,110.13,10.77
2026-03-06,Product C,117.59,40.63
2026-03-06,Product C,82.34,17.92
2026-03-06,Product C,118.76,28.43
2026-03-06,Product C,98.82,10.34
2026-03-06,Product C,89.67,30.37
2026-03-06,Product C,98.38,17.65
2026-03-06,Product C,166.3,30.71
2026-03-06,Product C,127.53,36.57
2026-03-06,Product C,142.35,20.66
2026-03-06,Product C,104.31,25.37
2026-03-06,Product D,109.97,17.42
2026-03-06,Product D,83.29,20.05
2026-03-06,Product D,122.77,25.1
2026-03-06,Product D,94.51,12.58
2026-03-07,Product A,193.71,33.17
2026-03-07,Product A,171.88,17.22
2026-03-07,Product A,122.68,30.87
2026-03-07,Product A,171.72,30.84
2026-03-07,Product A,142.52,17.0
2026-03-07,Product A,193.37,46.79
2026-03-07,Product B,153.39,25.94
2026-03-07,Product B,175.18,32.1
2026-03-07,Product B,142.88,35.33
2026-03-07,Product B,172.48,38.94
2026-03-07,Product B,59.47,13.63
2026-03-07,Product B,149.67,25.16
2026-03-07,Product B,158.42,29.02
2026-03-07,Product B,159.91,25.04
2026-03-07,Product C,162.17,44.46
2026-03-07,Product C,106.24,42.02
2026-03-07,Product C,73.76,21.33
2026-03-07,Product C,104.68,38.09
2026-03-07,Product C,125.56,21.27
2026-03-07,Product C,114.14,19.4
2026-03-07,Product C,113.27,22.29
2026-03-07,Product C,103.47,24.92
2026-03-07,Product D,56.32,10.0
2026-03-07,Product D,94.84,24.9
2026-03-07,Product D,93.33,26.16
2026-03-07,Product D,89.05,14.04
2026-03-07,Product D,83.06,16.67
2026-03-07,Product D,113.56,21.09
2026-03-07,Product D,88.64,24.06
2026-03-07,Product D,90.63,28.87
2026-03-07,Product D,74.77,10.0
2026-03-07,Product D,101.7,25.61
2026-03-08,Product A,215.68,45.27
2026-03-08,Product A,151.13,33.5
2026-03-08,Product A,148.85,24.76
2026-03-08,Product A,152.18,24.16
2026-03-08,Product A,210.26,34.88
2026-03-08,Product A,216.43,33.71
2026-03-08,Product A,202.82,21.47
2026-03-08,Product A,163.7,23.54
2026-03-08,Product A,203.83,36.13
2026-03-08,Product A,124.06,10.61
2026-03-08,Product A,147.72,32.58
2026-03-08,Product B,115.65,24.58
2026-03-08,Product B,167.59,31.06
2026-03-08,Product B,158.23,26.02
2026-03-08,Product B,164.61,28.51
2026-03-08,Product B,119.75,26.92
2026-03-08,Product B,109.05,20.8
2026-03-08,Product B,136.55,19.63
2026-03-08,Product B,148.78,19.62
2026-03-08,Product B,156.27,27.02
2026-03-08,Product B,131.42,33.05
2026-03-08,Product B,149.51,30.46
2026-03-08,Product B,176.16,41.15
2026-03-08,Product C,139.14,38.06
2026-03-08,Product C,113.37,32.85
2026-03-08,Product C,133.82,23.96
2026-03-08,Product C,147.97,22.41
2026-03-08,Product C,118.74,24.87
2026-03-08,Product C,101.84,24.84
2026-03-08,Product D,84.04,33.73
2026-03-08,Product D,97.33,25.75
2026-03-08,Product D,116.73,26.12
2026-03-08,Product D,152.0,25.92
2026-03-08,Product D,81.67,10.42
2026-03-08,Product D,129.38,34.88
2026-03-09,Product A,201.03,33.69
2026-03-09,Product A,181.25,33.21
2026-03-09,Product A,156.27,25.41
2026-03-09,Product A,143.95,28.42
2026-03-09,Product A,186.75,39.67
2026-03-09,Product A,184.66,30.37
2026-03-09,Product A,204.14,41.84
2026-03-09,Product A,200.55,45.7
2026-03-09,Product A,167.24,31.53
2026-03-09,Product A,187.04,22.6
2026-03-09,Product A,145.21,14.29
2026-03-09,Product A,167.62,25.83
2026-03-09,Product B,126.04,17.71
2026-03-09,Product B,141.09,30.42
2026-03-09,Product B,156.24,41.17
2026-03-09,Product B,159.84,30.57
2026-03-09,Product B,138.26,15.2
2026-03-09,Product B,132.46,16.92
2026-03-09,Product B,88.66,10.0
2026-03-09,Product B,180.25,33.59
2026-03-09,Product B,136.72,26.43
2026-03-09,Product B,102.03,19.6
2026-03-09,Product B,173.1,28.46
2026-03-09,Product C,114.66,16.93
2026-03-09,Product C,97.21,17.77
2026-03-09,Product C,134.0,39.8
2026-03-09,Product C,111.5,16.45
2026-03-09,Product C,130.53,32.78
2026-03-09,Product C,125.29,29.77
2026-03-09,Product D,91.0,28.58
2026-03-10,Product A,169.86,30.92
2026-03-10,Product A,155.53,32.56
2026-03-10,Product A,179.71,27.19
2026-03-10,Product A,189.85,32.43
2026-03-10,Product A,148.66,28.09
2026-03-10,Product A,175.21,37.47
2026-03-10,Product A,188.29,31.14
2026-03-10,Product A,159.61,27.15
2026-03-10,Product A,177.99,34.13
2026-03-10,Product A,176.63,29.3
2026-03-10,Product A,191.93,27.23
2026-03-10,Product A,224.55,44.28
2026-03-10,Product A,145.2,26.17
2026-03-10,Product A,187.0,29.0
2026-03-10,Product A,137.11,15.0
2026-03-10,Product B,155.66,20.01
2026-03-10,Product B,133.21,25.42
2026-03-10,Product B,139.35,18.05
2026-03-10,Product B,101.23,20.15
2026-03-10,Product B,146.74,20.81
2026-03-10,Product B,122.18,20.87
2026-03-10,Product B,155.57,27.23
2026-03-10,Product C,146.17,34.63
2026-03-10,Product C,111.88,10.96
2026-03-10,Product C,70.05,32.02
2026-03-10,Product C,126.79,23.22
2026-03-10,Product C,127.69,20.51
2026-03-10,Product C,112.71,17.27
2026-03-10,Product C,88.91,10.0
2026-03-10,Product C,84.85,26.84
2026-03-10,Product D,97.93,18.21
2026-03-10,Product D,121.49,41.74
2026-03-10,Product D,126.9,10.71
2026-03-10,Product D,85.39,18.82
2026-03-11,Product A,131.64,32.83
2026-03-11,Product A,157.7,14.91
2026-03-11,Product A,145.72,27.9
2026-03-11,Product A,151.9,27.76
2026-03-11,Product A,148.47,11.29
2026-03-11,Product A,201.34,37.41
2026-03-11,Product A,162.66,23.48
2026-03-11,Product B,115.93,24.28
2026-03-11,Product B,151.84,24.19
2026-03-11,Product B,154.89,23.41
2026-03-11,Product B,130.26,26.49
2026-03-11,Product B,157.91,22.79
2026-03-11,Product B,131.95,20.97
2026-03-11,Product B,132.86,34.79
2026-03-11,Product B,151.96,25.95
2026-03-11,Product B,124.48,27.07
2026-03-11,Product C,98.54,23.94
2026-03-11,Product C,49.05,10.0
2026-03-11,Product C,77.7,15.15
2026-03-11,Product C,163.07,34.14
2026-03-11,Product C,117.63,32.59
2026-03-11,Product C,120.47,24.78
2026-03-11,Product C,140.39,34.66
2026-03-11,Product C,126.35,26.69
2026-03-11,Product C,112.39,32.06
2026-03-11,Product C,112.6,34.62
2026-03-11,Product D,84.29,17.48
2026-03-11,Product D,115.71,29.6
2026-03-11,Product D,70.24,10.0
2026-03-11,Product D,100.96,24.96
2026-03-11,Product D,80.16,30.37
2026-03-11,Product D,112.9,19.83
2026-03-12,Product A,162.7,37.71
2026-03-12,Product A,191.66,32.86
2026-03-12,Product A,184.91,38.02
2026-03-12,Product A,171.28,32.34
2026-03-12,Product A,183.07,35.02
2026-03-12,Product A,152.87,20.57
2026-03-12,Product A,163.65,22.17
2026-03-12,Product A,137.59,28.8
2026-03-12,Product A,177.62,19.48
2026-03-12,Product A,164.7,26.52
2026-03-12,Product A,174.0,20.92
2026-03-12,Product A,140.21,27.99
2026-03-12,Product A,136.25,21.3
2026-03-12,Product A,162.83,26.69
2026-03-12,Product A,175.56,42.63
2026-03-12,Product A,134.81,29.93
2026-03-12,Product A,114.73,30.65
2026-03-12,Product A,125.06,40.75
2026-03-12,Product B,135.68,16.51
2026-03-12,Product B,156.82,19.48
2026-03-12,Product B,137.76,24.28
2026-03-12,Product B,130.87,18.32
2026-03-12,Product B,178.77,28.76
2026-03-12,Product B,137.09,21.9
2026-03-12,Product C,155.68,27.65
2026-03-12,Product C,117.53,35.99
2026-03-12,Product C,112.89,27.01
2026-03-12,Product C,144.04,27.24
2026-03-12,Product C,92.24,10.0
2026-03-12,Product C,132.84,32.34
2026-03-12,Product C,143.36,29.35
2026-03-12,Product C,88.52,10.0
2026-03-12,Product C,183.1,44.5
2026-03-12,Product C,123.01,29.29
2026-03-12,Product C,88.51,13.11
2026-03-12,Product C,158.35,40.1
2026-03-12,Product D,66.83,17.92
2026-03-12,Product D,121.6,27.86
2026-03-12,Product D,77.46,12.81
2026-03-12,Product D,58.51,11.8
2026-03-12,Product D,101.84,15.23
2026-03-12,Product D,137.67,36.63
2026-03-12,Product D,55.56,10.0
2026-03-12,Product D,73.35,28.72
2026-03-13,Product A,170.22,27.26
2026-03-13,Product A,142.55,27.03
2026-03-13,Product A,165.68,26.29
2026-03-13,Product A,205.6,33.94
2026-03-13,Product A,199.28,21.17
2026-03-13,Product A,229.14,35.97
2026-03-13,Product A,185.56,38.48
2026-03-13,Product A,159.06,33.59
2026-03-13,Product A,189.16,26.45
2026-03-13,Product B,164.09,23.99
2026-03-13,Product B,141.92,27.39
2026-03-13,Product B,135.13,35.22
2026-03-13,Product B,120.61,23.03
2026-03-13,Product B,161.18,24.89
2026-03-13,Product B,133.15,22.03
2026-03-13,Product B,162.86,23.69
2026-03-13,Product B,121.48,29.86
2026-03-13,Product B,153.78,34.21
2026-03-13,Product B,161.71,44.93
2026-03-13,Product B,169.53,23.03
2026-03-13,Product B,155.35,21.95
2026-03-13,Product B,135.01,11.65
2026-03-13,Product B,138.71,27.94
2026-03-13,Product C,133.65,10.0
2026-03-13,Product C,178.35,24.44
2026-03-13,Product C,115.47,16.34
2026-03-13,Product C,103.72,25.09
2026-03-13,Product C,74.44,15.65
2026-03-13,Product C,145.24,25.21
2026-03-13,Product C,89.41,18.56
2026-03-13,Product D,127.3,27.53
2026-03-13,Product D,68.3,18.16
2026-03-13,Product D,91.09,18.84
2026-03-13,Product D,105.46,28.73
2026-03-13,Product D,95.78,20.59
2026-03-13,Product D,140.4,40.49
2026-03-13,Product D,113.34,25.98
2026-03-13,Product D,72.87,25.05
2026-03-13,Product D,98.17,16.98
2026-03-14,Product A,193.26,38.32
2026-03-14,Product A,174.0,29.24
2026-03-14,Product A,155.03,10.0
2026-03-14,Product A,138.92,17.68
2026-03-14,Product A,150.35,27.87
2026-03-14,Product A,187.85,30.91
2026-03-14,Product A,201.0,27.91
2026-03-14,Product A,167.02,27.99
2026-03-14,Product A,194.03,33.83
2026-03-14,Product A,172.94,16.16
2026-03-14,Product B,186.71,43.03
2026-03-14,Product B,142.37,25.28
2026-03-14,Product B,130.78,23.31
2026-03-14,Product B,130.17,21.5
2026-03-14,Product B,184.83,30.66
2026-03-14,Product B,121.94,10.0
2026-03-14,Product C,123.77,42.79
2026-03-14,Product C,132.34,40.52
2026-03-14,Product C,115.41,28.15
2026-03-14,Product C,146.81,39.54
2026-03-14,Product C,131.68,26.35
2026-03-14,Product C,116.51,34.73
2026-03-14,Product C,149.61,28.17
2026-03-14,Product C,103.64,15.57
2026-03-14,Product D,83.01,30.77
2026-03-14,Product D,62.83,27.1
2026-03-14,Product D,102.02,10.0
2026-03-15,Product A,160.58,19.58
2026-03-15,Product A,135.48,42.36
2026-03-15,Product A,149.69,15.34
2026-03-15,Product A,175.89,16.8
2026-03-15,Product A,148.41,33.19
2026-03-15,Product A,180.21,27.54
2026-03-15,Product A,170.4,25.43
2026-03-15,Product A,168.64,22.57
2026-03-15,Product A,157.23,21.84
2026-03-15,Product A,154.03,34.54
2026-03-15,Product A,186.94,24.32
2026-03-15,Product A,143.72,23.17
2026-03-15,Product A,217.42,28.74
2026-03-15,Product B,155.0,33.12
2026-03-15,Product B,157.97,34.01
2026-03-15,Product B,179.86,41.22
2026-03-15,Product B,196.15,43.08
2026-03-15,Product C,132.27,23.65
2026-03-15,Product C,131.28,27.16
2026-03-15,Product C,130.55,17.44
2026-03-15,Product C,137.45,31.89
2026-03-15,Product C,123.35,42.74
2026-03-15,Product D,82.52,33.12
2026-03-15,Product D,88.23,10.0
2026-03-15,Product D,78.7,10.0
2026-03-15,Product D,55.4,10.0
2026-03-15,Product D,93.46,30.01
2026-03-16,Product A,150.35,32.64
2026-03-16,Product A,200.61,37.26
2026-03-16,Product A,179.3,20.36
2026-03-16,Product A,193.2,47.09
2026-03-16,Product A,177.1,25.35
2026-03-16,Product A,166.44,24.93
2026-03-16,Product B,184.48,47.0
2026-03-16,Product B,163.41,28.73
2026-03-16,Product B,115.04,21.32
2026-03-16,Product B,127.62,34.74
2026-03-16,Product B,109.67,21.72
2026-03-16,Product B,125.77,21.3
2026-03-16,Product B,159.65,35.32
2026-03-16,Product B,143.66,30.51
2026-03-16,Product C,95.81,19.48
2026-03-16,Product C,106.37,21.02
2026-03-16,Product C,100.54,27.83
2026-03-16,Product C,122.44,34.81
2026-03-16,Product C,106.6,40.52
2026-03-16,Product C,78.1,10.0
2026-03-16,Product C,158.57,38.68
2026-03-16,Product C,127.51,31.5
2026-03-16,Product C,132.57,31.56
2026-03-16,Product C,98.75,28.27
2026-03-16,Product C,134.53,41.02
2026-03-16,Product C,158.81,37.58
2026-03-16,Product C,92.99,34.64
2026-03-16,Product D,106.29,16.86
2026-03-16,Product D,91.17,13.9
2026-03-16,Product D,90.62,18.99
2026-03-16,Product D,135.57,27.75
2026-03-16,Product D,48.24,21.77
2026-03-17,Product A,131.77,25.02
2026-03-17,Product A,196.54,34.66
2026-03-17,Product A,150.16,17.6
2026-03-17,Product A,149.82,37.64
2026-03-17,Product A,168.42,15.2
2026-03-17,Product A,178.45,31.46
2026-03-17,Product A,160.12,19.06
2026-03-17,Product A,146.59,33.61
2026-03-17,Product A,175.45,33.66
2026-03-17,Product A,175.38,32.44
2026-03-17,Product A,159.7,25.5
2026-03-17,Product A,195.63,44.57
2026-03-17,Product A,143.11,22.66
2026-03-17,Product B,149.59,18.05
2026-03-17,Product B,137.83,24.67
2026-03-17,Product B,132.71,22.58
2026-03-17,Product B,106.5,28.9
2026-03-17,Product B,145.35,15.91
2026-03-17,Product B,90.89,23.68
2026-03-17,Product B,157.28,28.42
2026-03-17,Product B,164.0,34.77
2026-03-17,Product B,149.28,23.34
2026-03-17,Product B,135.82,26.46
2026-03-17,Product B,175.73,29.05
2026-03-17,Product B,177.48,33.16
2026-03-17,Product B,153.38,45.32
2026-03-17,Product B,181.36,44.26
2026-03-17,Product C,128.98,19.08
2026-03-17,Product C,159.55,39.51
2026-03-17,Product C,170.16,29.25
2026-03-17,Product C,154.08,19.48
2026-03-17,Product C,124.58,22.35
2026-03-17,Product C,110.14,20.1
2026-03-17,Product D,120.66,14.72
2026-03-17,Product D,85.47,24.49
2026-03-17,Product D,102.55,15.67
2026-03-17,Product D,115.55,21.17
2026-03-17,Product D,77.9,21.03
2026-03-18,Product A,157.75,18.26
2026-03-18,Product A,161.29,36.22
2026-03-18,Product A,175.38,37.48
2026-03-18,Product A,181.35,25.93
2026-03-18,Product A,133.72,15.32
2026-03-18,Product A,155.23,20.4
2026-03-18,Product A,191.58,40.33
2026-03-18,Product A,218.66,31.06
2026-03-18,Product A,205.14,47.6
2026-03-18,Product A,164.89,31.82
2026-03-18,Product A,197.3,33.07
2026-03-18,Product B,121.34,24.01
2026-03-18,Product B,113.07,25.67
2026-03-18,Product B,155.64,23.26
2026-03-18,Product B,143.61,14.89
2026-03-18,Product B,161.51,28.96
2026-03-18,Product B,150.76,29.64
2026-03-18,Product C,87.25,10.0
2026-03-18,Product C,113.14,36.59
2026-03-18,Product C,103.97,18.1
2026-03-18,Product C,106.43,19.16
2026-03-18,Product C,119.75,16.1
2026-03-18,Product C,143.86,30.49
2026-03-18,Product C,174.54,29.01
2026-03-18,Product C,154.98,45.23
2026-03-18,Product D,96.44,16.21
2026-03-18,Product D,89.13,16.75
2026-03-18,Product D,94.94,20.77
2026-03-18,Product D,112.71,26.61
2026-03-18,Product D,110.49,24.23
2026-03-18,Product D,100.09,20.09
2026-03-18,Product D,117.07,28.34
2026-03-18,Product D,91.52,18.63
2026-03-19,Product A,168.76,24.22
2026-03-19,Product A,186.83,38.39
2026-03-19,Product A,209.24,30.74
2026-03-19,Product A,184.66,16.12
2026-03-19,Product A,188.24,20.35
2026-03-19,Product A,148.34,27.88
2026-03-19,Product A,156.33,20.51
2026-03-19,Product A,159.33,32.92
2026-03-19,Product A,149.48,24.98
2026-03-19,Product A,161.67,34.04
2026-03-19,Product A,188.65,17.39
2026-03-19,Product A,192.99,27.92
2026-03-19,Product A,175.2,22.27
2026-03-19,Product A,178.16,50.7
2026-03-19,Product A,172.8,25.7
2026-03-19,Product A,164.89,16.28
2026-03-19,Product B,145.34,32.16
2026-03-19,Product B,119.68,29.25
2026-03-19,Product B,142.98,16.86
2026-03-19,Product C,109.92,26.46
2026-03-19,Product C,91.14,30.67
2026-03-19,Product C,157.4,32.74
2026-03-19,Product C,127.83,37.61
2026-03-19,Product C,163.02,48.32
2026-03-19,Product C,81.82,15.48
2026-03-19,Product C,131.02,24.87
2026-03-19,Product C,159.22,48.06
2026-03-19,Product C,102.05,21.15
2026-03-19,Product C,103.51,21.21
2026-03-19,Product D,105.69,14.61
2026-03-19,Product D,68.36,10.0
2026-03-19,Product D,70.46,11.07
2026-03-19,Product D,81.86,23.52
2026-03-19,Product D,73.23,13.25
2026-03-19,Product D,83.01,24.73
2026-03-19,Product D,91.61,28.56
2026-03-20,Product A,157.33,16.94
2026-03-20,Product A,168.51,42.51
2026-03-20,Product A,151.24,24.69
2026-03-20,Product A,141.13,12.32
2026-03-20,Product A,152.68,22.36
2026-03-20,Product A,161.08,25.58
2026-03-20,Product A,133.74,17.73
2026-03-20,Product A,181.04,19.91
2026-03-20,Product A,162.19,29.92
2026-03-20,Product A,152.79,28.71
2026-03-20,Product A,136.54,30.32
2026-03-20,Product A,178.05,30.71
2026-03-20,Product A,194.75,30.47
2026-03-20,Product B,123.23,15.73
2026-03-20,Product B,165.43,35.81
2026-03-20,Product B,161.5,30.98
2026-03-20,Product B,154.08,28.41
2026-03-20,Product B,153.97,29.98
2026-03-20,Product B,114.1,13.08
2026-03-20,Product B,122.36,29.66
2026-03-20,Product B,181.39,13.48
2026-03-20,Product B,179.43,31.2
2026-03-20,Product B,167.28,32.49
2026-03-20,Product B,176.69,31.72
2026-03-20,Product B,115.0,18.7
2026-03-20,Product C,102.84,10.0
2026-03-20,Product C,106.42,32.99
2026-03-20,Product C,93.91,26.29
2026-03-20,Product C,182.67,51.82
2026-03-20,Product C,122.94,33.91
2026-03-20,Product C,89.87,10.0
2026-03-20,Product C,120.63,29.73
2026-03-20,Product C,144.08,27.15
2026-03-20,Product D,92.11,19.68
2026-03-21,Product A,174.29,26.11
2026-03-21,Product A,184.65,39.61
2026-03-21,Product A,184.9,23.09
2026-03-21,Product A,172.19,21.98
2026-03-21,Product A,172.12,22.0
2026-03-21,Product A,198.1,39.94
2026-03-21,Product A,195.37,41.63
2026-03-21,Product A,164.05,24.48
2026-03-21,Product A,208.32,34.09
2026-03-21,Product A,140.2,31.89
2026-03-21,Product A,173.16,41.48
2026-03-21,Product A,175.35,29.65
2026-03-21,Product A,203.57,22.3
2026-03-21,Product B,146.97,32.34
2026-03-21,Product B,143.89,18.85
2026-03-21,Product B,118.62,21.8
2026-03-21,Product B,132.81,22.0
2026-03-21,Product B,139.75,20.2
2026-03-21,Product B,151.46,30.18
2026-03-21,Product B,188.24,38.06
2026-03-21,Product B,180.06,24.06
2026-03-21,Product B,109.78,18.55
2026-03-21,Product C,123.73,30.27
2026-03-21,Product C,141.98,34.68
2026-03-21,Product C,87.6,18.13
2026-03-21,Product C,84.41,23.76
2026-03-21,Product C,150.76,23.24
2026-03-21,Product C,105.23,16.09
2026-03-21,Product C,110.01,27.5
2026-03-21,Product D,125.49,39.34
2026-03-21,Product D,129.16,27.15
2026-03-21,Product D,78.46,10.0
2026-03-21,Product D,70.76,15.66
2026-03-22,Product A,167.71,23.43
2026-03-22,Product A,186.19,34.56
2026-03-22,Product A,173.12,32.3
2026-03-22,Product A,183.54,36.05
2026-03-22,Product A,151.55,32.93
2026-03-22,Product A,175.62,26.38
2026-03-22,Product A,175.15,32.53
2026-03-22,Product A,193.8,24.58
2026-03-22,Product A,199.15,34.04
2026-03-22,Product A,158.86,22.71
2026-03-22,Product B,165.86,37.73
2026-03-22,Product B,175.94,33.44
2026-03-22,Product B,95.37,11.13
2026-03-22,Product B,174.14,42.59
2026-03-22,Product B,174.98,27.86
2026-03-22,Product B,116.26,19.44
2026-03-22,Product B,145.33,37.23
2026-03-22,Product B,150.01,25.64
2026-03-22,Product B,146.62,28.12
2026-03-22,Product B,158.78,21.2
2026-03-22,Product B,121.73,31.66
2026-03-22,Product B,108.9,31.61
2026-03-22,Product B,102.97,12.83
2026-03-22,Product C,107.2,43.06
2026-03-22,Product C,114.72,22.25
2026-03-22,Product C,108.08,37.99
2026-03-22,Product C,83.94,21.34
2026-03-22,Product C,114.74,13.86
2026-03-22,Product C,101.98,24.97
2026-03-22,Product C,100.98,24.29
2026-03-22,Product D,87.25,20.41
2026-03-22,Product D,101.87,36.26
2026-03-22,Product D,94.92,11.66
2026-03-22,Product D,120.38,36.59
2026-03-23,Product A,183.7,29.54
2026-03-23,Product A,124.77,25.72
2026-03-23,Product A,189.63,43.77
2026-03-23,Product A,153.92,27.98
2026-03-23,Product A,175.45,30.51
2026-03-23,Product A,172.53,29.63
2026-03-23,Product A,174.66,35.62
2026-03-23,Product A,196.85,27.41
2026-03-23,Product A,166.21,24.87
2026-03-23,Product B,144.8,27.96
2026-03-23,Product B,176.04,26.57
2026-03-23,Product B,119.22,19.54
2026-03-23,Product B,186.44,22.41
2026-03-23,Product C,109.2,21.27
2026-03-23,Product C,146.2,22.45
2026-03-23,Product C,81.52,27.59
2026-03-23,Product C,115.78,22.37
2026-03-23,Product C,117.55,27.54
2026-03-23,Product C,108.47,27.91
2026-03-23,Product C,98.83,19.33
2026-03-23,Product C,71.28,25.06
2026-03-23,Product C,116.13,30.91
2026-03-23,Product D,103.54,15.09
2026-03-23,Product D,69.23,14.42
2026-03-24,Product A,178.25,24.57
2026-03-24,Product A,164.03,28.95
2026-03-24,Product A,168.5,30.82
2026-03-24,Product A,171.51,18.03
2026-03-24,Product A,122.68,17.87
2026-03-24,Product A,182.33,28.1
2026-03-24,Product A,197.2,33.15
2026-03-24,Product A,199.86,43.19
2026-03-24,Product A,193.13,23.2
2026-03-24,Product A,170.38,38.75
2026-03-24,Product A,175.99,34.35
2026-03-24,Product A,139.47,39.06
2026-03-24,Product A,152.59,10.0
2026-03-24,Product A,162.28,10.0
2026-03-24,Product A,146.13,45.31
2026-03-24,Product A,161.64,16.06
2026-03-24,Product A,170.56,21.81
2026-03-24,Product A,189.02,25.02
2026-03-24,Product A,175.96,20.74
2026-03-24,Product A,227.18,42.65
2026-03-24,Product A,166.8,26.01
2026-03-24,Product B,158.91,21.67
2026-03-24,Product B,157.67,23.67
2026-03-24,Product B,139.69,30.31
2026-03-24,Product B,161.46,26.12
2026-03-24,Product B,134.62,35.68
2026-03-24,Product B,157.97,23.73
2026-03-24,Product B,130.63,30.41
2026-03-24,Product B,147.54,23.77
2026-03-24,Product B,147.53,27.78
2026-03-24,Product B,143.75,34.07
2026-03-24,Product B,172.71,33.62
2026-03-24,Product C,142.42,38.66
2026-03-24,Product C,133.89,45.11
2026-03-24,Product C,108.13,22.55
2026-03-24,Product D,125.25,19.35
2026-03-24,Product D,98.74,10.35
2026-03-25,Product A,145.01,26.21
2026-03-25,Product A,154.58,21.69
2026-03-25,Product A,173.78,35.94
2026-03-25,Product A,152.0,17.91
2026-03-25,Product A,170.52,33.3
2026-03-25,Product A,202.18,25.8
2026-03-25,Product A,163.0,37.12
2026-03-25,Product A,213.41,28.33
2026-03-25,Product A,153.75,29.19
2026-03-25,Product A,157.29,20.67
2026-03-25,Product A,175.38,42.21
2026-03-25,Product B,160.8,25.95
2026-03-25,Product B,156.47,24.96
2026-03-25,Product B,163.95,16.72
2026-03-25,Product B,122.7,10.0
2026-03-25,Product B,143.76,12.2
2026-03-25,Product B,129.78,13.2
2026-03-25,Product C,119.15,36.54
2026-03-25,Product C,139.32,34.05
2026-03-25,Product C,107.19,27.23
2026-03-25,Product C,90.06,14.82
2026-03-25,Product C,151.49,43.74
2026-03-25,Product D,133.88,32.66
2026-03-25,Product D,99.81,13.82
2026-03-25,Product D,58.94,10.0
2026-03-25,Product D,58.05,13.37
2026-03-25,Product D,103.45,15.04
2026-03-25,Product D,98.25,33.37
2026-03-26,Product A,166.15,34.15
2026-03-26,Product A,199.74,17.9
2026-03-26,Product A,202.61,30.09
2026-03-26,Product A,158.23,24.06
2026-03-26,Product A,177.04,21.21
2026-03-26,Product A,163.73,32.04
2026-03-26,Product A,174.81,32.76
2026-03-26,Product A,162.87,33.24
2026-03-26,Product A,193.24,40.82
2026-03-26,Product A,179.41,38.01
2026-03-26,Product A,189.16,53.57
2026-03-26,Product B,109.08,17.46
2026-03-26,Product B,126.46,11.43
2026-03-26,Product B,130.98,16.17
2026-03-26,Product B,145.22,19.72
2026-03-26,Product B,133.14,22.59
2026-03-26,Product B,167.31,40.21
2026-03-26,Product B,148.25,27.01
2026-03-26,Product B,140.97,27.81
2026-03-26,Product C,99.34,11.46
2026-03-26,Product C,137.74,24.25
2026-03-26,Product C,81.39,24.76
2026-03-26,Product C,130.1,27.7
2026-03-26,Product C,99.88,21.07
2026-03-26,Product D,84.08,23.64
2026-03-26,Product D,118.95,28.4
2026-03-26,Product D,107.33,25.79
2026-03-26,Product D,95.21,10.6
2026-03-27,Product A,166.73,30.2
2026-03-27,Product A,138.12,24.06
2026-03-27,Product A,150.75,17.07
2026-03-27,Product A,156.24,17.6
2026-03-27,Product A,183.35,29.83
2026-03-27,Product A,187.93,28.4
2026-03-27,Product A,161.07,42.37
2026-03-27,Product A,134.29,33.11
2026-03-27,Product B,169.42,22.61
2026-03-27,Product B,144.35,12.99
2026-03-27,Product B,145.68,15.52
2026-03-27,Product B,119.03,19.36
2026-03-27,Product B,168.25,32.13
2026-03-27,Product B,156.2,25.51
2026-03-27,Product B,137.62,29.72
2026-03-27,Product B,132.61,29.22
2026-03-27,Product C,110.46,41.21
2026-03-27,Product C,105.0,21.95
2026-03-27,Product C,99.98,16.49
2026-03-27,Product C,149.44,36.67
2026-03-27,Product C,142.63,20.85
2026-03-27,Product C,134.41,21.8
2026-03-27,Product C,90.58,21.84
2026-03-27,Product C,125.03,27.93
2026-03-27,Product D,65.9,21.49
2026-03-27,Product D,92.97,37.25
2026-03-27,Product D,108.82,30.58
2026-03-27,Product D,89.67,11.0
2026-03-27,Product D,75.78,10.0
2026-03-27,Product D,115.03,22.23
2026-03-27,Product D,115.96,26.6
2026-03-27,Product D,88.56,10.13
2026-03-27,Product D,101.64,20.61
2026-03-27,Product D,114.85,19.54
2026-03-27,Product D,108.55,37.01
2026-03-27,Product D,101.0,28.5
2026-03-27,Product D,107.58,38.85
2026-03-27,Product D,103.17,28.3
2026-03-28,Product A,143.42,34.52
2026-03-28,Product A,147.82,31.1
2026-03-28,Product A,179.15,37.8
2026-03-28,Product A,158.68,20.65
2026-03-28,Product A,178.32,27.98
2026-03-28,Product A,142.92,39.8
2026-03-28,Product A,152.59,17.99
2026-03-28,Product A,164.67,38.02
2026-03-28,Product A,122.33,30.16
2026-03-28,Product A,149.95,27.61
2026-03-28,Product A,155.13,42.31
2026-03-28,Product B,144.97,13.63
2026-03-28,Product B,137.51,28.23
2026-03-28,Product B,130.26,27.53
2026-03-28,Product B,145.7,23.03
2026-03-28,Product B,171.27,15.21
2026-03-28,Product C,130.12,32.8
2026-03-28,Product C,99.8,19.32
2026-03-28,Product C,108.5,14.36
2026-03-28,Product C,83.66,15.02
2026-03-28,Product C,114.19,25.96
2026-03-28,Product C,132.23,30.6
2026-03-28,Product C,114.35,17.84
2026-03-28,Product C,139.3,29.83
2026-03-28,Product C,110.46,22.81
2026-03-28,Product D,109.43,27.33
2026-03-28,Product D,129.03,38.08
2026-03-28,Product D,138.04,34.84
2026-03-29,Product A,188.17,26.74
2026-03-29,Product A,137.65,35.61
2026-03-29,Product A,142.52,27.74
2026-03-29,Product A,150.63,34.62
2026-03-29,Product A,197.78,37.86
2026-03-29,Product A,197.42,33.62
2026-03-29,Product A,219.15,43.22
2026-03-29,Product A,150.19,26.09
2026-03-29,Product A,166.64,26.33
2026-03-29,Product A,133.54,25.8
2026-03-29,Product A,139.51,10.0
2026-03-29,Product A,162.43,21.57
2026-03-29,Product A,151.05,10.0
2026-03-29,Product A,151.28,24.33
2026-03-29,Product A,156.05,29.63
2026-03-29,Product A,200.64,38.24
2026-03-29,Product A,192.58,41.61
2026-03-29,Product A,147.59,28.6
2026-03-29,Product B,149.82,33.73
2026-03-29,Product B,124.72,13.4
2026-03-29,Product B,156.53,20.22
2026-03-29,Product B,131.72,10.0
2026-03-29,Product B,151.4,38.07
2026-03-29,Product B,122.36,28.97
2026-03-29,Product B,143.69,10.3
2026-03-29,Product C,120.03,11.9
2026-03-29,Product C,120.4,16.84
2026-03-29,Product C,120.26,36.61
2026-03-29,Product C,130.19,30.06
2026-03-29,Product C,108.37,24.38
2026-03-29,Product C,132.39,32.84
2026-03-29,Product C,117.82,27.66
2026-03-29,Product C,91.04,14.15
2026-03-29,Product C,135.57,36.56
2026-03-29,Product D,111.95,39.02
2026-03-29,Product D,142.67,21.09
2026-03-29,Product D,66.74,10.0
2026-03-29,Product D,115.2,30.6
2026-03-29,Product D,97.15,11.56
2026-03-30,Product A,184.6,30.39
2026-03-30,Product A,195.99,38.37
2026-03-30,Product A,143.89,35.58
2026-03-30,Product A,196.96,37.21
2026-03-30,Product A,176.18,43.22
2026-03-30,Product A,134.07,32.72
2026-03-30,Product A,159.52,35.88
2026-03-30,Product A,172.65,19.41
2026-03-30,Product A,159.08,35.22
2026-03-30,Product B,149.24,16.98
2026-03-30,Product B,127.28,31.11
2026-03-30,Product B,110.85,22.37
2026-03-30,Product B,136.85,15.58
2026-03-30,Product B,188.38,24.39
2026-03-30,Product B,120.14,18.93
2026-03-30,Product B,128.09,21.83
2026-03-30,Product B,148.42,27.11
2026-03-30,Product B,142.27,18.57
2026-03-30,Product B,159.15,26.16
2026-03-30,Product C,135.81,31.83
2026-03-30,Product C,138.16,29.46
2026-03-30,Product C,134.63,18.6
2026-03-30,Product C,94.28,10.0
2026-03-30,Product C,117.04,19.57
2026-03-30,Product C,100.13,24.71
2026-03-30,Product C,110.64,12.88
2026-03-30,Product C,175.98,38.42
2026-03-30,Product C,96.17,15.8
2026-03-30,Product C,116.19,24.16
2026-03-30,Product D,123.86,25.07
2026-03-30,Product D,94.88,10.0
2026-03-30,Product D,90.69,28.68
2026-03-30,Product D,114.73,24.55
2026-03-30,Product D,132.38,26.05
2026-03-30,Product D,79.24,13.69
2026-03-31,Product A,122.07,23.76
2026-03-31,Product A,172.17,20.46
2026-03-31,Product A,167.7,26.45
2026-03-31,Product A,208.81,27.01
2026-03-31,Product A,177.29,21.41
2026-03-31,Product A,157.73,29.03
2026-03-31,Product A,165.35,28.06
2026-03-31,Product A,177.32,26.19
2026-03-31,Product A,189.45,29.76
2026-03-31,Product B,183.78,13.54
2026-03-31,Product B,171.26,22.55
2026-03-31,Product B,171.1,11.47
2026-03-31,Product B,139.83,35.4
2026-03-31,Product B,160.69,24.62
2026-03-31,Product B,102.25,10.0
2026-03-31,Product B,175.56,27.06
2026-03-31,Product B,143.42,26.65
2026-03-31,Product B,116.34,23.04
2026-03-31,Product C,121.24,22.83
2026-03-31,Product C,141.05,33.36
2026-03-31,Product C,107.75,11.79
2026-03-31,Product C,144.31,25.8
2026-03-31,Product C,121.59,45.57
2026-03-31,Product C,137.63,43.17
2026-03-31,Product C,108.16,32.36
2026-03-31,Product C,120.59,29.46
2026-03-31,Product C,164.46,33.95
2026-03-31,Product D,80.84,23.63
2026-03-31,Product D,94.7,16.55
2026-03-31,Product D,86.5,12.23
2026-03-31,Product D,113.43,16.57
2026-03-31,Product D,89.12,22.37
2026-03-31,Product D,130.5,28.64
2026-04-01,Product A,124.38,11.56
2026-04-01,Product A,161.74,21.79
2026-04-01,Product A,134.78,29.77
2026-04-01,Product A,175.71,30.99
2026-04-01,Product A,154.73,26.94
2026-04-01,Product A,181.32,28.71
2026-04-01,Product A,179.78,24.19
2026-04-01,Product A,172.14,38.4
2026-04-01,Product A,197.1,44.13
2026-04-01,Product B,134.16,30.92
2026-04-01,Product B,103.8,28.02
2026-04-01,Product B,144.45,24.53
2026-04-01,Product B,100.18,13.92
2026-04-01,Product B,174.82,26.31
2026-04-01,Product B,160.7,27.6
2026-04-01,Product B,168.38,30.16
2026-04-01,Product B,124.5,21.62
2026-04-01,Product B,180.23,34.62
2026-04-01,Product B,142.44,42.26
2026-04-01,Product B,170.5,35.52
2026-04-01,Product B,151.98,31.68
2026-04-01,Product B,161.78,10.04
2026-04-01,Product B,153.69,24.84
2026-04-01,Product C,147.39,40.82
2026-04-01,Product C,90.15,18.69
2026-04-01,Product C,110.14,13.12
2026-04-01,Product C,88.01,12.91
2026-04-01,Product C,105.9,25.56
2026-04-01,Product C,142.97,35.56
2026-04-01,Product C,136.51,27.9
2026-04-01,Product C,133.27,28.13
2026-04-01,Product C,110.29,39.44
2026-04-01,Product D,121.67,39.88
2026-04-01,Product D,60.04,10.0
2026-04-01,Product D,63.42,24.26
2026-04-01,Product D,104.18,23.56
2026-04-01,Product D,100.05,21.56
2026-04-01,Product D,70.33,19.58
2026-04-01,Product D,90.9,10.4
2026-04-01,Product D,107.63,20.27
2026-04-02,Product A,189.61,34.0
2026-04-02,Product A,150.56,28.17
2026-04-02,Product A,177.8,34.32
2026-04-02,Product A,192.79,27.85
2026-04-02,Product A,184.69,17.6
2026-04-02,Product A,167.36,26.25
2026-04-02,Product A,201.85,33.06
2026-04-02,Product A,183.38,17.08
2026-04-02,Product A,162.26,20.81
2026-04-02,Product A,224.46,32.82
2026-04-02,Product A,171.61,30.19
2026-04-02,Product B,173.18,29.09
2026-04-02,Product B,180.03,30.63
2026-04-02,Product B,99.96,23.79
2026-04-02,Product B,135.24,19.98
2026-04-02,Product B,113.03,32.19
2026-04-02,Product B,133.54,35.3
2026-04-02,Product B,135.51,15.61
2026-04-02,Product B,174.03,29.0
2026-04-02,Product B,143.6,14.16
2026-04-02,Product C,113.4,19.42
2026-04-02,Product C,180.42,36.23
2026-04-02,Product C,115.81,22.62
2026-04-02,Product C,113.91,25.68
2026-04-02,Product C,140.26,34.09
2026-04-02,Product C,143.7,39.97
2026-04-02,Product D,83.72,15.61
2026-04-02,Product D,68.34,10.0
2026-04-02,Product D,116.43,43.78
2026-04-02,Product D,82.52,20.93
2026-04-03,Product A,164.75,32.24
2026-04-03,Product A,183.82,31.09
2026-04-03,Product A,145.89,18.41
2026-04-03,Product A,195.26,43.2
2026-04-03,Product A,165.43,30.21
2026-04-03,Product A,196.34,19.74
2026-04-03,Product A,160.18,43.37
2026-04-03,Product A,176.58,20.98
2026-04-03,Product A,172.58,37.51
2026-04-03,Product A,113.98,20.79
2026-04-03,Product A,161.81,14.37
2026-04-03,Product B,136.77,29.15
2026-04-03,Product B,156.11,22.72
2026-04-03,Product B,87.55,10.0
2026-04-03,Product B,134.38,15.59
2026-04-03,Product B,135.91,29.64
2026-04-03,Product B,144.18,32.43
2026-04-03,Product B,111.82,16.57
2026-04-03,Product B,102.34,13.99
2026-04-03,Product B,122.0,30.99
2026-04-03,Product B,154.01,34.3
2026-04-03,Product B,135.55,14.89
2026-04-03,Product B,121.87,22.84
2026-04-03,Product C,125.72,28.54
2026-04-03,Product C,126.59,31.8
2026-04-03,Product C,110.91,17.65
2026-04-03,Product C,142.71,31.57
2026-04-03,Product C,140.87,44.16
2026-04-03,Product C,131.45,31.79
2026-04-03,Product D,62.69,10.0
2026-04-03,Product D,107.8,25.79
2026-04-03,Product D,79.76,10.0
2026-04-03,Product D,89.05,28.52
2026-04-03,Product D,76.61,11.55
2026-04-03,Product D,68.81,12.2
2026-04-03,Product D,102.44,39.46
2026-04-03,Product D,99.79,21.52
2026-04-03,Product D,113.98,30.65
2026-04-03,Product D,82.29,36.52
2026-04-03,Product D,94.46,22.67
2026-04-04,Product A,203.56,29.89
2026-04-04,Product A,187.23,33.15
2026-04-04,Product A,191.62,30.86
2026-04-04,Product A,162.29,33.45
2026-04-04,Product A,177.88,23.68
2026-04-04,Product A,199.6,39.79
2026-04-04,Product A,168.37,24.88
2026-04-04,Product A,178.01,35.55
2026-04-04,Product A,134.93,25.94
2026-04-04,Product A,184.36,12.52
2026-04-04,Product B,125.87,22.41
2026-04-04,Product B,159.59,40.56
2026-04-04,Product B,139.72,16.83
2026-04-04,Product B,124.82,15.72
2026-04-04,Product B,193.86,39.01
2026-04-04,Product B,169.48,26.9
2026-04-04,Product B,144.96,30.24
2026-04-04,Product B,133.87,20.43
2026-04-04,Product B,130.16,18.55
2026-04-04,Product B,146.08,18.26
2026-04-04,Product B,151.29,28.0
2026-04-04,Product B,141.06,17.36
2026-04-04,Product C,117.24,22.64
2026-04-04,Product C,107.34,21.47
2026-04-04,Product C,129.2,29.81
2026-04-04,Product C,119.12,20.52
2026-04-04,Product C,103.08,18.99
2026-04-04,Product C,130.13,33.93
2026-04-04,Product C,137.53,30.24
2026-04-04,Product C,128.44,26.91
2026-04-04,Product C,81.67,16.24
2026-04-04,Product D,79.36,29.84
2026-04-04,Product D,59.74,11.68
2026-04-04,Product D,69.34,10.0
2026-04-04,Product D,90.65,12.04
2026-04-05,Product A,188.52,40.25
2026-04-05,Product A,139.65,21.8
2026-04-05,Product A,180.28,37.62
2026-04-05,Product A,208.57,44.01
2026-04-05,Product A,189.72,53.32
2026-04-05,Product A,172.12,26.95
2026-04-05,Product A,173.9,22.24
2026-04-05,Product A,171.49,15.34
2026-04-05,Product A,158.35,26.0
2026-04-05,Product A,190.89,41.34
2026-04-05,Product A,148.8,41.9
2026-04-05,Product A,173.26,31.37
2026-04-05,Product A,134.41,17.89
2026-04-05,Product B,175.98,38.61
2026-04-05,Product B,142.25,36.69
2026-04-05,Product B,117.3,12.17
2026-04-05,Product B,186.0,36.24
2026-04-05,Product B,138.64,23.13
2026-04-05,Product C,94.49,22.91
2026-04-05,Product C,108.35,15.95
2026-04-05,Product C,147.87,49.89
2026-04-05,Product D,85.75,29.42
2026-04-05,Product D,50.21,10.0
2026-04-05,Product D,112.62,18.02
2026-04-05,Product D,89.72,24.49
2026-04-06,Product A,139.9,16.21
2026-04-06,Product A,136.17,11.42
2026-04-06,Product A,148.6,35.13
2026-04-06,Product A,163.13,27.98
2026-04-06,Product A,148.98,30.39
2026-04-06,Product A,211.27,28.81
2026-04-06,Product A,207.94,38.27
2026-04-06,Product A,170.37,32.16
2026-04-06,Product A,178.59,45.22
2026-04-06,Product A,181.44,35.17
2026-04-06,Product A,160.73,34.04
2026-04-06,Product A,148.95,26.19
2026-04-06,Product A,233.43,19.65
2026-04-06,Product A,175.13,31.95
2026-04-06,Product A,164.98,26.41
2026-04-06,Product B,154.22,18.0
2026-04-06,Product B,128.45,35.33
2026-04-06,Product B,128.2,26.92
2026-04-06,Product B,124.22,29.18
2026-04-06,Product B,129.9,14.38
2026-04-06,Product B,129.33,17.56
2026-04-06,Product B,153.9,26.72
2026-04-06,Product B,120.91,20.33
2026-04-06,Product B,119.84,25.52
2026-04-06,Product B,163.19,27.55
2026-04-06,Product B,150.98,39.68
2026-04-06,Product C,114.5,32.39
2026-04-06,Product C,144.32,39.16
2026-04-06,Product C,127.4,25.97
2026-04-06,Product C,68.13,17.93
2026-04-06,Product C,69.85,10.0
2026-04-06,Product C,116.44,27.73
2026-04-06,Product D,105.17,21.14
2026-04-06,Product D,125.5,40.13
2026-04-07,Product A,152.94,21.6
2026-04-07,Product A,138.17,23.15
2026-04-07,Product A,146.9,22.34
2026-04-07,Product A,175.73,14.0
2026-04-07,Product A,142.2,20.12
2026-04-07,Product A,168.84,24.75
2026-04-07,Product A,164.05,22.24
2026-04-07,Product A,138.11,19.2
2026-04-07,Product A,165.31,25.62
2026-04-07,Product A,172.46,32.67
2026-04-07,Product A,185.0,26.38
2026-04-07,Product A,135.33,33.18
2026-04-07,Product A,178.48,22.7
2026-04-07,Product A,176.11,38.48
2026-04-07,Product B,124.37,11.04
2026-04-07,Product B,181.21,34.92
2026-04-07,Product B,154.86,23.58
2026-04-07,Product B,150.89,17.76
2026-04-07,Product B,153.52,16.7
2026-04-07,Product B,137.1,18.16
2026-04-07,Product B,73.34,10.0
2026-04-07,Product B,125.22,19.6
2026-04-07,Product C,66.61,31.37
2026-04-07,Product C,154.97,35.83
2026-04-07,Product C,88.91,29.24
2026-04-07,Product C,104.73,27.31
2026-04-07,Product C,91.78,38.0
2026-04-07,Product C,88.27,19.97
2026-04-07,Product C,73.31,15.8
2026-04-07,Product C,110.64,33.44
2026-04-07,Product D,105.9,26.24
2026-04-07,Product D,110.89,26.53
2026-04-07,Product D,109.55,16.92
2026-04-07,Product D,103.55,35.65
2026-04-08,Product A,185.97,32.42
2026-04-08,Product A,179.46,24.63
2026-04-08,Product A,161.46,16.76
2026-04-08,Product A,202.71,38.06
2026-04-08,Product A,149.85,27.65
2026-04-08,Product A,195.51,41.18
2026-04-08,Product A,149.59,10.0
2026-04-08,Product A,178.7,23.28
2026-04-08,Product A,183.69,38.83
2026-04-08,Product A,194.5,47.02
2026-04-08,Product A,197.2,47.52
2026-04-08,Product A,200.34,45.79
2026-04-08,Product A,169.1,18.43
2026-04-08,Product A,224.61,38.69
2026-04-08,Product A,197.03,29.09
2026-04-08,Product A,191.21,12.95
2026-04-08,Product A,160.97,26.58
2026-04-08,Product A,180.18,39.21
2026-04-08,Product B,109.36,11.14
2026-04-08,Product B,158.89,29.84
2026-04-08,Product B,102.18,22.43
2026-04-08,Product B,110.49,29.62
2026-04-08,Product B,149.59,21.72
2026-04-08,Product B,166.78,31.18
2026-04-08,Product B,174.15,30.25
2026-04-08,Product B,148.05,22.89
2026-04-08,Product B,150.79,39.22
2026-04-08,Product C,126.69,30.0
2026-04-08,Product C,100.45,11.27
2026-04-08,Product C,114.45,30.4
2026-04-08,Product C,129.17,21.37
2026-04-08,Product C,123.01,34.16
2026-04-08,Product C,94.2,21.23
2026-04-08,Product C,149.47,22.68
2026-04-08,Product D,90.91,10.0
2026-04-08,Product D,92.83,24.19
2026-04-08,Product D,111.28,17.44
2026-04-08,Product D,89.06,27.41
2026-04-09,Product A,194.01,21.82
2026-04-09,Product A,167.34,32.53
2026-04-09,Product A,168.08,19.11
2026-04-09,Product A,117.49,32.16
2026-04-09,Product A,175.46,39.16
2026-04-09,Product A,190.43,37.15
2026-04-09,Product A,162.93,31.62
2026-04-09,Product A,201.52,34.92
2026-04-09,Product A,211.84,24.02
2026-04-09,Product A,134.65,30.8
2026-04-09,Product A,151.99,42.18
2026-04-09,Product A,199.42,46.6
2026-04-09,Product A,189.46,24.84
2026-04-09,Product A,133.49,34.66
2026-04-09,Product B,142.14,35.57
2026-04-09,Product B,175.61,31.1
2026-04-09,Product B,131.8,32.85
2026-04-09,Product B,100.5,20.64
2026-04-09,Product B,161.27,20.79
2026-04-09,Product B,166.42,28.08
2026-04-09,Product C,118.25,34.45
2026-04-09,Product C,132.32,32.73
2026-04-09,Product C,126.42,24.04
2026-04-09,Product C,113.36,26.92
2026-04-09,Product C,116.19,34.45
2026-04-09,Product C,122.06,29.86
2026-04-09,Product C,89.14,27.16
2026-04-09,Product C,107.21,15.24
2026-04-09,Product C,156.22,39.95
2026-04-09,Product D,140.6,29.35
2026-04-09,Product D,64.33,10.0
2026-04-09,Product D,57.87,10.0
2026-04-09,Product D,89.9,25.24
2026-04-09,Product D,94.37,27.51
2026-04-09,Product D,95.99,21.23
2026-04-10,Product A,136.31,25.58
2026-04-10,Product A,166.0,34.47
2026-04-10,Product A,169.54,28.89
2026-04-10,Product A,164.13,39.05
2026-04-10,Product A,170.05,44.67
2026-04-10,Product A,175.99,30.09
2026-04-10,Product A,166.8,32.87
2026-04-10,Product A,157.06,27.87
2026-04-10,Product A,170.18,31.53
2026-04-10,Product B,175.82,24.26
2026-04-10,Product B,155.03,24.24
2026-04-10,Product B,154.94,24.46
2026-04-10,Product B,127.64,19.53
2026-04-10,Product B,178.91,34.15
2026-04-10,Product B,116.65,28.59
2026-04-10,Product B,125.39,27.26
2026-04-10,Product B,157.17,31.65
2026-04-10,Product B,185.77,24.95
2026-04-10,Product B,158.44,37.01
2026-04-10,Product C,134.71,27.2
2026-04-10,Product C,102.43,24.45
2026-04-10,Product C,119.33,35.74
2026-04-10,Product C,99.57,38.07
2026-04-10,Product C,148.05,30.94
2026-04-10,Product C,159.55,28.84
2026-04-10,Product C,124.52,17.18
2026-04-10,Product C,160.62,22.16
2026-04-10,Product C,88.31,14.35
2026-04-10,Product D,117.42,24.91
2026-04-10,Product D,104.29,36.16
2026-04-11,Product A,180.35,36.58
2026-04-11,Product A,172.43,37.34
2026-04-11,Product A,165.57,29.17
2026-04-11,Product A,178.24,32.6
2026-04-11,Product A,205.49,37.89
2026-04-11,Product A,163.31,31.99
2026-04-11,Product A,192.19,38.87
2026-04-11,Product A,185.81,19.6
2026-04-11,Product A,115.16,29.78
2026-04-11,Product A,179.65,30.37
2026-04-11,Product A,185.27,46.91
2026-04-11,Product A,201.1,41.88
2026-04-11,Product A,150.49,19.53
2026-04-11,Product A,117.5,25.04
2026-04-11,Product B,141.4,16.22
2026-04-11,Product B,183.63,20.8
2026-04-11,Product B,140.66,10.0
2026-04-11,Product B,151.52,25.74
2026-04-11,Product B,137.15,15.85
2026-04-11,Product C,175.09,36.22
2026-04-11,Product C,127.95,21.52
2026-04-11,Product C,59.38,10.0
2026-04-11,Product C,172.38,42.69
2026-04-11,Product C,156.1,31.56
2026-04-11,Product C,68.15,10.0
2026-04-11,Product C,128.73,30.22
2026-04-11,Product C,119.77,22.11
2026-04-11,Product D,75.61,13.22
2026-04-11,Product D,136.22,38.87
2026-04-11,Product D,117.45,19.55
2026-04-11,Product D,63.37,22.71
2026-04-11,Product D,114.9,26.38
2026-04-11,Product D,86.85,10.0
2026-04-12,Product A,155.06,20.26
2026-04-12,Product A,197.3,28.41
2026-04-12,Product A,209.14,34.68
2026-04-12,Product A,161.5,27.82
2026-04-12,Product A,161.49,36.46
2026-04-12,Product A,189.49,40.92
2026-04-12,Product A,174.06,25.94
2026-04-12,Product A,169.8,25.46
2026-04-12,Product A,202.27,42.4
2026-04-12,Product A,167.99,21.15
2026-04-12,Product A,203.9,35.76
2026-04-12,Product A,167.14,40.81
2026-04-12,Product A,158.78,24.44
2026-04-12,Product A,164.92,17.5
2026-04-12,Product B,150.44,24.33
2026-04-12,Product B,146.06,43.66
2026-04-12,Product B,141.58,28.91
2026-04-12,Product B,160.81,26.83
2026-04-12,Product B,151.02,25.84
2026-04-12,Product B,149.46,20.72
2026-04-12,Product B,134.13,22.94
2026-04-12,Product C,140.42,27.48
2026-04-12,Product C,170.4,35.98
2026-04-12,Product C,139.98,29.37
2026-04-12,Product C,168.33,32.93
2026-04-12,Product C,145.63,37.05
2026-04-12,Product C,128.89,30.19
2026-04-12,Product C,105.33,10.0
2026-04-12,Product C,143.64,27.69
2026-04-12,Product D,108.53,21.13
2026-04-12,Product D,120.63,31.27
2026-04-12,Product D,108.27,21.64
2026-04-12,Product D,74.92,13.02
2026-04-13,Product A,137.79,11.92
2026-04-13,Product A,172.56,33.61
2026-04-13,Product A,169.3,24.79
2026-04-13,Product A,149.16,22.82
2026-04-13,Product A,151.91,25.32
2026-04-13,Product A,136.53,28.82
2026-04-13,Product A,157.53,29.79
2026-04-13,Product A,189.52,34.84
2026-04-13,Product B,124.8,24.43
2026-04-13,Product B,182.33,38.46
2026-04-13,Product B,137.91,31.56
2026-04-13,Product B,152.63,25.62
2026-04-13,Product B,142.73,22.66
2026-04-13,Product B,159.32,28.2
2026-04-13,Product B,128.97,15.71
2026-04-13,Product B,151.73,29.22
2026-04-13,Product B,138.11,14.42
2026-04-13,Product B,172.52,37.64
2026-04-13,Product B,101.28,27.93
2026-04-13,Product B,140.4,25.39
2026-04-13,Product C,75.42,23.62
2026-04-13,Product C,149.52,26.38
2026-04-13,Product C,114.06,20.64
2026-04-13,Product C,107.15,32.17
2026-04-13,Product D,113.58,22.9
2026-04-13,Product D,86.93,16.89
2026-04-13,Product D,71.24,20.73
2026-04-13,Product D,101.19,25.74
2026-04-13,Product D,93.47,19.02
2026-04-13,Product D,120.86,34.76
2026-04-13,Product D,126.13,30.73
2026-04-14,Product A,165.58,37.71
2026-04-14,Product A,188.56,29.73
2026-04-14,Product A,146.98,23.35
2026-04-14,Product A,154.93,40.13
2026-04-14,Product A,186.72,25.62
2026-04-14,Product A,147.01,18.77
2026-04-14,Product A,157.71,25.48
2026-04-14,Product A,194.52,25.34
2026-04-14,Product A,220.37,29.92
2026-04-14,Product A,139.0,37.14
2026-04-14,Product A,199.07,32.38
2026-04-14,Product A,178.39,33.58
2026-04-14,Product A,173.01,19.04
2026-04-14,Product A,115.4,12.86
2026-04-14,Product B,169.91,27.3
2026-04-14,Product B,129.19,29.86
2026-04-14,Product B,155.9,27.24
2026-04-14,Product B,155.08,25.46
2026-04-14,Product B,153.84,31.96
2026-04-14,Product B,152.55,28.26
2026-04-14,Product B,175.64,17.08
2026-04-14,Product B,127.45,21.88
2026-04-14,Product B,128.94,18.75
2026-04-14,Product C,116.95,16.18
2026-04-14,Product C,110.29,19.28
2026-04-14,Product C,113.73,30.55
2026-04-14,Product C,128.89,34.95
2026-04-14,Product C,111.55,36.61
2026-04-14,Product C,134.8,30.55
2026-04-14,Product C,133.27,23.91
2026-04-14,Product D,96.76,20.19
2026-04-14,Product D,76.35,10.0
2026-04-15,Product A,160.55,21.92
2026-04-15,Product A,197.6,40.64
2026-04-15,Product A,148.72,34.6
2026-04-15,Product A,166.81,23.47
2026-04-15,Product A,163.54,21.54
2026-04-15,Product A,140.94,30.17
2026-04-15,Product A,165.14,33.01
2026-04-15,Product A,176.32,34.36
2026-04-15,Product B,206.53,38.91
2026-04-15,Product B,114.98,23.02
2026-04-15,Product B,180.11,29.12
2026-04-15,Product B,167.95,21.83
2026-04-15,Product B,153.19,10.0
2026-04-15,Product B,124.09,21.05
2026-04-15,Product B,137.01,12.89
2026-04-15,Product B,134.01,25.42
2026-04-15,Product B,143.1,24.81
2026-04-15,Product B,161.1,24.64
2026-04-15,Product B,174.9,21.82
2026-04-15,Product B,187.42,40.77
2026-04-15,Product B,137.17,21.0
2026-04-15,Product C,73.44,14.74
2026-04-15,Product C,151.99,22.1
2026-04-15,Product C,84.82,20.43
2026-04-15,Product C,150.52,35.72
2026-04-15,Product C,78.1,10.0
2026-04-15,Product C,122.15,17.44
2026-04-15,Product D,84.23,33.05
2026-04-16,Product A,190.25,31.14
2026-04-16,Product A,165.72,25.79
2026-04-16,Product A,184.98,26.24
2026-04-16,Product A,207.95,29.38
2026-04-16,Product A,174.72,27.87
2026-04-16,Product A,160.08,44.59
2026-04-16,Product A,160.34,24.82
2026-04-16,Product A,155.39,26.74
2026-04-16,Product A,167.77,19.57
2026-04-16,Product B,137.39,20.43
2026-04-16,Product B,172.38,21.88
2026-04-16,Product B,151.1,25.14
2026-04-16,Product B,146.49,26.86
2026-04-16,Product B,146.26,31.21
2026-04-16,Product B,144.36,38.5
2026-04-16,Product B,145.98,11.19
2026-04-16,Product B,159.04,30.17
2026-04-16,Product B,145.72,22.7
2026-04-16,Product B,98.48,10.0
2026-04-16,Product B,181.25,26.13
2026-04-16,Product C,150.86,45.73
2026-04-16,Product C,97.15,12.54
2026-04-16,Product C,112.35,27.44
2026-04-16,Product C,116.0,29.52
2026-04-16,Product C,118.92,25.25
2026-04-16,Product C,173.09,33.88
2026-04-16,Product C,156.08,45.91
2026-04-16,Product C,131.09,13.43
2026-04-16,Product C,120.68,22.43
2026-04-16,Product C,120.44,17.99
2026-04-16,Product D,83.92,23.73
2026-04-16,Product D,92.67,23.62
2026-04-16,Product D,106.17,26.14
2026-04-16,Product D,107.27,16.78
2026-04-16,Product D,74.89,16.13
2026-04-16,Product D,94.59,16.63
2026-04-16,Product D,100.3,29.33
2026-04-16,Product D,121.13,37.95
2026-04-16,Product D,66.07,10.0
2026-04-17,Product A,163.3,31.63
2026-04-17,Product A,140.75,42.67
2026-04-17,Product A,170.46,37.38
2026-04-17,Product A,157.24,31.33
2026-04-17,Product A,172.2,36.13
2026-04-17,Product A,165.63,40.57
2026-04-17,Product A,137.17,30.91
2026-04-17,Product A,172.61,21.2
2026-04-17,Product A,212.95,50.99
2026-04-17,Product A,124.37,22.56
2026-04-17,Product A,185.52,35.07
2026-04-17,Product A,203.34,45.03
2026-04-17,Product A,175.83,48.11
2026-04-17,Product B,140.74,13.39
2026-04-17,Product B,170.57,25.76
2026-04-17,Product B,189.44,34.64
2026-04-17,Product B,172.88,34.44
2026-04-17,Product B,173.93,34.13
2026-04-17,Product B,150.17,34.27
2026-04-17,Product B,199.69,31.79
2026-04-17,Product C,131.13,29.19
2026-04-17,Product D,90.79,27.22
2026-04-17,Product D,109.98,27.56
2026-04-17,Product D,117.35,27.44
2026-04-17,Product D,58.82,10.0
2026-04-17,Product D,55.3,17.42
2026-04-18,Product A,180.76,38.47
2026-04-18,Product A,135.31,22.14
2026-04-18,Product A,138.87,20.74
2026-04-18,Product A,205.56,43.69
2026-04-18,Product A,184.57,29.92
2026-04-18,Product B,156.42,24.3
2026-04-18,Product B,172.87,31.64
2026-04-18,Product B,153.36,14.53
2026-04-18,Product B,146.35,24.43
2026-04-18,Product B,122.47,19.05
2026-04-18,Product B,154.59,26.25
2026-04-18,Product B,113.93,17.18
2026-04-18,Product B,134.7,24.45
2026-04-18,Product B,146.88,21.68
2026-04-18,Product B,135.09,23.5
2026-04-18,Product B,166.19,30.48
2026-04-18,Product B,176.31,39.04
2026-04-18,Product B,177.93,41.2
2026-04-18,Product B,179.38,21.27
2026-04-18,Product B,159.24,36.82
2026-04-18,Product C,160.64,24.24
2026-04-18,Product C,103.08,10.0
2026-04-18,Product C,123.18,45.21
2026-04-18,Product D,92.93,26.38
2026-04-18,Product D,115.43,35.78
2026-04-18,Product D,102.38,25.37
2026-04-18,Product D,111.5,19.77
2026-04-18,Product D,81.01,16.82
2026-04-18,Product D,66.95,17.98
2026-04-19,Product A,179.57,25.49
2026-04-19,Product A,147.64,41.54
2026-04-19,Product A,147.95,14.92
2026-04-19,Product A,174.72,31.85
2026-04-19,Product A,184.68,47.41
2026-04-19,Product A,152.9,21.37
2026-04-19,Product B,166.09,31.93
2026-04-19,Product B,146.34,27.09
2026-04-19,Product B,158.73,13.53
2026-04-19,Product B,168.57,22.05
2026-04-19,Product B,135.24,25.71
2026-04-19,Product B,143.34,28.26
2026-04-19,Product B,148.12,22.87
2026-04-19,Product B,178.63,36.03
2026-04-19,Product B,151.65,31.32
2026-04-19,Product B,129.48,39.41
2026-04-19,Product B,121.07,21.49
2026-04-19,Product B,138.7,20.98
2026-04-19,Product B,135.01,16.78
2026-04-19,Product B,171.14,19.46
2026-04-19,Product C,95.78,12.35
2026-04-19,Product C,134.42,34.4
2026-04-19,Product C,125.32,24.44
2026-04-19,Product C,115.81,22.87
2026-04-19,Product D,72.9,10.75
2026-04-19,Product D,97.93,23.49
2026-04-19,Product D,53.17,16.52
2026-04-19,Product D,100.46,10.0
2026-04-19,Product D,92.43,13.87
2026-04-19,Product D,85.03,10.0
2026-04-20,Product A,175.83,12.62
2026-04-20,Product A,176.28,28.41
2026-04-20,Product A,145.78,27.61
2026-04-20,Product A,189.35,26.84
2026-04-20,Product A,133.84,10.0
2026-04-20,Product A,155.35,25.17
2026-04-20,Product A,158.65,21.5
2026-04-20,Product A,182.49,34.73
2026-04-20,Product A,174.39,36.18
2026-04-20,Product A,155.56,17.69
2026-04-20,Product A,158.51,22.22
2026-04-20,Product A,124.87,16.86
2026-04-20,Product A,194.31,39.44
2026-04-20,Product A,181.55,31.92
2026-04-20,Product B,125.96,23.99
2026-04-20,Product B,149.53,37.55
2026-04-20,Product B,138.62,21.11
2026-04-20,Product B,176.67,37.92
2026-04-20,Product B,148.19,12.7
2026-04-20,Product B,127.14,13.18
2026-04-20,Product B,145.8,20.72
2026-04-20,Product B,180.26,18.07
2026-04-20,Product C,101.59,27.42
2026-04-20,Product C,153.63,43.85
2026-04-20,Product C,119.36,19.55
2026-04-20,Product C,120.18,37.49
2026-04-20,Product C,111.19,10.0
2026-04-20,Product C,112.08,22.43
2026-04-20,Product C,79.93,19.44
2026-04-20,Product C,131.13,43.73
2026-04-20,Product C,90.69,25.8
2026-04-20,Product D,97.14,22.09
2026-04-20,Product D,82.69,28.52
2026-04-20,Product D,86.18,10.0
2026-04-21,Product A,177.52,32.85
2026-04-21,Product A,202.87,25.57
2026-04-21,Product A,160.68,39.68
2026-04-21,Product A,126.72,21.11
2026-04-21,Product A,197.04,43.21
2026-04-21,Product A,184.52,36.85
2026-04-21,Product A,147.1,35.99
2026-04-21,Product A,143.6,15.29
2026-04-21,Product A,178.53,26.41
2026-04-21,Product A,174.55,33.12
2026-04-21,Product A,209.12,39.02
2026-04-21,Product A,156.39,32.0
2026-04-21,Product A,151.7,33.09
2026-04-21,Product B,105.83,10.0
2026-04-21,Product C,119.02,39.33
2026-04-21,Product C,132.86,32.31
2026-04-21,Product C,148.53,27.61
2026-04-21,Product C,143.5,38.78
2026-04-21,Product C,139.58,29.47
2026-04-21,Product D,105.73,14.78
2026-04-21,Product D,71.03,13.8
2026-04-21,Product D,77.95,10.11
2026-04-21,Product D,132.31,16.84
2026-04-21,Product D,139.51,33.0
2026-04-21,Product D,116.7,32.62
2026-04-22,Product A,146.19,23.6
2026-04-22,Product A,151.24,12.14
2026-04-22,Product A,155.45,41.41
2026-04-22,Product A,166.18,44.12
2026-04-22,Product A,215.89,60.66
2026-04-22,Product A,211.92,54.89
2026-04-22,Product A,177.15,31.94
2026-04-22,Product A,176.49,30.0
2026-04-22,Product A,173.29,35.48
2026-04-22,Product A,159.75,16.14
2026-04-22,Product A,178.0,24.72
2026-04-22,Product A,157.04,25.55
2026-04-22,Product A,161.81,36.39
2026-04-22,Product A,166.33,37.56
2026-04-22,Product A,174.53,28.96
2026-04-22,Product B,129.95,16.08
2026-04-22,Product B,165.58,36.25
2026-04-22,Product B,121.9,26.75
2026-04-22,Product B,159.32,17.65
2026-04-22,Product B,143.16,27.06
2026-04-22,Product B,148.59,11.58
2026-04-22,Product B,147.89,30.23
2026-04-22,Product B,179.75,25.21
2026-04-22,Product B,133.0,20.94
2026-04-22,Product B,151.41,26.52
2026-04-22,Product B,158.29,17.91
2026-04-22,Product C,117.43,36.46
2026-04-22,Product C,127.27,34.56
2026-04-22,Product C,135.74,10.0
2026-04-22,Product C,118.31,17.4
2026-04-22,Product C,101.76,34.18
2026-04-22,Product C,111.75,39.73
2026-04-22,Product C,89.03,10.92
2026-04-22,Product C,136.77,27.36
2026-04-22,Product C,126.76,26.99
2026-04-22,Product D,109.12,36.92
2026-04-22,Product D,90.54,16.77
2026-04-23,Product A,185.19,16.29
2026-04-23,Product A,127.25,14.99
2026-04-23,Product A,175.06,29.49
2026-04-23,Product A,181.33,29.42
2026-04-23,Product A,200.74,40.3
2026-04-23,Product A,171.71,38.35
2026-04-23,Product A,133.72,22.05
2026-04-23,Product A,173.03,34.23
2026-04-23,Product A,132.27,20.4
2026-04-23,Product A,178.81,34.21
2026-04-23,Product A,196.09,39.43
2026-04-23,Product A,168.66,34.07
2026-04-23,Product B,196.23,38.98
2026-04-23,Product B,134.85,27.02
2026-04-23,Product B,155.31,31.31
2026-04-23,Product B,177.89,16.77
2026-04-23,Product B,178.3,45.11
2026-04-23,Product B,157.5,31.51
2026-04-23,Product B,139.68,23.8
2026-04-23,Product C,99.82,21.72
2026-04-23,Product C,105.89,34.33
2026-04-23,Product C,156.09,33.55
2026-04-23,Product C,145.76,45.27
2026-04-23,Product C,119.28,27.28
2026-04-23,Product C,136.14,23.21
2026-04-23,Product C,122.42,44.07
2026-04-23,Product C,109.0,30.81
2026-04-23,Product C,131.52,27.62
2026-04-23,Product C,124.88,41.49
2026-04-23,Product D,114.66,19.13
2026-04-23,Product D,103.55,14.01
2026-04-23,Product D,96.4,16.02
2026-04-23,Product D,75.69,14.23
2026-04-23,Product D,44.55,10.0
2026-04-23,Product D,112.21,27.47
2026-04-24,Product A,150.68,31.39
2026-04-24,Product A,167.46,25.87
2026-04-24,Product A,168.0,49.04
2026-04-24,Product A,153.31,27.88
2026-04-24,Product A,187.19,24.12
2026-04-24,Product A,134.93,18.13
2026-04-24,Product A,186.71,29.0
2026-04-24,Product A,164.92,35.32
2026-04-24,Product A,152.26,25.17
2026-04-24,Product B,177.6,27.63
2026-04-24,Product B,114.95,14.1
2026-04-24,Product B,109.56,10.0
2026-04-24,Product B,159.76,15.59
2026-04-24,Product B,151.87,26.02
2026-04-24,Product B,133.31,24.48
2026-04-24,Product B,124.37,27.87
2026-04-24,Product C,112.49,23.88
2026-04-24,Product C,112.25,28.7
2026-04-24,Product C,135.84,23.7
2026-04-24,Product C,102.18,22.19
2026-04-24,Product C,86.04,15.11
2026-04-24,Product C,149.66,20.87
2026-04-24,Product C,112.52,20.02
2026-04-24,Product D,100.94,15.12
2026-04-24,Product D,116.75,27.85
2026-04-24,Product D,113.74,22.4
2026-04-24,Product D,100.35,20.37
2026-04-25,Product A,170.19,25.27
2026-04-25,Product A,158.65,28.87
2026-04-25,Product A,188.03,26.49
2026-04-25,Product A,172.78,30.85
2026-04-25,Product A,177.88,16.58
2026-04-25,Product A,149.66,14.52
2026-04-25,Product A,170.72,21.81
2026-04-25,Product A,159.08,17.49
2026-04-25,Product A,161.13,18.4
2026-04-25,Product A,186.67,35.57
2026-04-25,Product A,173.31,27.05
2026-04-25,Product A,125.17,17.61
2026-04-25,Product A,153.25,28.03
2026-04-25,Product A,183.63,33.81
2026-04-25,Product A,197.79,29.08
2026-04-25,Product A,156.58,34.92
2026-04-25,Product A,173.66,27.55
2026-04-25,Product A,210.62,40.43
2026-04-25,Product A,165.81,22.7
2026-04-25,Product A,199.18,35.52
2026-04-25,Product B,117.86,22.51
2026-04-25,Product B,115.59,18.87
2026-04-25,Product B,132.43,23.6
2026-04-25,Product B,152.52,18.28
2026-04-25,Product B,144.35,35.69
2026-04-25,Product B,116.13,12.91
2026-04-25,Product B,163.94,28.49
2026-04-25,Product B,148.33,33.39
2026-04-25,Product C,112.81,11.9
2026-04-25,Product C,114.23,32.06
2026-04-25,Product C,125.57,26.76
2026-04-25,Product C,85.57,16.2
2026-04-25,Product C,123.23,19.18
2026-04-25,Product C,134.41,36.65
2026-04-25,Product C,108.37,29.65
2026-04-25,Product C,117.59,35.05
2026-04-25,Product C,164.75,27.5
2026-04-25,Product D,87.16,17.59
2026-04-25,Product D,113.44,10.0
2026-04-25,Product D,73.57,21.54
2026-04-25,Product D,107.16,15.11
2026-04-25,Product D,107.31,34.22
2026-04-26,Product A,150.5,25.9
2026-04-26,Product A,193.98,33.9
2026-04-26,Product A,131.56,25.91
2026-04-26,Product A,148.47,15.07
2026-04-26,Product A,131.99,31.96
2026-04-26,Product A,151.64,28.45
2026-04-26,Product A,182.74,32.36
2026-04-26,Product A,176.52,33.06
2026-04-26,Product A,173.04,23.34
2026-04-26,Product A,151.31,24.88
2026-04-26,Product A,167.22,31.86
2026-04-26,Product A,194.24,35.77
2026-04-26,Product A,152.16,10.0
2026-04-26,Product A,153.08,15.27
2026-04-26,Product A,153.93,28.11
2026-04-26,Product B,111.26,10.0
2026-04-26,Product B,139.84,15.85
2026-04-26,Product B,139.98,28.6
2026-04-26,Product B,157.64,21.51
2026-04-26,Product B,116.31,15.17
2026-04-26,Product B,159.42,34.21
2026-04-26,Product B,152.76,35.58
2026-04-26,Product B,183.04,27.25
2026-04-26,Product B,177.7,28.12
2026-04-26,Product B,167.44,34.13
2026-04-26,Product B,101.5,10.0
2026-04-26,Product B,118.13,10.0
2026-04-26,Product B,164.34,44.49
2026-04-26,Product C,130.16,32.05
2026-04-26,Product C,118.87,13.41
2026-04-26,Product C,139.75,20.47
2026-04-26,Product C,133.63,35.44
2026-04-26,Product C,94.91,16.02
2026-04-26,Product C,166.67,36.03
2026-04-26,Product C,93.16,26.9
2026-04-26,Product D,110.56,25.79
2026-04-26,Product D,38.04,11.42
2026-04-26,Product D,88.63,30.83
2026-04-26,Product D,103.69,28.86
2026-04-26,Product D,79.37,11.14
2026-04-27,Product A,199.44,32.68
2026-04-27,Product A,143.05,17.7
2026-04-27,Product A,191.23,31.17
2026-04-27,Product A,165.14,36.56
2026-04-27,Product A,149.88,10.0
2026-04-27,Product A,151.24,27.65
2026-04-27,Product A,164.51,15.48
2026-04-27,Product A,192.35,34.01
2026-04-27,Product B,144.67,16.94
2026-04-27,Product B,173.21,38.49
2026-04-27,Product B,124.09,20.73
2026-04-27,Product B,150.47,32.79
2026-04-27,Product B,108.14,10.0
2026-04-27,Product B,145.84,10.0
2026-04-27,Product B,148.49,29.98
2026-04-27,Product B,172.19,24.29
2026-04-27,Product C,125.0,22.53
2026-04-27,Product C,99.37,23.23
2026-04-27,Product C,100.27,28.46
2026-04-27,Product C,133.03,23.15
2026-04-27,Product C,124.7,21.28
2026-04-27,Product C,84.71,13.86
2026-04-27,Product C,118.89,30.33
2026-04-27,Product C,123.29,34.39
2026-04-27,Product C,98.41,18.64
2026-04-27,Product D,71.43,14.15
2026-04-27,Product D,85.44,23.61
2026-04-28,Product A,157.06,26.7
2026-04-28,Product A,186.27,51.13
2026-04-28,Product A,185.46,23.43
2026-04-28,Product A,167.94,30.0
2026-04-28,Product A,158.57,30.72
2026-04-28,Product A,120.03,24.83
2026-04-28,Product A,159.52,26.24
2026-04-28,Product A,202.25,24.29
2026-04-28,Product A,176.0,36.27
2026-04-28,Product A,173.75,16.62
2026-04-28,Product B,156.39,39.59
2026-04-28,Product B,140.34,17.43
2026-04-28,Product B,112.67,36.7
2026-04-28,Product B,159.57,21.59
2026-04-28,Product B,182.25,41.83
2026-04-28,Product B,115.27,13.57
2026-04-28,Product B,142.09,15.59
2026-04-28,Product B,142.88,29.99
2026-04-28,Product C,120.56,35.53
2026-04-28,Product C,107.18,19.6
2026-04-28,Product C,92.68,23.89
2026-04-28,Product C,110.68,17.45
2026-04-28,Product C,103.13,26.99
2026-04-28,Product C,95.73,12.95
2026-04-28,Product C,139.72,29.41
2026-04-28,Product C,141.02,28.15
2026-04-28,Product D,98.44,32.76
2026-04-29,Product A,156.17,18.65
2026-04-29,Product A,186.74,42.76
2026-04-29,Product A,195.58,33.35
2026-04-29,Product A,186.01,37.58
2026-04-29,Product A,173.28,31.0
2026-04-29,Product A,172.16,22.96
2026-04-29,Product A,154.91,20.72
2026-04-29,Product A,134.82,24.06
2026-04-29,Product A,169.11,34.84
2026-04-29,Product B,101.07,20.11
2026-04-29,Product B,157.22,36.74
2026-04-29,Product B,176.45,37.27
2026-04-29,Product B,132.08,14.22
2026-04-29,Product B,156.75,20.31
2026-04-29,Product B,177.45,16.53
2026-04-29,Product B,157.47,29.33
2026-04-29,Product B,140.45,16.48
2026-04-29,Product C,70.77,32.33
2026-04-29,Product C,116.9,10.0
2026-04-29,Product C,104.21,15.92
2026-04-29,Product C,105.57,20.31
2026-04-29,Product C,105.42,16.66
2026-04-29,Product C,94.51,27.37
2026-04-29,Product C,146.42,30.18
2026-04-29,Product D,90.17,23.01
2026-04-29,Product D,101.79,13.96
2026-04-29,Product D,121.25,25.01
2026-04-30,Product A,188.33,32.33
2026-04-30,Product A,188.46,24.23
2026-04-30,Product A,191.99,36.65
2026-04-30,Product A,196.35,41.2
2026-04-30,Product A,168.13,27.26
2026-04-30,Product A,209.23,33.24
2026-04-30,Product A,186.47,28.65
2026-04-30,Product A,129.04,12.12
2026-04-30,Product A,178.93,36.03
2026-04-30,Product B,141.09,35.29
2026-04-30,Product B,175.38,31.32
2026-04-30,Product B,146.26,13.4
2026-04-30,Product B,182.83,39.37
2026-04-30,Product B,161.54,10.0
2026-04-30,Product B,145.9,23.79
2026-04-30,Product B,160.02,23.6
2026-04-30,Product B,139.9,28.74
2026-04-30,Product B,127.98,17.16
2026-04-30,Product B,149.25,36.08
2026-04-30,Product B,162.79,36.28
2026-04-30,Product C,118.92,30.61
2026-04-30,Product C,129.24,44.33
2026-04-30,Product C,122.21,14.98
2026-04-30,Product C,156.17,24.59
2026-04-30,Product C,107.69,25.87
2026-04-30,Product C,129.18,16.86
2026-04-30,Product C,103.58,10.94
2026-04-30,Product C,133.68,38.88
2026-04-30,Product C,93.12,28.45
2026-04-30,Product D,128.92,27.42
2026-04-30,Product D,72.85,17.21
2026-04-30,Product D,66.5,18.74
2026-04-30,Product D,73.49,10.0
2026-05-01,Product A,218.35,28.8
2026-05-01,Product A,156.87,30.79
2026-05-01,Product A,195.71,15.96
2026-05-01,Product A,171.92,25.33
2026-05-01,Product A,127.67,11.01
2026-05-01,Product A,157.51,27.25
2026-05-01,Product A,192.18,35.51
2026-05-01,Product A,190.85,32.66
2026-05-01,Product A,154.49,24.79
2026-05-01,Product A,185.3,39.76
2026-05-01,Product B,172.59,18.37
2026-05-01,Product B,190.24,27.44
2026-05-01,Product B,164.07,27.02
2026-05-01,Product B,150.97,23.56
2026-05-01,Product B,163.84,25.07
2026-05-01,Product B,132.4,37.01
2026-05-01,Product B,145.65,19.35
2026-05-01,Product B,112.21,34.0
2026-05-01,Product B,132.86,39.08
2026-05-01,Product C,114.17,23.41
2026-05-01,Product C,123.28,24.99
2026-05-01,Product C,124.14,27.12
2026-05-01,Product C,91.1,23.09
2026-05-01,Product C,135.75,25.53
2026-05-01,Product D,120.11,38.99
2026-05-01,Product D,112.78,20.25
2026-05-01,Product D,94.13,25.3
2026-05-01,Product D,113.43,24.33
2026-05-02,Product A,146.41,17.36
2026-05-02,Product A,140.8,16.39
2026-05-02,Product A,197.44,43.81
2026-05-02,Product A,168.37,32.59
2026-05-02,Product A,169.77,19.33
2026-05-02,Product A,218.8,48.19
2026-05-02,Product A,177.8,23.38
2026-05-02,Product B,161.83,35.42
2026-05-02,Product B,184.68,34.51
2026-05-02,Product B,169.18,32.71
2026-05-02,Product B,103.2,16.31
2026-05-02,Product B,125.91,23.26
2026-05-02,Product B,127.6,26.54
2026-05-02,Product B,166.58,37.95
2026-05-02,Product B,180.62,17.3
2026-05-02,Product B,118.62,43.59
2026-05-02,Product B,167.21,30.22
2026-05-02,Product B,145.7,24.31
2026-05-02,Product B,102.46,11.24
2026-05-02,Product B,142.54,18.5
2026-05-02,Product B,132.13,42.93
2026-05-02,Product C,116.21,23.82
2026-05-02,Product C,131.2,33.94
2026-05-02,Product C,131.37,31.61
2026-05-02,Product C,121.88,10.0
2026-05-02,Product C,137.11,34.07
2026-05-02,Product C,98.34,23.88
2026-05-02,Product C,134.25,38.9
2026-05-02,Product C,131.23,31.44
2026-05-02,Product D,124.49,28.11
2026-05-02,Product D,96.33,24.66
2026-05-02,Product D,71.95,20.92
2026-05-02,Product D,54.39,10.0
2026-05-02,Product D,60.62,19.96
2026-05-02,Product D,103.8,26.48
2026-05-02,Product D,127.41,25.5
2026-05-02,Product D,108.41,24.38
2026-05-02,Product D,93.1,30.94
2026-05-02,Product D,140.8,27.52
2026-05-03,Product A,177.28,32.12
2026-05-03,Product A,162.67,10.0
2026-05-03,Product A,203.77,29.08
2026-05-03,Product A,164.69,26.23
2026-05-03,Product A,152.76,27.89
2026-05-03,Product A,169.03,23.0
2026-05-03,Product A,173.28,29.19
2026-05-03,Product A,190.41,21.65
2026-05-03,Product A,152.28,31.69
2026-05-03,Product A,155.93,19.28
2026-05-03,Product A,157.01,25.88
2026-05-03,Product A,167.86,26.86
2026-05-03,Product B,98.16,23.21
2026-05-03,Product B,181.03,23.88
2026-05-03,Product B,179.75,29.13
2026-05-03,Product B,151.92,20.07
2026-05-03,Product B,167.02,35.07
2026-05-03,Product B,182.94,42.62
2026-05-03,Product C,106.51,22.35
2026-05-03,Product C,114.33,31.55
2026-05-03,Product C,100.67,24.94
2026-05-03,Product C,126.6,21.06
2026-05-03,Product C,154.94,31.72
2026-05-03,Product C,98.16,28.42
2026-05-03,Product C,121.2,29.93
2026-05-03,Product C,93.94,27.17
2026-05-03,Product C,167.79,26.81
2026-05-03,Product D,111.42,13.61
2026-05-03,Product D,65.72,14.53
2026-05-03,Product D,97.94,24.59
2026-05-03,Product D,85.33,26.13
2026-05-03,Product D,76.04,21.74
2026-05-03,Product D,99.71,26.74
2026-05-04,Product A,167.63,19.81
2026-05-04,Product A,150.84,37.83
2026-05-04,Product A,189.27,22.08
2026-05-04,Product A,160.27,30.49
2026-05-04,Product A,156.22,20.09
2026-05-04,Product A,162.56,36.36
2026-05-04,Product A,195.99,27.43
2026-05-04,Product A,180.13,30.57
2026-05-04,Product A,147.82,22.75
2026-05-04,Product A,142.19,33.48
2026-05-04,Product A,204.15,31.42
2026-05-04,Product A,155.72,34.91
2026-05-04,Product B,129.6,17.71
2026-05-04,Product B,142.77,12.36
2026-05-04,Product B,99.76,24.31
2026-05-04,Product B,128.71,38.96
2026-05-04,Product B,188.38,27.97
2026-05-04,Product C,94.84,17.45
2026-05-04,Product C,135.55,26.99
2026-05-04,Product C,112.07,12.5
2026-05-04,Product C,122.01,17.95
2026-05-04,Product C,140.21,24.97
2026-05-04,Product C,113.49,42.28
2026-05-04,Product C,113.26,21.39
2026-05-04,Product D,67.0,23.73
2026-05-04,Product D,118.16,29.1
2026-05-04,Product D,68.53,27.03
2026-05-04,Product D,89.23,34.07
2026-05-04,Product D,100.84,26.24
2026-05-04,Product D,84.87,29.93
2026-05-05,Product A,173.91,29.19
2026-05-05,Product A,183.09,42.67
2026-05-05,Product A,192.37,33.81
2026-05-05,Product A,129.14,28.44
2026-05-05,Product A,138.35,23.8
2026-05-05,Product A,167.45,17.12
2026-05-05,Product A,178.2,47.53
2026-05-05,Product A,163.12,33.86
2026-05-05,Product A,221.83,44.61
2026-05-05,Product B,134.59,17.08
2026-05-05,Product B,144.92,20.43
2026-05-05,Product B,123.07,21.25
2026-05-05,Product B,152.55,22.18
2026-05-05,Product B,175.18,30.24
2026-05-05,Product B,125.83,12.39
2026-05-05,Product B,140.31,32.76
2026-05-05,Product B,126.88,26.34
2026-05-05,Product B,147.08,40.95
2026-05-05,Product B,153.59,20.52
2026-05-05,Product C,86.64,21.1
2026-05-05,Product C,105.99,11.19
2026-05-05,Product C,112.25,34.96
2026-05-05,Product C,146.58,39.82
2026-05-05,Product C,125.92,32.47
2026-05-05,Product D,118.69,17.47
2026-05-05,Product D,96.17,17.94
2026-05-05,Product D,91.59,15.86
2026-05-05,Product D,125.93,27.55
2026-05-06,Product A,147.39,25.92
2026-05-06,Product A,193.37,44.65
2026-05-06,Product A,144.75,12.46
2026-05-06,Product A,171.37,38.01
2026-05-06,Product A,177.91,35.69
2026-05-06,Product A,140.07,19.24
2026-05-06,Product A,121.69,19.55
2026-05-06,Product A,122.39,31.47
2026-05-06,Product A,204.21,35.84
2026-05-06,Product A,136.72,26.25
2026-05-06,Product A,210.9,39.66
2026-05-06,Product A,196.07,29.45
2026-05-06,Product A,150.83,25.07
2026-05-06,Product A,127.61,39.81
2026-05-06,Product B,154.75,26.9
2026-05-06,Product B,127.74,20.52
2026-05-06,Product B,124.1,27.57
2026-05-06,Product B,157.57,26.62
2026-05-06,Product B,132.5,39.38
2026-05-06,Product B,116.35,10.0
2026-05-06,Product C,125.57,22.18
2026-05-06,Product C,124.37,10.0
2026-05-06,Product C,119.28,34.99
2026-05-06,Product C,133.25,31.7
2026-05-06,Product C,134.28,38.37
2026-05-06,Product C,151.36,36.88
2026-05-06,Product C,113.05,10.0
2026-05-06,Product D,79.86,25.29
2026-05-06,Product D,89.34,19.38
2026-05-07,Product A,154.14,20.72
2026-05-07,Product A,189.48,24.25
2026-05-07,Product A,189.44,33.02
2026-05-07,Product A,133.74,33.65
2026-05-07,Product A,176.83,33.21
2026-05-07,Product A,192.16,44.66
2026-05-07,Product A,174.42,34.59
2026-05-07,Product A,178.17,27.55
2026-05-07,Product A,135.16,24.7
2026-05-07,Product B,170.25,27.12
2026-05-07,Product B,155.11,45.76
2026-05-07,Product B,167.0,30.3
2026-05-07,Product B,208.56,36.4
2026-05-07,Product B,157.8,19.34
2026-05-07,Product B,108.16,16.08
2026-05-07,Product B,145.84,27.43
2026-05-07,Product B,113.77,24.63
2026-05-07,Product C,123.34,38.88
2026-05-07,Product C,121.83,21.84
2026-05-07,Product C,97.96,20.69
2026-05-07,Product C,136.98,41.25
2026-05-07,Product C,120.52,36.22
2026-05-07,Product C,115.29,19.11
2026-05-07,Product D,123.73,37.9
2026-05-07,Product D,95.04,17.0
2026-05-07,Product D,92.46,12.45
2026-05-07,Product D,93.55,20.55
2026-05-07,Product D,132.16,33.82
2026-05-07,Product D,146.98,15.06
2026-05-07,Product D,68.23,12.17
2026-05-07,Product D,127.83,27.25
2026-05-07,Product D,62.71,11.84
2026-05-07,Product D,68.65,10.0
2026-05-07,Product D,138.97,27.76
2026-05-07,Product D,98.81,20.99
2026-05-08,Product A,163.17,30.44
2026-05-08,Product A,201.21,41.79
2026-05-08,Product A,143.18,32.25
2026-05-08,Product A,180.46,25.68
2026-05-08,Product A,174.01,34.16
2026-05-08,Product A,171.04,32.92
2026-05-08,Product A,151.02,41.62
2026-05-08,Product A,127.56,26.31
2026-05-08,Product A,178.07,35.42
2026-05-08,Product A,154.42,35.6
2026-05-08,Product A,167.62,19.01
2026-05-08,Product A,145.91,25.8
2026-05-08,Product B,183.84,24.63
2026-05-08,Product B,140.38,19.43
2026-05-08,Product B,153.25,36.34
2026-05-08,Product B,111.14,10.0
2026-05-08,Product B,177.71,36.08
2026-05-08,Product B,139.29,37.34
2026-05-08,Product B,114.97,26.99
2026-05-08,Product B,143.5,29.25
2026-05-08,Product C,98.16,22.03
2026-05-08,Product C,134.43,22.89
2026-05-08,Product C,137.31,26.17
2026-05-08,Product C,107.22,29.24
2026-05-08,Product C,101.61,15.26
2026-05-08,Product C,142.91,32.31
2026-05-08,Product C,88.01,26.21
2026-05-08,Product D,109.07,30.44
2026-05-08,Product D,77.68,24.39
2026-05-08,Product D,140.21,41.62
2026-05-08,Product D,121.2,29.18
2026-05-08,Product D,85.24,18.31
2026-05-09,Product A,153.07,14.6
2026-05-09,Product A,175.17,30.44
2026-05-09,Product A,155.64,33.02
2026-05-09,Product A,147.02,19.47
2026-05-09,Product A,187.17,39.25
2026-05-09,Product A,152.49,27.78
2026-05-09,Product A,152.87,24.41
2026-05-09,Product A,173.16,33.92
2026-05-09,Product A,176.99,32.27
2026-05-09,Product A,146.27,27.97
2026-05-09,Product A,182.12,36.47
2026-05-09,Product A,154.17,33.53
2026-05-09,Product A,141.02,20.53
2026-05-09,Product B,149.67,26.45
2026-05-09,Product B,150.11,30.35
2026-05-09,Product B,166.52,15.8
2026-05-09,Product B,173.82,39.52
2026-05-09,Product B,143.54,23.45
2026-05-09,Product B,76.74,10.0
2026-05-09,Product B,156.41,36.19
2026-05-09,Product B,161.03,26.77
2026-05-09,Product C,110.74,18.29
2026-05-09,Product C,111.97,31.02
2026-05-09,Product C,119.25,26.17
2026-05-09,Product C,121.29,10.0
2026-05-09,Product C,86.66,15.98
2026-05-09,Product D,77.55,30.75
2026-05-09,Product D,128.71,33.08
2026-05-09,Product D,60.63,15.79
2026-05-09,Product D,103.44,22.96
2026-05-10,Product A,155.93,17.35
2026-05-10,Product A,200.05,41.07
2026-05-10,Product A,163.73,30.65
2026-05-10,Product A,178.57,49.1
2026-05-10,Product A,189.2,38.84
2026-05-10,Product A,170.84,25.57
2026-05-10,Product A,200.42,39.29
2026-05-10,Product A,151.75,29.43
2026-05-10,Product A,188.42,15.26
2026-05-10,Product B,156.83,39.32
2026-05-10,Product B,146.81,21.98
2026-05-10,Product B,116.24,16.68
2026-05-10,Product B,160.57,33.32
2026-05-10,Product B,150.82,30.02
2026-05-10,Product B,173.08,30.03
2026-05-10,Product B,175.08,23.95
2026-05-10,Product C,97.68,18.92
2026-05-10,Product C,79.09,22.15
2026-05-10,Product D,80.57,16.12
2026-05-10,Product D,96.55,18.56
2026-05-10,Product D,60.54,10.0
2026-05-10,Product D,100.06,29.26
2026-05-10,Product D,95.21,43.06
2026-05-10,Product D,74.77,20.01
2026-05-11,Product A,184.41,39.91
2026-05-11,Product A,171.22,42.41
2026-05-11,Product A,198.23,26.88
2026-05-11,Product A,177.07,17.72
2026-05-11,Product A,203.48,36.39
2026-05-11,Product A,199.67,33.07
2026-05-11,Product A,129.16,43.06
2026-05-11,Product A,172.88,21.39
2026-05-11,Product A,195.21,49.47
2026-05-11,Product A,165.55,27.35
2026-05-11,Product A,175.24,20.9
2026-05-11,Product A,154.81,40.57
2026-05-11,Product A,167.09,21.7
2026-05-11,Product A,160.06,35.79
2026-05-11,Product A,126.53,23.55
2026-05-11,Product B,147.27,25.15
2026-05-11,Product B,150.1,28.04
2026-05-11,Product B,169.61,32.65
2026-05-11,Product B,141.09,17.27
2026-05-11,Product B,134.61,24.97
2026-05-11,Product B,129.47,29.58
2026-05-11,Product B,154.46,35.41
2026-05-11,Product B,130.95,15.61
2026-05-11,Product B,169.99,29.94
2026-05-11,Product B,140.54,29.48
2026-05-11,Product C,113.58,33.82
2026-05-11,Product C,108.34,16.6
2026-05-11,Product C,137.61,28.28
2026-05-11,Product C,111.09,34.64
2026-05-11,Product C,94.32,17.07
2026-05-11,Product C,139.06,20.74
2026-05-11,Product C,159.06,33.26
2026-05-11,Product C,139.24,37.61
2026-05-11,Product C,116.65,21.83
2026-05-11,Product C,119.05,31.89
2026-05-11,Product D,126.47,27.14
2026-05-11,Product D,87.15,17.02
2026-05-11,Product D,83.92,13.1
2026-05-11,Product D,84.01,31.79
2026-05-11,Product D,110.65,21.58
2026-05-11,Product D,116.6,12.95
2026-05-12,Product A,219.2,45.36
2026-05-12,Product A,179.62,40.86
2026-05-12,Product A,156.23,23.4
2026-05-12,Product A,168.59,39.61
2026-05-12,Product A,151.17,18.0
2026-05-12,Product A,175.2,35.52
2026-05-12,Product A,154.53,31.63
2026-05-12,Product A,200.1,43.62
2026-05-12,Product A,177.77,29.5
2026-05-12,Product A,208.18,35.51
2026-05-12,Product A,190.69,48.08
2026-05-12,Product A,188.38,24.05
2026-05-12,Product B,170.97,29.02
2026-05-12,Product B,111.86,19.19
2026-05-12,Product B,123.09,17.52
2026-05-12,Product B,145.14,17.43
2026-05-12,Product B,134.27,16.87
2026-05-12,Product B,129.22,13.9
2026-05-12,Product B,134.38,15.69
2026-05-12,Product C,97.52,28.17
2026-05-12,Product C,119.31,37.84
2026-05-12,Product C,140.13,25.82
2026-05-12,Product C,147.43,11.95
2026-05-12,Product C,162.46,25.03
2026-05-12,Product C,130.89,32.22
2026-05-12,Product C,144.72,29.21
2026-05-12,Product C,72.8,13.4
2026-05-12,Product C,115.18,10.0
2026-05-12,Product D,90.31,10.0
2026-05-12,Product D,90.5,25.94
2026-05-12,Product D,108.24,21.47
2026-05-12,Product D,62.95,19.0
2026-05-12,Product D,104.23,29.68
2026-05-12,Product D,88.97,10.0
2026-05-13,Product A,200.62,34.34
2026-05-13,Product A,169.0,32.07
2026-05-13,Product A,156.87,21.51
2026-05-13,Product A,167.85,21.17
2026-05-13,Product A,164.96,43.56
2026-05-13,Product A,192.94,35.26
2026-05-13,Product A,204.14,28.1
2026-05-13,Product A,224.79,34.53
2026-05-13,Product A,214.08,52.39
2026-05-13,Product A,131.43,34.08
2026-05-13,Product B,174.38,32.74
2026-05-13,Product B,137.08,27.63
2026-05-13,Product B,114.06,12.68
2026-05-13,Product B,135.53,29.33
2026-05-13,Product B,153.93,30.45
2026-05-13,Product B,144.4,18.24
2026-05-13,Product C,98.18,28.65
2026-05-13,Product C,127.32,27.51
2026-05-13,Product C,124.07,23.21
2026-05-13,Product C,129.4,31.0
2026-05-13,Product C,178.91,47.93
2026-05-13,Product C,131.35,33.5
2026-05-13,Product C,160.47,27.54
2026-05-13,Product C,115.98,10.26
2026-05-13,Product C,132.29,35.89
2026-05-13,Product C,98.1,33.06
2026-05-13,Product C,104.18,20.18
2026-05-13,Product D,76.12,19.08
2026-05-14,Product A,182.51,35.87
2026-05-14,Product A,186.75,27.31
2026-05-14,Product A,207.13,34.32
2026-05-14,Product A,164.64,38.77
2026-05-14,Product A,156.13,29.1
2026-05-14,Product A,154.1,46.35
2026-05-14,Product A,220.79,36.65
2026-05-14,Product A,181.44,30.89
2026-05-14,Product B,175.71,33.83
2026-05-14,Product B,140.65,28.84
2026-05-14,Product B,101.43,34.07
2026-05-14,Product B,151.04,43.15
2026-05-14,Product B,125.87,12.46
2026-05-14,Product B,153.05,28.92
2026-05-14,Product B,152.44,27.4
2026-05-14,Product B,131.18,10.42
2026-05-14,Product B,151.23,15.45
2026-05-14,Product B,114.71,16.46
2026-05-14,Product C,175.13,27.95
2026-05-14,Product C,110.91,21.72
2026-05-14,Product C,139.66,22.89
2026-05-14,Product C,136.8,34.73
2026-05-14,Product C,137.89,36.7
2026-05-14,Product D,77.13,22.1
2026-05-14,Product D,106.68,32.87
2026-05-14,Product D,58.52,20.0
2026-05-14,Product D,93.72,15.82
2026-05-14,Product D,89.48,27.98
2026-05-15,Product A,144.94,16.09
2026-05-15,Product A,186.57,21.49
2026-05-15,Product A,167.4,49.91
2026-05-15,Product A,180.11,36.56
2026-05-15,Product A,146.66,15.11
2026-05-15,Product A,187.51,29.62
2026-05-15,Product A,195.82,34.43
2026-05-15,Product A,248.24,38.42
2026-05-15,Product B,151.24,34.73
2026-05-15,Product B,117.89,13.32
2026-05-15,Product B,140.08,34.25
2026-05-15,Product B,169.63,35.4
2026-05-15,Product B,144.14,34.34
2026-05-15,Product B,143.84,29.88
2026-05-15,Product B,167.26,42.81
2026-05-15,Product B,145.96,22.71
2026-05-15,Product B,175.69,41.64
2026-05-15,Product B,135.25,14.95
2026-05-15,Product B,174.02,17.25
2026-05-15,Product C,164.74,39.68
2026-05-15,Product C,144.83,20.21
2026-05-15,Product C,87.77,22.99
2026-05-15,Product C,160.81,27.3
2026-05-15,Product C,123.15,17.21
2026-05-15,Product C,104.19,24.47
2026-05-15,Product D,108.04,16.5
2026-05-15,Product D,117.13,31.42
2026-05-15,Product D,95.16,19.68
2026-05-15,Product D,80.72,19.3
2026-05-15,Product D,130.58,37.83
2026-05-16,Product A,145.77,30.62
2026-05-16,Product A,151.72,31.31
2026-05-16,Product A,235.32,35.44
2026-05-16,Product A,234.3,43.76
2026-05-16,Product A,153.51,19.73
2026-05-16,Product A,222.03,41.69
2026-05-16,Product A,157.54,25.15
2026-05-16,Product B,159.18,26.48
2026-05-16,Product B,134.02,31.36
2026-05-16,Product B,112.85,10.0
2026-05-16,Product B,149.94,24.38
2026-05-16,Product C,147.49,19.4
2026-05-16,Product C,135.48,37.72
2026-05-16,Product C,140.6,27.68
2026-05-16,Product C,131.41,22.7
2026-05-16,Product C,113.56,16.64
2026-05-16,Product C,103.31,20.8
2026-05-16,Product C,109.2,17.95
2026-05-16,Product C,91.41,35.8
2026-05-16,Product C,108.99,26.62
2026-05-16,Product C,81.3,28.75
2026-05-16,Product C,123.68,23.66
2026-05-16,Product D,30.03,10.0
2026-05-17,Product A,225.12,35.57
2026-05-17,Product A,191.78,47.1
2026-05-17,Product A,184.75,26.02
2026-05-17,Product A,141.74,30.06
2026-05-17,Product A,206.19,39.42
2026-05-17,Product A,197.14,54.25
2026-05-17,Product A,188.42,23.23
2026-05-17,Product A,171.12,40.05
2026-05-17,Product A,164.53,40.02
2026-05-17,Product A,168.53,31.32
2026-05-17,Product A,162.28,28.86
2026-05-17,Product A,174.67,16.83
2026-05-17,Product B,115.36,18.43
2026-05-17,Product B,159.24,35.01
2026-05-17,Product B,155.4,36.49
2026-05-17,Product B,150.71,23.75
2026-05-17,Product B,164.22,35.17
2026-05-17,Product B,133.47,25.72
2026-05-17,Product B,138.53,10.0
2026-05-17,Product B,154.68,15.94
2026-05-17,Product B,152.22,13.59
2026-05-17,Product B,129.17,18.49
2026-05-17,Product C,124.11,14.02
2026-05-17,Product C,101.23,25.95
2026-05-17,Product C,112.74,29.72
2026-05-17,Product C,129.35,17.91
2026-05-17,Product C,142.34,21.37
2026-05-17,Product C,103.17,24.53
2026-05-17,Product C,154.47,25.95
2026-05-17,Product C,123.25,28.36
2026-05-17,Product C,134.46,39.05
2026-05-17,Product D,84.56,10.0
2026-05-17,Product D,88.89,20.45
2026-05-17,Product D,92.59,25.15
2026-05-17,Product D,63.01,12.41
2026-05-17,Product D,138.88,38.52
2026-05-18,Product A,161.96,13.5
2026-05-18,Product A,180.06,11.02
2026-05-18,Product A,162.84,27.65
2026-05-18,Product A,160.16,44.6
2026-05-18,Product A,210.14,43.99
2026-05-18,Product A,149.64,40.81
2026-05-18,Product A,183.62,23.68
2026-05-18,Product A,170.72,36.69
2026-05-18,Product A,156.82,27.78
2026-05-18,Product B,128.49,26.12
2026-05-18,Product B,139.11,23.0
2026-05-18,Product B,128.61,35.66
2026-05-18,Product B,116.76,16.65
2026-05-18,Product B,147.37,23.04
2026-05-18,Product B,128.19,10.0
2026-05-18,Product B,129.79,14.39
2026-05-18,Product B,181.94,49.05
2026-05-18,Product B,143.88,13.22
2026-05-18,Product B,161.24,19.56
2026-05-18,Product B,132.92,17.57
2026-05-18,Product B,133.99,19.94
2026-05-18,Product B,116.1,14.12
2026-05-18,Product B,167.44,28.2
2026-05-18,Product C,160.01,36.99
2026-05-18,Product C,149.75,29.12
2026-05-18,Product C,136.23,24.93
2026-05-18,Product C,108.92,24.74
2026-05-18,Product C,92.12,22.9
2026-05-18,Product C,113.14,10.0
2026-05-18,Product C,109.93,21.42
2026-05-18,Product C,138.76,32.81
2026-05-18,Product C,151.84,37.57
2026-05-18,Product C,107.81,23.25
2026-05-18,Product D,72.86,18.57
2026-05-18,Product D,60.27,22.1
2026-05-18,Product D,106.6,36.49
2026-05-18,Product D,70.43,24.56
2026-05-18,Product D,115.59,23.97
2026-05-19,Product A,142.37,36.97
2026-05-19,Product A,136.95,24.47
2026-05-19,Product A,179.59,33.39
2026-05-19,Product A,179.8,38.14
2026-05-19,Product A,160.19,27.93
2026-05-19,Product A,163.54,38.22
2026-05-19,Product A,216.2,27.2
2026-05-19,Product A,125.32,25.86
2026-05-19,Product A,193.55,48.56
2026-05-19,Product B,142.8,23.97
2026-05-19,Product B,179.48,24.46
2026-05-19,Product B,162.58,30.17
2026-05-19,Product B,126.13,12.83
2026-05-19,Product B,107.57,22.17
2026-05-19,Product B,143.61,17.81
2026-05-19,Product B,103.73,21.1
2026-05-19,Product C,93.85,20.18
2026-05-19,Product C,143.0,31.78
2026-05-19,Product C,121.51,24.13
2026-05-19,Product C,100.43,14.71
2026-05-19,Product C,83.44,27.81
2026-05-19,Product D,125.05,37.43
2026-05-19,Product D,64.63,12.44
2026-05-19,Product D,94.64,25.71
2026-05-19,Product D,90.07,19.03
2026-05-19,Product D,84.85,27.06
2026-05-19,Product D,63.25,10.5
2026-05-19,Product D,54.44,10.0
2026-05-19,Product D,101.98,25.12
2026-05-19,Product D,88.11,28.38
2026-05-20,Product A,175.51,26.22
2026-05-20,Product A,183.79,21.69
2026-05-20,Product A,209.51,44.74
2026-05-20,Product A,143.62,18.1
2026-05-20,Product A,179.27,27.77
2026-05-20,Product A,181.98,28.06
2026-05-20,Product A,203.55,34.67
2026-05-20,Product A,223.25,42.77
2026-05-20,Product A,140.31,40.54
2026-05-20,Product B,143.24,22.64
2026-05-20,Product B,148.09,10.0
2026-05-20,Product B,151.17,31.46
2026-05-20,Product B,148.18,27.95
2026-05-20,Product B,144.04,10.0
2026-05-20,Product B,181.58,27.93
2026-05-20,Product B,131.41,33.2
2026-05-20,Product B,166.53,30.49
2026-05-20,Product B,161.93,18.29
2026-05-20,Product B,143.22,34.71
2026-05-20,Product B,130.1,14.13
2026-05-20,Product B,146.73,25.76
2026-05-20,Product C,127.71,30.58
2026-05-20,Product C,126.68,11.39
2026-05-20,Product C,98.33,18.02
2026-05-20,Product C,103.53,20.6
2026-05-20,Product C,125.42,35.64
2026-05-20,Product C,87.44,19.17
2026-05-20,Product C,135.65,22.45
2026-05-20,Product C,115.76,29.2
2026-05-20,Product D,73.16,20.75
2026-05-20,Product D,122.89,21.76
2026-05-20,Product D,78.99,11.26
2026-05-20,Product D,58.07,28.81
2026-05-20,Product D,85.12,11.86
2026-05-20,Product D,70.21,12.34
2026-05-21,Product A,142.53,11.92
2026-05-21,Product A,182.14,30.11
2026-05-21,Product A,165.1,32.54
2026-05-21,Product A,173.01,29.04
2026-05-21,Product A,139.08,10.3
2026-05-21,Product A,154.59,17.61
2026-05-21,Product A,175.92,15.52
2026-05-21,Product A,160.16,25.84
2026-05-21,Product A,169.13,31.94
2026-05-21,Product A,162.82,22.34
2026-05-21,Product B,149.79,31.63
2026-05-21,Product B,133.58,17.13
2026-05-21,Product B,175.66,35.35
2026-05-21,Product B,168.28,25.08
2026-05-21,Product B,133.56,30.3
2026-05-21,Product B,139.22,18.78
2026-05-21,Product B,124.91,17.14
2026-05-21,Product B,164.25,15.85
2026-05-21,Product B,158.84,21.34
2026-05-21,Product B,140.37,22.69
2026-05-21,Product B,140.14,21.53
2026-05-21,Product B,135.22,18.42
2026-05-21,Product B,174.04,29.79
2026-05-21,Product B,142.23,19.02
2026-05-21,Product C,140.05,10.0
2026-05-21,Product C,154.68,42.47
2026-05-21,Product C,106.18,19.75
2026-05-21,Product C,131.1,33.09
2026-05-21,Product C,106.05,10.4
2026-05-21,Product C,166.5,44.28
2026-05-21,Product C,123.45,28.57
2026-05-21,Product D,111.96,10.31
2026-05-21,Product D,65.32,10.0
2026-05-21,Product D,98.4,28.31
2026-05-21,Product D,130.89,26.5
2026-05-21,Product D,113.27,30.6
2026-05-22,Product A,145.1,27.44
2026-05-22,Product A,168.8,25.37
2026-05-22,Product A,184.63,29.78
2026-05-22,Product A,149.91,23.35
2026-05-22,Product A,188.05,23.78
2026-05-22,Product A,174.6,29.24
2026-05-22,Product A,153.26,23.71
2026-05-22,Product A,135.42,23.9
2026-05-22,Product A,139.98,32.38
2026-05-22,Product A,167.98,23.98
2026-05-22,Product A,195.53,24.99
2026-05-22,Product B,142.41,27.47
2026-05-22,Product B,123.86,22.6
2026-05-22,Product B,120.45,17.18
2026-05-22,Product B,106.79,14.92
2026-05-22,Product B,132.4,30.06
2026-05-22,Product B,143.7,25.41
2026-05-22,Product B,144.51,10.0
2026-05-22,Product B,101.07,14.63
2026-05-22,Product C,118.9,28.37
2026-05-22,Product C,129.34,41.68
2026-05-22,Product C,119.38,35.61
2026-05-22,Product C,94.48,15.68
2026-05-22,Product C,73.01,17.27
2026-05-22,Product C,134.25,10.0
2026-05-22,Product C,124.14,32.14
2026-05-22,Product D,95.2,25.67
2026-05-22,Product D,92.23,23.34
2026-05-23,Product A,176.25,39.96
2026-05-23,Product A,167.07,19.4
2026-05-23,Product A,184.87,42.91
2026-05-23,Product A,198.35,39.44
2026-05-23,Product A,118.43,15.05
2026-05-23,Product A,157.14,27.07
2026-05-23,Product A,207.14,26.57
2026-05-23,Product A,219.33,34.23
2026-05-23,Product A,153.13,32.79
2026-05-23,Product A,190.33,37.56
2026-05-23,Product A,153.07,30.04
2026-05-23,Product B,135.19,23.22
2026-05-23,Product B,134.58,27.24
2026-05-23,Product B,140.72,20.58
2026-05-23,Product B,146.02,12.17
2026-05-23,Product B,143.33,29.56
2026-05-23,Product B,148.04,32.78
2026-05-23,Product B,136.7,19.56
2026-05-23,Product B,120.42,17.23
2026-05-23,Product B,188.25,34.21
2026-05-23,Product B,132.12,14.41
2026-05-23,Product B,109.83,12.03
2026-05-23,Product C,81.45,16.71
2026-05-23,Product C,105.81,27.63
2026-05-23,Product C,143.32,34.14
2026-05-23,Product C,100.81,16.89
2026-05-23,Product C,133.65,35.16
2026-05-23,Product C,123.1,28.12
2026-05-23,Product C,121.1,28.79
2026-05-23,Product C,135.75,34.91
2026-05-23,Product C,120.52,26.12
2026-05-23,Product C,118.08,19.73
2026-05-23,Product D,104.0,28.78
2026-05-23,Product D,60.87,27.0
2026-05-23,Product D,144.85,39.45
2026-05-23,Product D,112.73,29.51
2026-05-23,Product D,87.88,18.45
2026-05-23,Product D,116.22,17.78
2026-05-23,Product D,71.66,12.59
2026-05-23,Product D,109.44,17.15
2026-05-24,Product A,147.74,10.0
2026-05-24,Product A,147.42,27.15
2026-05-24,Product A,180.7,34.67
2026-05-24,Product A,183.41,26.17
2026-05-24,Product A,151.51,28.76
2026-05-24,Product A,165.34,35.36
2026-05-24,Product A,178.39,40.6
2026-05-24,Product A,159.76,35.7
2026-05-24,Product A,214.76,36.94
2026-05-24,Product A,180.98,23.32
2026-05-24,Product A,189.67,41.28
2026-05-24,Product A,159.12,31.74
2026-05-24,Product B,132.81,22.56
2026-05-24,Product B,106.09,22.7
2026-05-24,Product B,171.91,27.17
2026-05-24,Product B,147.94,23.39
2026-05-24,Product B,136.55,25.07
2026-05-24,Product B,127.75,19.84
2026-05-24,Product C,155.73,25.28
2026-05-24,Product C,106.73,11.51
2026-05-24,Product C,143.35,19.47
2026-05-24,Product C,80.84,10.0
2026-05-24,Product C,81.76,20.16
2026-05-24,Product C,96.14,10.0
2026-05-24,Product C,119.08,26.33
2026-05-24,Product C,78.86,11.64
2026-05-24,Product C,118.36,23.18
2026-05-24,Product C,112.75,34.24
2026-05-24,Product C,167.22,34.28
2026-05-24,Product C,90.92,18.13
2026-05-24,Product C,124.27,26.91
2026-05-24,Product C,133.44,47.05
2026-05-24,Product C,82.31,14.05
2026-05-24,Product D,102.33,10.0
2026-05-24,Product D,79.59,35.0
2026-05-24,Product D,63.89,18.03
2026-05-24,Product D,39.68,10.0
2026-05-24,Product D,114.51,25.48
2026-05-25,Product A,163.77,15.67
2026-05-25,Product A,170.66,33.66
2026-05-25,Product A,165.59,29.08
2026-05-25,Product A,170.84,23.39
2026-05-25,Product A,171.19,34.98
2026-05-25,Product A,192.76,39.1
2026-05-25,Product A,155.15,31.47
2026-05-25,Product A,180.24,24.96
2026-05-25,Product B,112.55,10.0
2026-05-25,Product B,196.31,33.88
2026-05-25,Product B,149.48,25.17
2026-05-25,Product B,126.79,19.1
2026-05-25,Product B,147.01,23.42
2026-05-25,Product B,128.45,25.67
2026-05-25,Product B,149.14,28.5
2026-05-25,Product B,160.51,25.92
2026-05-25,Product B,141.28,35.88
2026-05-25,Product B,124.23,10.0
2026-05-25,Product C,138.02,30.23
2026-05-25,Product C,149.71,29.5
2026-05-25,Product C,84.7,20.53
2026-05-25,Product C,114.44,10.62
2026-05-25,Product C,96.78,15.39
2026-05-25,Product C,154.22,39.59
2026-05-25,Product C,112.35,28.48
2026-05-25,Product C,75.13,12.01
2026-05-25,Product C,128.82,29.66
2026-05-25,Product C,108.13,23.48
2026-05-25,Product C,127.44,27.96
2026-05-25,Product D,133.3,23.95
2026-05-25,Product D,59.97,12.07
2026-05-25,Product D,90.04,31.48
2026-05-25,Product D,70.14,14.8
2026-05-25,Product D,103.91,23.66
2026-05-26,Product A,193.74,45.22
2026-05-26,Product A,170.72,22.5
2026-05-26,Product A,203.76,26.02
2026-05-26,Product A,209.39,46.35
2026-05-26,Product A,202.77,39.95
2026-05-26,Product A,123.53,12.69
2026-05-26,Product A,176.75,24.64
2026-05-26,Product A,163.06,32.62
2026-05-26,Product A,166.26,18.51
2026-05-26,Product A,189.48,36.33
2026-05-26,Product A,164.52,33.66
2026-05-26,Product A,172.09,39.91
2026-05-26,Product A,173.33,40.06
2026-05-26,Product A,128.78,25.57
2026-05-26,Product B,110.01,16.0
2026-05-26,Product B,141.1,30.36
2026-05-26,Product B,150.93,17.18
2026-05-26,Product B,150.26,23.51
2026-05-26,Product B,124.43,10.0
2026-05-26,Product B,158.75,30.56
2026-05-26,Product B,157.25,20.91
2026-05-26,Product B,148.76,14.29
2026-05-26,Product C,141.09,24.53
2026-05-26,Product C,123.09,29.04
2026-05-26,Product C,114.51,27.34
2026-05-26,Product C,90.41,14.64
2026-05-26,Product C,151.56,45.38
2026-05-26,Product D,88.11,25.34
2026-05-26,Product D,103.32,25.58
2026-05-26,Product D,94.48,11.19
2026-05-26,Product D,35.57,18.08
2026-05-26,Product D,81.44,10.0
2026-05-27,Product A,186.89,40.7
2026-05-27,Product A,149.78,18.46
2026-05-27,Product A,162.99,34.28
2026-05-27,Product A,123.74,22.06
2026-05-27,Product A,190.51,39.51
2026-05-27,Product A,185.59,40.05
2026-05-27,Product A,109.56,31.53
2026-05-27,Product B,160.55,33.07
2026-05-27,Product B,105.07,29.21
2026-05-27,Product B,90.28,23.62
2026-05-27,Product B,131.05,27.92
2026-05-27,Product B,156.22,26.26
2026-05-27,Product B,154.92,25.64
2026-05-27,Product B,160.71,44.8
2026-05-27,Product B,115.49,10.0
2026-05-27,Product B,135.86,19.22
2026-05-27,Product B,136.69,15.83
2026-05-27,Product B,164.19,16.86
2026-05-27,Product C,115.96,16.99
2026-05-27,Product C,132.34,34.93
2026-05-27,Product C,113.96,19.24
2026-05-27,Product C,133.13,28.22
2026-05-27,Product C,151.38,47.49
2026-05-27,Product C,142.02,33.11
2026-05-27,Product C,160.16,37.16
2026-05-27,Product C,109.46,18.68
2026-05-27,Product C,104.52,22.94
2026-05-27,Product C,130.19,17.32
2026-05-27,Product D,100.09,15.23
2026-05-27,Product D,89.8,31.85
2026-05-27,Product D,106.97,22.23
2026-05-27,Product D,72.43,10.23
2026-05-27,Product D,95.14,23.14
2026-05-27,Product D,107.44,26.74
2026-05-27,Product D,86.85,15.02
2026-05-27,Product D,140.03,26.35
2026-05-28,Product A,157.33,38.57
2026-05-28,Product A,169.84,37.75
2026-05-28,Product A,153.33,20.13
2026-05-28,Product A,172.0,33.1
2026-05-28,Product A,166.06,30.57
2026-05-28,Product A,182.95,19.74
2026-05-28,Product A,162.5,23.48
2026-05-28,Product A,159.66,30.4
2026-05-28,Product A,158.89,10.97
2026-05-28,Product A,164.8,19.5
2026-05-28,Product B,94.17,22.52
2026-05-28,Product B,189.06,46.51
2026-05-28,Product B,140.71,15.18
2026-05-28,Product B,163.43,26.77
2026-05-28,Product B,155.52,28.86
2026-05-28,Product B,147.05,33.23
2026-05-28,Product B,168.44,24.45
2026-05-28,Product B,124.69,10.0
2026-05-28,Product B,137.38,14.61
2026-05-28,Product C,117.43,39.33
2026-05-28,Product C,136.24,26.65
2026-05-28,Product C,111.83,30.91
2026-05-28,Product C,124.46,18.41
2026-05-28,Product D,95.96,10.0
2026-05-28,Product D,88.69,24.67
2026-05-28,Product D,72.43,17.26
2026-05-28,Product D,104.5,31.93
2026-05-28,Product D,132.68,26.17
2026-05-28,Product D,99.04,23.51
2026-05-28,Product D,109.29,28.34
2026-05-28,Product D,126.35,10.0
2026-05-28,Product D,104.2,26.82
2026-05-28,Product D,89.82,10.0
2026-05-28,Product D,93.66,14.92
2026-05-29,Product A,152.5,10.0
2026-05-29,Product A,182.99,36.68
2026-05-29,Product A,165.25,32.92
2026-05-29,Product A,162.34,36.14
2026-05-29,Product A,191.84,19.5
2026-05-29,Product A,139.31,39.93
2026-05-29,Product A,190.51,22.29
2026-05-29,Product A,135.45,24.69
2026-05-29,Product A,144.87,22.09
2026-05-29,Product A,168.96,28.0
2026-05-29,Product A,194.78,47.79
2026-05-29,Product B,145.24,23.76
2026-05-29,Product B,158.38,41.15
2026-05-29,Product B,136.44,10.0
2026-05-29,Product B,140.55,26.29
2026-05-29,Product B,149.44,24.15
2026-05-29,Product B,177.73,31.3
2026-05-29,Product B,142.69,18.04
2026-05-29,Product B,106.57,20.75
2026-05-29,Product C,107.0,16.65
2026-05-29,Product C,117.14,33.17
2026-05-29,Product C,124.55,25.5
2026-05-29,Product C,126.79,38.81
2026-05-29,Product C,130.79,30.86
2026-05-29,Product C,134.05,28.23
2026-05-29,Product C,124.05,23.38
2026-05-29,Product D,61.1,16.15
2026-05-29,Product D,78.45,25.14
2026-05-29,Product D,116.2,18.16
2026-05-29,Product D,77.22,21.26
2026-05-29,Product D,116.56,10.0
2026-05-29,Product D,101.2,10.0
2026-05-29,Product D,82.93,26.99
2026-05-30,Product A,142.56,20.13
2026-05-30,Product A,171.45,23.78
2026-05-30,Product A,149.65,22.03
2026-05-30,Product A,178.7,29.02
2026-05-30,Product A,150.6,20.24
2026-05-30,Product A,160.9,19.36
2026-05-30,Product A,154.44,31.4
2026-05-30,Product A,164.93,14.01
2026-05-30,Product B,143.4,22.86
2026-05-30,Product B,112.44,30.36
2026-05-30,Product B,159.57,21.15
2026-05-30,Product B,149.22,33.16
2026-05-30,Product B,146.23,37.31
2026-05-30,Product B,209.19,34.55
2026-05-30,Product C,139.26,39.25
2026-05-30,Product C,96.22,13.72
2026-05-30,Product C,158.38,34.28
2026-05-30,Product C,105.47,14.84
2026-05-30,Product D,125.71,30.33
2026-05-30,Product D,156.07,32.36
2026-05-30,Product D,119.16,23.07
2026-05-30,Product D,114.86,23.28
2026-05-31,Product A,190.94,36.27
2026-05-31,Product A,152.96,27.51
2026-05-31,Product A,147.82,32.23
2026-05-31,Product A,188.96,30.69
2026-05-31,Product A,206.6,47.31
2026-05-31,Product A,173.29,33.98
2026-05-31,Product A,157.05,24.52
2026-05-31,Product B,167.49,28.41
2026-05-31,Product B,85.66,12.54
2026-05-31,Product B,114.35,14.56
2026-05-31,Product B,176.94,10.6
2026-05-31,Product C,161.92,22.15
2026-05-31,Product C,119.22,25.88
2026-05-31,Product C,110.56,32.17
2026-05-31,Product C,125.65,43.05
2026-05-31,Product C,144.21,42.64
2026-05-31,Product C,93.62,14.15
2026-05-31,Product C,104.08,33.48
2026-05-31,Product C,98.72,14.21
2026-05-31,Product C,95.33,43.0
2026-05-31,Product D,73.46,10.31
2026-05-31,Product D,99.82,15.62
2026-05-31,Product D,128.53,32.3
2026-05-31,Product D,79.83,25.54
2026-05-31,Product D,86.35,14.27
2026-06-01,Product A,186.17,25.94
2026-06-01,Product A,154.28,41.89
2026-06-01,Product A,158.31,34.56
2026-06-01,Product A,176.14,33.01
2026-06-01,Product A,164.49,25.54
2026-06-01,Product A,203.62,42.06
2026-06-01,Product A,159.01,18.66
2026-06-01,Product A,157.14,34.57
2026-06-01,Product A,195.93,37.75
2026-06-01,Product A,134.43,28.88
2026-06-01,Product A,198.68,35.16
2026-06-01,Product A,213.56,25.74
2026-06-01,Product A,185.07,23.3
2026-06-01,Product A,193.29,37.76
2026-06-01,Product A,209.63,39.63
2026-06-01,Product A,161.11,23.46
2026-06-01,Product B,146.37,18.63
2026-06-01,Product B,154.64,37.98
2026-06-01,Product B,164.62,38.76
2026-06-01,Product B,129.19,22.25
2026-06-01,Product B,128.16,23.7
2026-06-01,Product C,86.4,35.69
2026-06-01,Product C,130.77,30.14
2026-06-01,Product C,94.3,20.88
2026-06-01,Product C,135.11,33.75
2026-06-01,Product C,105.04,22.65
2026-06-01,Product C,106.45,36.73
2026-06-01,Product C,139.69,26.54
2026-06-01,Product C,94.29,22.97
2026-06-01,Product D,70.03,10.0
2026-06-02,Product A,224.92,42.99
2026-06-02,Product A,144.66,12.31
2026-06-02,Product A,178.76,27.21
2026-06-02,Product A,199.29,36.13
2026-06-02,Product A,126.38,13.33
2026-06-02,Product A,155.14,29.91
2026-06-02,Product B,145.14,27.63
2026-06-02,Product B,177.15,32.08
2026-06-02,Product C,127.09,34.39
2026-06-02,Product C,109.11,19.6
2026-06-02,Product C,127.85,21.53
2026-06-02,Product C,86.61,21.88
2026-06-02,Product C,117.63,24.85
2026-06-02,Product C,131.46,34.21
2026-06-02,Product D,98.0,17.16
2026-06-02,Product D,77.74,22.05
2026-06-02,Product D,90.12,25.85
2026-06-03,Product A,190.89,33.56
2026-06-03,Product A,175.89,12.39
2026-06-03,Product A,148.64,17.94
2026-06-03,Product A,162.99,28.62
2026-06-03,Product A,173.42,31.77
2026-06-03,Product A,154.93,31.87
2026-06-03,Product A,209.8,32.84
2026-06-03,Product A,155.4,20.94
2026-06-03,Product A,171.88,25.01
2026-06-03,Product A,131.93,10.77
2026-06-03,Product A,192.44,42.97
2026-06-03,Product A,205.2,36.69
2026-06-03,Product B,143.17,13.48
2026-06-03,Product B,142.32,21.93
2026-06-03,Product B,134.19,25.56
2026-06-03,Product B,118.28,21.15
2026-06-03,Product B,159.33,38.44
2026-06-03,Product B,151.83,34.16
2026-06-03,Product C,143.89,39.05
2026-06-03,Product C,120.25,35.19
2026-06-03,Product C,127.52,34.93
2026-06-03,Product C,97.38,35.33
2026-06-03,Product C,124.84,10.0
2026-06-03,Product C,156.51,34.47
2026-06-03,Product C,111.3,19.64
2026-06-03,Product C,129.67,21.42
2026-06-03,Product C,107.31,19.19
2026-06-03,Product D,103.65,27.69
2026-06-03,Product D,92.95,12.29
2026-06-03,Product D,134.71,37.06
2026-06-03,Product D,130.48,36.98
2026-06-03,Product D,84.87,10.0
2026-06-04,Product A,167.76,25.16
2026-06-04,Product A,115.1,19.46
2026-06-04,Product A,146.2,19.06
2026-06-04,Product A,188.7,23.85
2026-06-04,Product A,149.46,26.89
2026-06-04,Product A,189.19,28.94
2026-06-04,Product A,202.28,24.16
2026-06-04,Product A,138.01,11.15
2026-06-04,Product A,133.65,25.41
2026-06-04,Product A,148.49,13.96
2026-06-04,Product A,178.36,36.91
2026-06-04,Product A,193.12,39.83
2026-06-04,Product A,149.8,27.67
2026-06-04,Product B,127.34,26.25
2026-06-04,Product B,165.79,34.08
2026-06-04,Product B,171.02,29.65
2026-06-04,Product B,123.38,20.58
2026-06-04,Product B,129.05,27.2
2026-06-04,Product B,137.1,22.52
2026-06-04,Product B,160.26,21.32
2026-06-04,Product B,166.21,17.47
2026-06-04,Product B,151.74,25.07
2026-06-04,Product B,163.2,16.75
2026-06-04,Product B,111.32,24.92
2026-06-04,Product B,136.4,22.46
2026-06-04,Product C,131.03,20.89
2026-06-04,Product C,105.51,12.29
2026-06-04,Product C,116.56,34.16
2026-06-04,Product C,124.99,23.96
2026-06-04,Product C,122.4,27.76
2026-06-04,Product C,121.45,28.14
2026-06-04,Product D,58.94,10.0
2026-06-04,Product D,101.58,27.3
2026-06-04,Product D,88.77,26.67
2026-06-04,Product D,77.48,13.85
2026-06-04,Product D,88.35,15.13
2026-06-04,Product D,52.45,11.34
2026-06-04,Product D,92.47,28.97
2026-06-05,Product A,196.48,35.75
2026-06-05,Product A,182.09,34.58
2026-06-05,Product A,180.07,45.18
2026-06-05,Product A,172.01,21.15
2026-06-05,Product A,184.05,26.76
2026-06-05,Product A,167.58,31.45
2026-06-05,Product A,151.93,21.75
2026-06-05,Product A,180.47,26.29
2026-06-05,Product A,191.41,24.65
2026-06-05,Product A,148.23,40.45
2026-06-05,Product A,136.34,22.96
2026-06-05,Product A,210.73,35.6
2026-06-05,Product A,199.63,39.16
2026-06-05,Product A,169.84,27.83
2026-06-05,Product B,143.21,21.54
2026-06-05,Product B,154.77,24.95
2026-06-05,Product B,158.75,18.91
2026-06-05,Product B,148.23,37.62
2026-06-05,Product B,140.06,38.55
2026-06-05,Product B,148.6,24.81
2026-06-05,Product B,147.57,22.6
2026-06-05,Product B,101.43,24.28
2026-06-05,Product B,193.24,36.69
2026-06-05,Product C,85.57,14.59
2026-06-05,Product C,128.08,35.44
2026-06-05,Product C,140.57,18.29
2026-06-05,Product C,87.49,23.92
2026-06-05,Product D,94.25,24.58
2026-06-05,Product D,72.31,10.0
2026-06-05,Product D,98.77,25.94
2026-06-06,Product A,187.06,35.69
2026-06-06,Product A,199.09,33.4
2026-06-06,Product A,131.94,21.89
2026-06-06,Product A,171.95,33.38
2026-06-06,Product A,136.28,20.67
2026-06-06,Product A,189.1,31.31
2026-06-06,Product A,163.27,43.01
2026-06-06,Product A,146.46,34.76
2026-06-06,Product A,192.47,30.92
2026-06-06,Product A,169.28,28.49
2026-06-06,Product A,174.0,24.82
2026-06-06,Product A,160.58,24.46
2026-06-06,Product A,162.89,25.21
2026-06-06,Product A,120.7,21.3
2026-06-06,Product A,158.4,11.99
2026-06-06,Product A,162.3,24.54
2026-06-06,Product A,198.06,29.36
2026-06-06,Product A,184.69,42.46
2026-06-06,Product B,118.97,21.12
2026-06-06,Product B,124.83,25.05
2026-06-06,Product B,145.98,14.83
2026-06-06,Product B,134.16,27.77
2026-06-06,Product B,170.26,21.72
2026-06-06,Product B,120.86,36.15
2026-06-06,Product B,144.79,25.35
2026-06-06,Product B,128.73,23.61
2026-06-06,Product B,182.73,33.1
2026-06-06,Product C,95.41,22.73
2026-06-06,Product C,146.93,33.61
2026-06-06,Product C,113.23,18.59
2026-06-06,Product D,88.89,17.18
2026-06-06,Product D,91.28,25.89
2026-06-06,Product D,98.64,15.76
2026-06-07,Product A,176.65,29.75
2026-06-07,Product A,167.26,28.8
2026-06-07,Product A,169.2,22.52
2026-06-07,Product A,194.36,29.18
2026-06-07,Product A,172.84,12.9
2026-06-07,Product A,165.27,19.3
2026-06-07,Product A,148.46,44.62
2026-06-07,Product A,175.49,39.64
2026-06-07,Product A,188.82,39.97
2026-06-07,Product A,165.62,41.01
2026-06-07,Product A,188.63,32.4
2026-06-07,Product B,153.39,40.0
2026-06-07,Product B,118.49,29.28
2026-06-07,Product B,136.9,33.43
2026-06-07,Product C,96.85,10.61
2026-06-07,Product C,115.49,20.66
2026-06-07,Product C,94.29,20.46
2026-06-07,Product C,87.4,20.23
2026-06-07,Product C,117.2,10.0
2026-06-07,Product C,108.49,27.62
2026-06-07,Product D,75.72,15.01
2026-06-07,Product D,120.31,19.61
2026-06-07,Product D,105.1,14.49
2026-06-07,Product D,91.46,23.7
2026-06-07,Product D,42.1,10.0
2026-06-08,Product A,158.51,18.11
2026-06-08,Product A,183.83,28.67
2026-06-08,Product A,182.0,33.98
2026-06-08,Product A,160.16,35.81
2026-06-08,Product A,156.93,36.2
2026-06-08,Product A,199.07,42.24
2026-06-08,Product A,166.03,48.6
2026-06-08,Product A,173.34,31.4
2026-06-08,Product A,169.51,19.78
2026-06-08,Product A,198.49,29.16
2026-06-08,Product A,190.23,41.62
2026-06-08,Product A,183.27,25.62
2026-06-08,Product A,162.5,10.0
2026-06-08,Product B,171.74,28.76
2026-06-08,Product B,185.87,27.03
2026-06-08,Product B,149.78,22.0
2026-06-08,Product B,190.64,33.85
2026-06-08,Product B,191.82,29.25
2026-06-08,Product B,178.61,31.31
2026-06-08,Product C,92.85,10.0
2026-06-08,Product C,130.93,41.45
2026-06-08,Product C,98.79,38.51
2026-06-08,Product C,119.86,10.7
2026-06-08,Product C,85.66,25.0
2026-06-08,Product C,122.85,38.88
2026-06-08,Product C,93.64,21.55
2026-06-08,Product C,120.15,25.29
2026-06-08,Product D,68.57,10.0
2026-06-08,Product D,117.37,18.27
2026-06-08,Product D,86.65,14.17
2026-06-08,Product D,81.06,10.0
2026-06-08,Product D,82.47,23.34
2026-06-08,Product D,94.91,24.92
2026-06-08,Product D,84.09,25.72
2026-06-09,Product A,176.97,36.22
2026-06-09,Product A,157.7,36.4
2026-06-09,Product A,151.28,31.08
2026-06-09,Product A,208.39,35.72
2026-06-09,Product A,165.02,27.21
2026-06-09,Product A,205.82,38.21
2026-06-09,Product A,217.17,39.15
2026-06-09,Product A,155.62,21.79
2026-06-09,Product A,171.36,12.8
2026-06-09,Product A,159.55,23.5
2026-06-09,Product B,140.22,32.63
2026-06-09,Product B,125.29,29.05
2026-06-09,Product B,138.79,12.01
2026-06-09,Product B,158.05,38.05
2026-06-09,Product B,136.05,35.63
2026-06-09,Product B,108.57,10.0
2026-06-09,Product B,141.77,21.13
2026-06-09,Product B,130.32,23.22
2026-06-09,Product B,133.37,19.8
2026-06-09,Product C,113.69,33.47
2026-06-09,Product C,69.81,12.45
2026-06-09,Product C,136.15,20.85
2026-06-09,Product C,129.31,31.46
2026-06-09,Product C,88.0,20.06
2026-06-09,Product C,106.42,26.74
2026-06-09,Product C,134.74,32.83
2026-06-09,Product C,121.6,29.06
2026-06-09,Product C,94.13,20.46
2026-06-09,Product D,108.66,12.74
2026-06-09,Product D,71.35,14.88
2026-06-09,Product D,85.93,25.99
2026-06-09,Product D,96.33,14.8
2026-06-09,Product D,116.38,31.43
2026-06-09,Product D,63.96,16.09
2026-06-09,Product D,79.27,11.51
2026-06-09,Product D,136.13,30.94
2026-06-09,Product D,90.21,20.53
2026-06-10,Product A,158.32,32.17
2026-06-10,Product A,136.64,31.15
2026-06-10,Product A,134.69,20.93
2026-06-10,Product A,134.83,14.47
2026-06-10,Product A,198.55,42.11
2026-06-10,Product A,195.33,21.61
2026-06-10,Product A,146.88,27.69
2026-06-10,Product A,185.74,25.18
2026-06-10,Product A,157.26,17.68
2026-06-10,Product A,206.48,31.3
2026-06-10,Product A,170.69,29.69
2026-06-10,Product A,194.32,25.41
2026-06-10,Product A,195.7,23.04
2026-06-10,Product A,195.65,19.54
2026-06-10,Product A,167.7,41.51
2026-06-10,Product A,185.34,34.88
2026-06-10,Product A,146.93,19.1
2026-06-10,Product B,154.68,21.45
2026-06-10,Product B,170.94,31.01
2026-06-10,Product B,150.79,32.71
2026-06-10,Product B,159.71,29.5
2026-06-10,Product B,140.85,39.81
2026-06-10,Product B,128.86,27.87
2026-06-10,Product B,143.16,27.97
2026-06-10,Product B,172.14,26.77
2026-06-10,Product B,158.24,29.03
2026-06-10,Product C,119.36,22.83
2026-06-10,Product C,136.53,26.2
2026-06-10,Product C,136.69,34.83
2026-06-10,Product C,111.74,39.22
2026-06-10,Product C,103.6,11.52
2026-06-10,Product D,106.05,20.89
2026-06-10,Product D,84.54,22.67
2026-06-10,Product D,108.72,33.08
2026-06-10,Product D,81.06,17.59
2026-06-10,Product D,81.02,19.13
2026-06-10,Product D,77.88,13.74
2026-06-10,Product D,85.78,21.22
2026-06-10,Product D,95.07,24.97
2026-06-11,Product A,174.21,22.28
2026-06-11,Product A,182.52,28.74
2026-06-11,Product A,174.5,31.43
2026-06-11,Product A,205.23,37.94
2026-06-11,Product A,171.61,23.63
2026-06-11,Product A,187.65,29.74
2026-06-11,Product A,136.44,21.63
2026-06-11,Product A,174.21,23.07
2026-06-11,Product A,167.4,27.89
2026-06-11,Product A,168.77,38.57
2026-06-11,Product A,141.15,40.27
2026-06-11,Product B,133.47,30.64
2026-06-11,Product B,114.54,12.63
2026-06-11,Product B,148.63,29.05
2026-06-11,Product B,154.74,18.43
2026-06-11,Product C,114.87,36.53
2026-06-11,Product C,140.35,32.35
2026-06-11,Product C,77.0,11.4
2026-06-11,Product C,107.94,17.77
2026-06-11,Product C,124.2,29.02
2026-06-11,Product C,83.17,24.73
2026-06-11,Product D,122.7,25.86
2026-06-11,Product D,128.28,21.07
2026-06-11,Product D,126.64,20.63
2026-06-12,Product A,145.99,10.0
2026-06-12,Product A,225.17,38.86
2026-06-12,Product A,105.24,20.31
2026-06-12,Product A,185.17,25.76
2026-06-12,Product A,154.42,26.09
2026-06-12,Product A,196.46,34.2
2026-06-12,Product A,202.19,43.42
2026-06-12,Product B,158.96,33.93
2026-06-12,Product B,156.68,24.43
2026-06-12,Product B,156.44,44.48
2026-06-12,Product B,112.22,22.98
2026-06-12,Product B,185.3,22.1
2026-06-12,Product B,167.02,37.47
2026-06-12,Product C,112.85,35.33
2026-06-12,Product C,117.53,22.15
2026-06-12,Product C,110.18,21.51
2026-06-12,Product D,103.9,32.49
2026-06-12,Product D,100.3,18.27
2026-06-13,Product A,167.42,27.79
2026-06-13,Product A,175.78,34.04
2026-06-13,Product A,175.93,28.54
2026-06-13,Product A,152.37,21.0
2026-06-13,Product A,188.66,28.68
2026-06-13,Product A,140.39,33.14
2026-06-13,Product A,149.27,25.66
2026-06-13,Product A,180.81,30.76
2026-06-13,Product A,115.48,22.76
2026-06-13,Product B,132.47,33.17
2026-06-13,Product B,144.13,11.98
2026-06-13,Product B,172.11,31.01
2026-06-13,Product B,169.53,33.4
2026-06-13,Product B,197.62,31.12
2026-06-13,Product B,145.35,30.47
2026-06-13,Product B,138.32,29.94
2026-06-13,Product B,80.16,13.04
2026-06-13,Product C,138.51,31.63
2026-06-13,Product C,108.87,22.82
2026-06-13,Product C,113.76,29.57
2026-06-13,Product C,122.35,20.56
2026-06-13,Product C,115.12,13.12
2026-06-13,Product C,115.94,25.52
2026-06-13,Product C,159.79,45.94
2026-06-13,Product C,97.25,23.01
2026-06-13,Product C,124.82,25.62
2026-06-13,Product D,85.84,21.61
2026-06-13,Product D,39.36,15.25
2026-06-14,Product A,158.74,30.6
2026-06-14,Product A,170.43,32.7
2026-06-14,Product A,163.68,42.73
2026-06-14,Product A,155.27,47.93
2026-06-14,Product A,197.32,40.2
2026-06-14,Product A,147.11,32.29
2026-06-14,Product A,183.29,14.2
2026-06-14,Product A,139.1,26.51
2026-06-14,Product B,128.99,26.19
2026-06-14,Product B,140.93,34.85
2026-06-14,Product B,142.14,10.0
2026-06-14,Product B,164.68,24.32
2026-06-14,Product B,138.97,26.31
2026-06-14,Product B,113.66,19.92
2026-06-14,Product B,156.76,29.56
2026-06-14,Product B,131.82,30.34
2026-06-14,Product B,123.06,15.92
2026-06-14,Product B,142.01,26.51
2026-06-14,Product B,137.86,33.26
2026-06-14,Product B,151.5,26.36
2026-06-14,Product C,96.85,15.03
2026-06-14,Product C,149.94,22.5
2026-06-14,Product C,166.24,51.58
2026-06-14,Product C,166.96,39.78
2026-06-14,Product C,112.49,27.6
2026-06-14,Product C,139.99,25.59
2026-06-14,Product C,95.77,18.8
2026-06-14,Product C,103.01,32.59
2026-06-14,Product C,106.44,24.18
2026-06-14,Product C,141.63,41.4
2026-06-14,Product C,124.59,30.48
2026-06-14,Product C,97.63,29.66
2026-06-14,Product C,147.8,17.55
2026-06-14,Product D,73.16,20.29
2026-06-14,Product D,88.71,10.0
2026-06-14,Product D,72.23,10.0
2026-06-14,Product D,83.46,22.24
2026-06-14,Product D,79.36,25.26
2026-06-15,Product A,170.37,40.12
2026-06-15,Product A,139.83,37.02
2026-06-15,Product A,191.12,32.32
2026-06-15,Product A,196.03,30.75
2026-06-15,Product A,176.28,25.64
2026-06-15,Product A,191.26,26.86
2026-06-15,Product A,168.87,34.14
2026-06-15,Product A,193.06,26.25
2026-06-15,Product A,186.57,23.86
2026-06-15,Product A,122.69,14.87
2026-06-15,Product A,188.36,31.92
2026-06-15,Product A,158.23,27.34
2026-06-15,Product A,170.49,33.96
2026-06-15,Product B,132.76,17.79
2026-06-15,Product B,136.31,25.56
2026-06-15,Product B,172.38,11.54
2026-06-15,Product B,158.71,26.09
2026-06-15,Product B,156.57,36.1
2026-06-15,Product B,128.39,29.38
2026-06-15,Product B,117.41,20.98
2026-06-15,Product C,138.83,28.17
2026-06-15,Product C,149.93,29.55
2026-06-15,Product C,117.44,17.89
2026-06-15,Product C,122.78,27.04
2026-06-15,Product C,133.99,24.39
2026-06-15,Product C,105.0,26.8
2026-06-15,Product D,127.74,38.0
2026-06-15,Product D,71.13,22.05
2026-06-15,Product D,100.84,20.63
2026-06-15,Product D,56.0,10.0
2026-06-15,Product D,86.98,10.0
2026-06-16,Product A,146.46,27.29
2026-06-16,Product A,181.18,19.42
2026-06-16,Product A,153.46,15.95
2026-06-16,Product A,181.2,32.12
2026-06-16,Product A,168.91,27.69
2026-06-16,Product A,177.1,32.85
2026-06-16,Product A,159.1,21.96
2026-06-16,Product A,168.7,27.16
2026-06-16,Product B,200.03,36.91
2026-06-16,Product B,117.96,18.48
2026-06-16,Product B,174.4,30.3
2026-06-16,Product B,143.69,30.18
2026-06-16,Product B,137.41,21.67
2026-06-16,Product B,124.22,34.95
2026-06-16,Product B,118.1,21.43
2026-06-16,Product C,102.84,10.0
2026-06-16,Product C,128.51,21.29
2026-06-16,Product C,133.89,27.84
2026-06-16,Product C,114.5,25.61
2026-06-16,Product C,94.95,14.29
2026-06-16,Product D,97.23,17.82
2026-06-16,Product D,103.8,27.43
2026-06-16,Product D,147.84,41.73
2026-06-16,Product D,59.0,10.1
2026-06-16,Product D,89.13,24.21
2026-06-17,Product A,142.62,19.43
2026-06-17,Product A,157.57,24.28
2026-06-17,Product A,143.9,32.32
2026-06-17,Product A,180.39,19.08
2026-06-17,Product A,170.57,16.47
2026-06-17,Product A,199.53,46.83
2026-06-17,Product A,168.77,21.87
2026-06-17,Product B,166.36,29.65
2026-06-17,Product B,119.62,14.17
2026-06-17,Product B,146.34,15.27
2026-06-17,Product B,151.69,32.23
2026-06-17,Product B,157.0,30.73
2026-06-17,Product B,103.94,28.34
2026-06-17,Product C,126.32,31.88
2026-06-17,Product C,95.64,24.18
2026-06-17,Product C,86.66,24.06
2026-06-17,Product C,100.56,22.77
2026-06-17,Product C,118.08,35.26
2026-06-17,Product D,75.51,16.63
2026-06-17,Product D,126.63,29.06
2026-06-17,Product D,71.26,33.1
2026-06-17,Product D,133.77,33.44
2026-06-17,Product D,123.07,24.94
2026-06-17,Product D,110.94,21.02
2026-06-17,Product D,65.18,35.07
2026-06-17,Product D,64.06,16.47
2026-06-18,Product A,168.03,27.93
2026-06-18,Product A,173.05,33.26
2026-06-18,Product A,169.96,28.35
2026-06-18,Product A,140.94,40.07
2026-06-18,Product A,181.79,32.58
2026-06-18,Product A,156.26,18.54
2026-06-18,Product A,188.92,30.84
2026-06-18,Product A,183.66,20.4
2026-06-18,Product A,204.03,41.9
2026-06-18,Product A,168.22,32.34
2026-06-18,Product A,186.3,20.98
2026-06-18,Product A,206.91,39.04
2026-06-18,Product A,154.51,17.49
2026-06-18,Product A,191.72,34.28
2026-06-18,Product A,180.62,30.92
2026-06-18,Product B,197.29,40.49
2026-06-18,Product B,165.39,49.88
2026-06-18,Product B,153.46,27.05
2026-06-18,Product C,119.05,27.22
2026-06-18,Product C,119.07,37.28
2026-06-18,Product C,146.61,32.02
2026-06-18,Product C,100.22,29.44
2026-06-18,Product C,98.56,10.0
2026-06-18,Product D,85.86,24.67
2026-06-18,Product D,119.09,24.1
2026-06-18,Product D,72.39,10.0
2026-06-19,Product A,158.97,25.7
2026-06-19,Product A,191.98,26.17
2026-06-19,Product A,149.99,23.62
2026-06-19,Product A,198.11,46.56
2026-06-19,Product A,167.83,22.83
2026-06-19,Product A,193.41,19.53
2026-06-19,Product A,175.45,29.48
2026-06-19,Product A,198.46,44.9
2026-06-19,Product A,149.26,26.72
2026-06-19,Product A,157.45,24.42
2026-06-19,Product A,183.58,28.53
2026-06-19,Product A,174.27,37.28
2026-06-19,Product B,161.98,34.7
2026-06-19,Product B,180.44,32.62
2026-06-19,Product B,183.59,39.67
2026-06-19,Product B,143.68,11.09
2026-06-19,Product B,146.88,37.44
2026-06-19,Product B,127.94,22.41
2026-06-19,Product B,148.63,32.8
2026-06-19,Product B,136.47,16.24
2026-06-19,Product C,115.91,29.6
2026-06-19,Product C,107.83,15.17
2026-06-19,Product C,112.69,35.12
2026-06-19,Product C,92.89,10.7
2026-06-19,Product C,133.01,25.94
2026-06-19,Product C,130.68,36.67
2026-06-19,Product C,130.15,23.58
2026-06-19,Product C,148.22,38.55
2026-06-19,Product D,94.53,23.79
2026-06-20,Product A,208.64,26.45
2026-06-20,Product A,168.39,27.17
2026-06-20,Product A,206.53,44.08
2026-06-20,Product A,150.67,28.35
2026-06-20,Product A,220.66,32.51
2026-06-20,Product A,169.75,32.97
2026-06-20,Product A,156.58,40.72
2026-06-20,Product A,159.6,16.02
2026-06-20,Product A,158.45,32.16
2026-06-20,Product A,152.44,28.33
2026-06-20,Product A,182.38,21.33
2026-06-20,Product B,136.78,27.08
2026-06-20,Product B,135.92,26.77
2026-06-20,Product B,155.37,45.38
2026-06-20,Product B,137.6,22.26
2026-06-20,Product B,130.76,13.97
2026-06-20,Product B,134.96,28.26
2026-06-20,Product B,161.22,29.77
2026-06-20,Product C,77.41,19.34
2026-06-20,Product C,126.0,29.39
2026-06-20,Product C,106.96,31.71
2026-06-20,Product C,129.03,36.66
2026-06-20,Product C,103.77,11.76
2026-06-20,Product C,129.57,20.8
2026-06-20,Product D,100.74,25.33
2026-06-20,Product D,109.07,30.04
2026-06-20,Product D,91.23,36.94
2026-06-20,Product D,125.52,25.12
2026-06-21,Product A,177.99,22.48
2026-06-21,Product A,152.63,10.0
2026-06-21,Product A,161.23,35.93
2026-06-21,Product A,166.65,27.56
2026-06-21,Product A,176.12,21.92
2026-06-21,Product A,170.56,36.12
2026-06-21,Product A,176.74,37.87
2026-06-21,Product A,197.81,38.93
2026-06-21,Product B,160.76,27.45
2026-06-21,Product B,133.57,20.41
2026-06-21,Product B,171.22,34.45
2026-06-21,Product B,156.75,30.17
2026-06-21,Product B,118.97,22.4
2026-06-21,Product B,168.5,26.56
2026-06-21,Product C,135.69,32.22
2026-06-21,Product C,144.1,30.45
2026-06-21,Product C,107.96,10.64
2026-06-21,Product C,113.99,29.21
2026-06-21,Product C,136.74,18.89
2026-06-21,Product C,145.86,24.29
2026-06-21,Product D,135.56,33.01
2026-06-21,Product D,82.31,21.8
2026-06-21,Product D,137.79,35.56
2026-06-21,Product D,115.81,12.73
2026-06-22,Product A,155.04,26.18
2026-06-22,Product A,172.39,24.31
2026-06-22,Product A,174.15,28.22
2026-06-22,Product A,185.45,33.35
2026-06-22,Product A,178.27,38.14
2026-06-22,Product A,182.21,30.93
2026-06-22,Product A,124.09,25.21
2026-06-22,Product A,149.94,24.8
2026-06-22,Product A,178.16,40.95
2026-06-22,Product B,140.33,29.41
2026-06-22,Product B,137.82,23.87
2026-06-22,Product B,194.42,25.4
2026-06-22,Product B,130.63,27.63
2026-06-22,Product B,166.74,31.66
2026-06-22,Product B,184.8,33.96
2026-06-22,Product B,101.53,18.04
2026-06-22,Product B,132.44,33.59
2026-06-22,Product B,166.22,15.54
2026-06-22,Product B,174.71,37.22
2026-06-22,Product C,134.25,30.36
2026-06-22,Product C,102.75,16.13
2026-06-22,Product C,135.66,24.76
2026-06-22,Product C,86.46,20.0
2026-06-22,Product C,108.71,14.32
2026-06-22,Product C,121.58,32.89
2026-06-22,Product D,69.65,17.59
2026-06-22,Product D,137.21,39.75
2026-06-22,Product D,72.7,16.1
2026-06-22,Product D,105.82,10.0
2026-06-22,Product D,57.7,13.93
2026-06-22,Product D,98.69,10.0
2026-06-22,Product D,103.54,31.47
2026-06-22,Product D,90.2,20.32
2026-06-23,Product A,133.29,15.42
2026-06-23,Product A,161.29,20.53
2026-06-23,Product A,202.27,39.46
2026-06-23,Product A,145.59,23.04
2026-06-23,Product A,194.87,27.96
2026-06-23,Product A,188.73,43.15
2026-06-23,Product A,196.76,34.89
2026-06-23,Product A,197.52,29.4
2026-06-23,Product A,224.69,40.12
2026-06-23,Product A,195.23,30.29
2026-06-23,Product A,180.99,35.12
2026-06-23,Product A,149.57,17.76
2026-06-23,Product B,130.92,10.0
2026-06-23,Product B,114.16,26.86
2026-06-23,Product B,115.2,29.09
2026-06-23,Product B,146.54,24.65
2026-06-23,Product B,151.54,19.35
2026-06-23,Product B,148.03,15.62
2026-06-23,Product B,174.68,21.48
2026-06-23,Product B,154.66,18.01
2026-06-23,Product B,133.27,19.67
2026-06-23,Product B,210.59,35.68
2026-06-23,Product C,115.53,27.05
2026-06-23,Product C,104.04,26.09
2026-06-23,Product C,133.54,33.72
2026-06-23,Product C,116.68,34.4
2026-06-23,Product C,114.33,22.36
2026-06-23,Product C,151.71,24.52
2026-06-23,Product C,82.53,11.21
2026-06-23,Product C,128.52,38.54
2026-06-23,Product C,105.47,37.72
2026-06-23,Product D,65.7,34.12
2026-06-23,Product D,103.66,29.2
2026-06-23,Product D,131.99,33.95
2026-06-23,Product D,116.45,26.05
2026-06-24,Product A,169.56,29.78
2026-06-24,Product A,161.27,31.45
2026-06-24,Product A,181.04,37.33
2026-06-24,Product A,184.07,47.29
2026-06-24,Product A,193.16,31.18
2026-06-24,Product A,179.97,41.9
2026-06-24,Product A,149.1,41.46
2026-06-24,Product A,152.96,33.21
2026-06-24,Product A,170.15,28.52
2026-06-24,Product B,167.07,34.77
2026-06-24,Product B,142.99,34.99
2026-06-24,Product B,141.4,28.18
2026-06-24,Product B,117.42,10.27
2026-06-24,Product B,170.72,33.43
2026-06-24,Product B,141.87,39.38
2026-06-24,Product C,70.22,16.79
2026-06-24,Product C,69.43,12.71
2026-06-24,Product C,135.28,23.98
2026-06-24,Product C,96.13,20.61
2026-06-24,Product C,101.77,23.87
2026-06-24,Product C,97.28,20.57
2026-06-24,Product C,112.38,24.63
2026-06-24,Product D,86.24,15.08
2026-06-24,Product D,83.87,19.84
2026-06-24,Product D,86.99,31.12
2026-06-24,Product D,153.94,29.32
2026-06-24,Product D,101.47,30.63
2026-06-24,Product D,89.15,11.66
2026-06-24,Product D,133.24,34.8
2026-06-24,Product D,102.01,34.05
2026-06-25,Product A,148.51,21.3
2026-06-25,Product A,196.51,38.86
2026-06-25,Product A,165.89,42.33
2026-06-25,Product A,166.54,36.21
2026-06-25,Product A,174.84,45.19
2026-06-25,Product A,186.57,32.09
2026-06-25,Product A,166.07,28.11
2026-06-25,Product A,154.04,15.25
2026-06-25,Product A,176.79,25.79
2026-06-25,Product A,158.2,26.18
2026-06-25,Product A,171.15,29.15
2026-06-25,Product A,208.24,40.7
2026-06-25,Product B,100.82,10.0
2026-06-25,Product B,126.11,21.72
2026-06-25,Product B,99.91,26.55
2026-06-25,Product B,103.73,16.61
2026-06-25,Product B,137.87,30.04
2026-06-25,Product B,152.73,35.46
2026-06-25,Product B,137.05,19.58
2026-06-25,Product B,154.08,34.43
2026-06-25,Product C,114.66,22.31
2026-06-25,Product C,110.3,27.38
2026-06-25,Product C,73.32,15.05
2026-06-25,Product C,139.37,26.45
2026-06-25,Product C,124.11,44.18
2026-06-25,Product D,63.98,12.07
2026-06-26,Product A,163.52,37.13
2026-06-26,Product A,145.99,23.16
2026-06-26,Product A,174.78,32.44
2026-06-26,Product A,173.23,10.16
2026-06-26,Product A,171.83,28.01
2026-06-26,Product A,189.01,37.92
2026-06-26,Product A,175.3,32.31
2026-06-26,Product A,199.75,43.16
2026-06-26,Product A,176.06,47.09
2026-06-26,Product A,156.18,17.07
2026-06-26,Product A,169.76,25.87
2026-06-26,Product A,115.76,14.46
2026-06-26,Product A,177.56,29.72
2026-06-26,Product A,152.92,26.34
2026-06-26,Product A,172.71,35.08
2026-06-26,Product A,155.89,33.49
2026-06-26,Product B,160.54,27.14
2026-06-26,Product B,137.86,13.49
2026-06-26,Product B,129.0,10.0
2026-06-26,Product B,161.2,33.85
2026-06-26,Product B,144.11,28.03
2026-06-26,Product B,164.28,28.74
2026-06-26,Product B,175.66,21.67
2026-06-26,Product C,104.28,10.0
2026-06-26,Product C,79.82,19.65
2026-06-26,Product C,153.88,23.45
2026-06-26,Product C,114.01,22.29
2026-06-26,Product C,162.25,53.76
2026-06-26,Product C,129.34,35.64
2026-06-26,Product C,139.14,20.37
2026-06-26,Product C,135.37,21.62
2026-06-26,Product C,116.23,34.69
2026-06-26,Product C,121.78,35.61
2026-06-26,Product D,103.63,29.94
2026-06-26,Product D,114.24,22.7
2026-06-26,Product D,116.03,22.75
2026-06-26,Product D,100.36,23.68
2026-06-26,Product D,76.09,10.8
2026-06-27,Product A,178.14,34.92
2026-06-27,Product A,168.81,34.07
2026-06-27,Product A,177.24,23.17
2026-06-27,Product A,181.81,26.55
2026-06-27,Product A,208.29,38.84
2026-06-27,Product A,154.6,29.02
2026-06-27,Product A,149.65,27.5
2026-06-27,Product B,135.83,15.96
2026-06-27,Product B,136.4,19.43
2026-06-27,Product B,131.62,24.59
2026-06-27,Product B,193.98,43.63
2026-06-27,Product B,187.72,27.37
2026-06-27,Product B,181.84,32.73
2026-06-27,Product B,166.7,32.0
2026-06-27,Product B,137.45,29.12
2026-06-27,Product B,155.67,12.32
2026-06-27,Product B,142.27,31.17
2026-06-27,Product B,151.1,29.44
2026-06-27,Product B,128.47,23.89
2026-06-27,Product C,112.23,16.22
2026-06-27,Product C,125.31,10.0
2026-06-27,Product C,125.99,30.24
2026-06-27,Product C,115.21,24.61
2026-06-27,Product C,92.47,31.43
2026-06-27,Product C,112.58,16.99
2026-06-27,Product C,131.98,29.92
2026-06-27,Product C,112.12,20.95
2026-06-27,Product C,119.88,37.14
2026-06-27,Product C,130.33,28.4
2026-06-27,Product D,85.23,10.0
2026-06-27,Product D,114.95,37.33
2026-06-27,Product D,70.98,17.05
2026-06-27,Product D,85.12,25.79
2026-06-28,Product A,163.37,40.07
2026-06-28,Product A,205.96,39.28
2026-06-28,Product A,170.82,29.8
2026-06-28,Product A,170.22,38.0
2026-06-28,Product A,150.8,24.35
2026-06-28,Product A,163.79,14.03
2026-06-28,Product A,188.9,40.62
2026-06-28,Product A,156.05,34.77
2026-06-28,Product B,140.49,34.85
2026-06-28,Product B,122.66,16.33
2026-06-28,Product B,157.38,33.17
2026-06-28,Product B,152.1,24.84
2026-06-28,Product B,139.47,32.76
2026-06-28,Product B,150.29,18.57
2026-06-28,Product B,124.54,33.28
2026-06-28,Product B,129.19,24.14
2026-06-28,Product B,174.72,34.04
2026-06-28,Product B,128.33,13.69
2026-06-28,Product B,186.14,23.31
2026-06-28,Product B,132.83,25.56
2026-06-28,Product B,140.18,28.42
2026-06-28,Product B,112.71,17.48
2026-06-28,Product B,159.91,32.63
2026-06-28,Product B,132.41,14.34
2026-06-28,Product C,85.64,22.8
2026-06-28,Product C,102.34,25.71
2026-06-28,Product C,131.83,36.73
2026-06-28,Product C,125.54,36.62
2026-06-28,Product C,150.49,35.17
2026-06-28,Product C,127.01,23.48
2026-06-28,Product D,77.36,12.43
2026-06-28,Product D,129.57,19.62
2026-06-28,Product D,78.48,40.45
2026-06-28,Product D,115.7,19.59
2026-06-28,Product D,71.21,10.0
2026-06-28,Product D,97.14,27.19
2026-06-29,Product A,140.84,22.99
2026-06-29,Product A,231.33,46.41
2026-06-29,Product A,178.2,20.49
2026-06-29,Product A,123.36,21.28
2026-06-29,Product A,167.81,26.39
2026-06-29,Product A,161.63,21.49
2026-06-29,Product A,148.49,36.36
2026-06-29,Product A,150.5,23.38
2026-06-29,Product A,169.14,34.4
2026-06-29,Product A,151.26,33.54
2026-06-29,Product A,157.25,25.44
2026-06-29,Product A,206.15,27.29
2026-06-29,Product A,185.86,39.63
2026-06-29,Product B,144.97,32.19
2026-06-29,Product B,124.14,16.82
2026-06-29,Product B,137.52,11.52
2026-06-29,Product B,169.45,15.8
2026-06-29,Product B,169.14,32.15
2026-06-29,Product B,140.62,26.67
2026-06-29,Product B,151.99,22.63
2026-06-29,Product B,151.56,31.61
2026-06-29,Product B,124.22,23.89
2026-06-29,Product B,87.22,10.0
2026-06-29,Product B,157.42,23.42
2026-06-29,Product B,126.22,21.03
2026-06-29,Product C,110.48,27.15
2026-06-29,Product C,117.24,26.15
2026-06-29,Product C,122.05,23.29
2026-06-29,Product C,92.95,26.58
2026-06-29,Product C,155.06,47.39
2026-06-29,Product C,107.83,17.86
2026-06-29,Product D,92.79,12.86
2026-06-29,Product D,112.16,33.06
2026-06-29,Product D,118.57,23.31
2026-06-29,Product D,70.03,10.0
2026-06-29,Product D,101.33,10.0
2026-06-29,Product D,125.66,25.0
2026-06-29,Product D,106.0,10.0
2026-06-30,Product A,192.47,31.44
2026-06-30,Product A,182.57,31.54
2026-06-30,Product A,180.31,27.95
2026-06-30,Product A,165.52,27.4
2026-06-30,Product A,178.92,33.87
2026-06-30,Product A,231.85,52.87
2026-06-30,Product A,130.87,21.1
2026-06-30,Product A,161.07,37.62
2026-06-30,Product A,163.05,31.43
2026-06-30,Product A,118.58,10.0
2026-06-30,Product A,216.03,37.13
2026-06-30,Product B,144.43,31.14
2026-06-30,Product B,125.78,15.52
2026-06-30,Product B,153.97,23.94
2026-06-30,Product B,144.7,23.29
2026-06-30,Product B,172.58,39.78
2026-06-30,Product B,131.22,10.0
2026-06-30,Product B,129.35,14.81
2026-06-30,Product B,163.3,35.12
2026-06-30,Product B,122.32,14.76
2026-06-30,Product C,84.19,24.99
2026-06-30,Product C,107.3,32.11
2026-06-30,Product C,119.59,24.09
2026-06-30,Product C,149.99,22.58
2026-06-30,Product C,151.55,28.23
2026-06-30,Product C,123.57,28.56
2026-06-30,Product C,110.6,18.24
2026-06-30,Product C,111.86,16.49
2026-06-30,Product C,163.16,32.05
2026-06-30,Product D,55.0,24.17
2026-06-30,Product D,37.04,10.0
2026-06-30,Product D,89.83,21.05
2026-06-30,Product D,69.92,18.19
2026-06-30,Product D,99.53,43.98
2026-06-30,Product D,97.86,32.32
2026-06-30,Product D,62.03,21.81
2026-07-01,Product A,136.33,27.29
2026-07-01,Product A,146.19,28.36
2026-07-01,Product A,152.28,23.64
2026-07-01,Product A,158.01,39.01
2026-07-01,Product A,178.84,40.49
2026-07-01,Product A,233.69,40.1
2026-07-01,Product A,203.04,28.92
2026-07-01,Product A,197.61,27.13
2026-07-01,Product B,142.38,25.62
2026-07-01,Product B,156.64,30.35
2026-07-01,Product B,128.1,18.49
2026-07-01,Product B,165.41,23.77
2026-07-01,Product B,136.31,11.14
2026-07-01,Product B,144.37,27.31
2026-07-01,Product B,101.54,10.0
2026-07-01,Product B,113.72,25.64
2026-07-01,Product C,142.81,30.56
2026-07-01,Product C,70.74,24.74
2026-07-01,Product C,128.81,28.07
2026-07-01,Product C,76.43,14.43
2026-07-01,Product C,100.74,12.43
2026-07-01,Product D,84.66,24.54
2026-07-02,Product A,109.77,19.34
2026-07-02,Product A,192.9,35.9
2026-07-02,Product A,160.93,26.87
2026-07-02,Product A,173.92,35.72
2026-07-02,Product A,138.87,18.77
2026-07-02,Product A,206.05,35.29
2026-07-02,Product A,203.61,58.5
2026-07-02,Product A,159.18,17.48
2026-07-02,Product B,155.74,20.78
2026-07-02,Product B,89.85,14.96
2026-07-02,Product B,119.62,25.48
2026-07-02,Product B,103.61,11.7
2026-07-02,Product C,161.08,47.99
2026-07-02,Product C,104.94,35.96
2026-07-02,Product D,80.81,13.41
2026-07-02,Product D,124.03,30.79
2026-07-02,Product D,82.81,10.81
2026-07-03,Product A,192.57,39.48
2026-07-03,Product A,139.1,14.97
2026-07-03,Product A,164.95,30.89
2026-07-03,Product A,200.02,34.52
2026-07-03,Product A,207.48,29.62
2026-07-03,Product A,158.17,24.44
2026-07-03,Product B,170.72,48.38
2026-07-03,Product B,153.85,25.77
2026-07-03,Product B,164.85,37.5
2026-07-03,Product B,144.15,20.63
2026-07-03,Product B,182.78,28.91
2026-07-03,Product B,171.26,31.22
2026-07-03,Product B,185.19,24.69
2026-07-03,Product B,126.28,28.3
2026-07-03,Product C,101.55,22.89
2026-07-03,Product C,113.91,20.95
2026-07-03,Product C,130.26,41.29
2026-07-03,Product C,127.21,38.74
2026-07-03,Product C,154.73,29.35
2026-07-03,Product C,126.05,24.33
2026-07-03,Product C,87.39,22.07
2026-07-03,Product C,96.85,25.18
2026-07-03,Product D,109.83,21.02
2026-07-03,Product D,84.22,27.54
2026-07-04,Product A,149.84,19.53
2026-07-04,Product A,167.19,36.8
2026-07-04,Product A,144.26,31.66
2026-07-04,Product A,168.8,25.23
2026-07-04,Product A,194.15,26.58
2026-07-04,Product A,220.28,36.03
2026-07-04,Product A,173.3,41.8
2026-07-04,Product B,153.73,34.79
2026-07-04,Product B,161.93,32.94
2026-07-04,Product B,168.34,32.42
2026-07-04,Product C,95.67,10.0
2026-07-04,Product C,97.95,28.16
2026-07-04,Product C,88.17,12.36
2026-07-04,Product C,129.2,20.2
2026-07-04,Product C,108.05,24.43
2026-07-04,Product D,99.73,16.21
2026-07-04,Product D,97.73,27.29
2026-07-04,Product D,91.12,27.35
2026-07-04,Product D,112.4,31.99
2026-07-05,Product A,167.22,28.65
2026-07-05,Product A,168.09,41.82
2026-07-05,Product A,167.22,27.74
2026-07-05,Product A,187.94,30.58
2026-07-05,Product A,181.87,20.69
2026-07-05,Product A,142.03,25.12
2026-07-05,Product A,164.9,21.56
2026-07-05,Product A,172.68,31.03
2026-07-05,Product A,154.38,22.09
2026-07-05,Product A,174.77,21.54
2026-07-05,Product A,156.71,30.91
2026-07-05,Product A,169.48,24.99
2026-07-05,Product A,150.13,17.42
2026-07-05,Product B,144.89,19.92
2026-07-05,Product B,189.5,23.14
2026-07-05,Product B,151.9,20.34
2026-07-05,Product B,161.25,29.76
2026-07-05,Product B,172.6,35.09
2026-07-05,Product C,130.91,36.53
2026-07-05,Product C,139.1,23.82
2026-07-05,Product C,166.38,52.35
2026-07-05,Product C,137.62,30.59
2026-07-05,Product C,121.23,24.08
2026-07-05,Product C,115.72,10.0
2026-07-05,Product D,114.58,25.15
2026-07-05,Product D,90.62,23.88
2026-07-06,Product A,139.92,27.36
2026-07-06,Product A,193.32,36.12
2026-07-06,Product A,164.96,49.56
2026-07-06,Product B,121.72,13.74
2026-07-06,Product B,138.94,31.28
2026-07-06,Product B,150.13,23.87
2026-07-06,Product B,175.19,13.92
2026-07-06,Product B,116.49,10.0
2026-07-06,Product B,171.58,28.39
2026-07-06,Product C,129.02,30.49
2026-07-06,Product C,127.43,41.51
2026-07-06,Product C,84.26,17.99
2026-07-06,Product D,86.25,14.7
2026-07-07,Product A,188.39,34.31
2026-07-07,Product A,184.79,35.62
2026-07-07,Product A,137.43,25.61
2026-07-07,Product A,198.97,35.2
2026-07-07,Product A,141.18,21.33
2026-07-07,Product A,182.25,45.35
2026-07-07,Product A,126.96,24.47
2026-07-07,Product A,149.49,29.48
2026-07-07,Product A,182.93,29.23
2026-07-07,Product A,183.9,40.38
2026-07-07,Product B,157.4,21.23
2026-07-07,Product B,166.68,44.68
2026-07-07,Product B,142.33,24.95
2026-07-07,Product B,121.57,14.91
2026-07-07,Product B,121.36,21.68
2026-07-07,Product C,113.87,26.5
2026-07-07,Product C,83.65,23.64
2026-07-07,Product C,113.43,26.69
2026-07-07,Product C,78.86,10.0
2026-07-07,Product C,111.42,35.52
2026-07-07,Product C,131.6,29.99
2026-07-07,Product C,99.67,13.08
2026-07-07,Product C,126.09,33.35
2026-07-07,Product D,99.64,33.68
2026-07-07,Product D,72.09,22.6
2026-07-07,Product D,126.7,22.36
2026-07-07,Product D,105.27,35.8
2026-07-08,Product A,163.34,36.66
2026-07-08,Product A,176.84,30.51
2026-07-08,Product A,166.25,30.6
2026-07-08,Product A,187.66,36.17
2026-07-08,Product A,160.69,37.23
2026-07-08,Product A,184.47,34.44
2026-07-08,Product A,172.02,33.24
2026-07-08,Product B,126.0,17.8
2026-07-08,Product B,131.78,37.08
2026-07-08,Product B,140.83,19.56
2026-07-08,Product B,99.01,10.0
2026-07-08,Product B,156.61,30.81
2026-07-08,Product B,130.67,17.45
2026-07-08,Product B,185.92,53.18
2026-07-08,Product B,170.29,41.42
2026-07-08,Product B,183.97,48.99
2026-07-08,Product C,117.11,10.0
2026-07-08,Product C,88.47,14.48
2026-07-08,Product C,93.69,29.11
2026-07-08,Product C,120.15,31.05
2026-07-08,Product C,130.29,27.01
2026-07-08,Product D,100.68,23.68
2026-07-08,Product D,99.29,23.02
2026-07-08,Product D,80.65,22.48
2026-07-08,Product D,79.87,10.0
2026-07-08,Product D,109.84,31.66
2026-07-08,Product D,108.34,22.18
2026-07-08,Product D,52.33,23.37
2026-07-08,Product D,51.99,16.13
2026-07-09,Product A,192.4,44.05
2026-07-09,Product A,176.78,26.4
2026-07-09,Product A,173.24,26.74
2026-07-09,Product A,225.47,34.07
2026-07-09,Product A,180.63,18.7
2026-07-09,Product A,172.92,27.1
2026-07-09,Product A,184.87,37.04
2026-07-09,Product A,201.17,44.9
2026-07-09,Product A,168.54,21.1
2026-07-09,Product A,151.8,28.23
2026-07-09,Product A,173.47,31.55
2026-07-09,Product A,158.23,38.4
2026-07-09,Product A,137.6,18.67
2026-07-09,Product B,137.62,26.46
2026-07-09,Product B,150.52,16.54
2026-07-09,Product B,134.79,25.75
2026-07-09,Product B,173.21,39.7
2026-07-09,Product B,191.1,36.37
2026-07-09,Product C,145.28,36.82
2026-07-09,Product C,112.15,40.42
2026-07-09,Product C,110.32,10.0
2026-07-09,Product C,129.96,14.36
2026-07-09,Product C,101.71,27.36
2026-07-09,Product C,109.86,28.81
2026-07-09,Product C,94.52,27.66
2026-07-09,Product C,82.8,28.77
2026-07-09,Product C,109.54,36.35
2026-07-09,Product D,112.4,34.03
2026-07-09,Product D,112.83,18.26
2026-07-09,Product D,111.86,25.35
2026-07-09,Product D,79.39,18.9
2026-07-09,Product D,93.76,31.96
2026-07-10,Product A,198.53,25.5
2026-07-10,Product A,181.15,32.9
2026-07-10,Product A,197.13,42.22
2026-07-10,Product A,171.8,24.91
2026-07-10,Product B,179.0,24.13
2026-07-10,Product B,158.0,24.86
2026-07-10,Product B,202.36,35.56
2026-07-10,Product B,152.83,26.66
2026-07-10,Product B,135.88,30.7
2026-07-10,Product B,119.5,10.0
2026-07-10,Product B,141.7,30.61
2026-07-10,Product B,132.22,23.97
2026-07-10,Product B,118.14,28.59
2026-07-10,Product C,115.43,24.38
2026-07-10,Product C,123.73,40.85
2026-07-10,Product C,140.14,37.43
2026-07-10,Product C,110.02,17.02
2026-07-10,Product C,128.57,38.24
2026-07-10,Product C,157.91,15.12
2026-07-10,Product C,173.82,41.58
2026-07-10,Product C,140.0,16.88
2026-07-10,Product C,114.79,31.84
2026-07-10,Product C,94.16,10.0
2026-07-10,Product C,127.38,27.63
2026-07-10,Product C,151.71,32.1
2026-07-10,Product D,79.41,25.03
2026-07-10,Product D,83.52,18.51
2026-07-11,Product A,176.8,22.1
2026-07-11,Product A,187.16,38.59
2026-07-11,Product A,162.18,31.07
2026-07-11,Product A,132.24,23.92
2026-07-11,Product A,167.07,38.48
2026-07-11,Product A,165.63,35.11
2026-07-11,Product A,161.39,10.0
2026-07-11,Product A,165.04,29.63
2026-07-11,Product A,173.32,30.79
2026-07-11,Product B,101.07,16.33
2026-07-11,Product B,128.61,30.5
2026-07-11,Product C,129.38,32.5
2026-07-11,Product C,111.01,16.36
2026-07-11,Product C,134.36,14.29
2026-07-11,Product C,138.31,27.29
2026-07-11,Product D,91.74,39.36
2026-07-11,Product D,66.02,23.19
2026-07-11,Product D,107.5,35.97
2026-07-11,Product D,108.84,23.97
2026-07-11,Product D,117.44,27.67
2026-07-12,Product A,150.68,22.82
2026-07-12,Product A,148.71,29.35
2026-07-12,Product A,153.45,15.79
2026-07-12,Product A,145.56,20.18
2026-07-12,Product A,159.43,29.11
2026-07-12,Product B,111.03,15.07
2026-07-12,Product B,138.48,24.87
2026-07-12,Product B,145.79,28.54
2026-07-12,Product B,142.48,35.2
2026-07-12,Product B,182.21,22.03
2026-07-12,Product B,145.99,31.2
2026-07-12,Product B,157.88,23.58
2026-07-12,Product B,150.61,12.94
2026-07-12,Product C,121.67,21.71
2026-07-12,Product C,115.37,34.83
2026-07-12,Product C,110.66,24.52
2026-07-12,Product C,107.75,31.87
2026-07-12,Product C,121.71,20.66
2026-07-12,Product D,70.74,13.41
2026-07-12,Product D,94.32,20.6
2026-07-12,Product D,103.38,19.99
2026-07-12,Product D,74.86,24.08
2026-07-12,Product D,70.28,10.0
2026-07-12,Product D,70.14,20.33
2026-07-12,Product D,97.34,28.48
2026-07-13,Product A,211.49,30.42
2026-07-13,Product A,135.24,22.57
2026-07-13,Product A,187.71,17.07
2026-07-13,Product A,149.62,18.91
2026-07-13,Product A,177.84,32.05
2026-07-13,Product A,152.95,27.44
2026-07-13,Product A,144.81,21.21
2026-07-13,Product A,142.17,22.97
2026-07-13,Product A,152.39,31.43
2026-07-13,Product A,169.42,26.99
2026-07-13,Product A,208.9,38.58
2026-07-13,Product A,161.9,22.85
2026-07-13,Product A,144.01,23.95
2026-07-13,Product A,176.77,14.74
2026-07-13,Product A,139.99,19.67
2026-07-13,Product A,145.84,25.14
2026-07-13,Product A,174.01,28.6
2026-07-13,Product B,118.63,18.93
2026-07-13,Product B,144.17,26.76
2026-07-13,Product B,152.0,20.07
2026-07-13,Product B,161.8,31.69
2026-07-13,Product B,129.06,12.8
2026-07-13,Product C,137.31,30.88
2026-07-13,Product C,67.29,12.14
2026-07-13,Product C,110.24,33.94
2026-07-13,Product C,100.84,26.69
2026-07-13,Product C,117.64,14.31
2026-07-13,Product D,66.76,10.0
2026-07-13,Product D,126.94,29.14
2026-07-13,Product D,56.86,19.18
2026-07-13,Product D,55.69,10.0
2026-07-13,Product D,96.79,41.46
2026-07-14,Product A,165.19,21.44
2026-07-14,Product A,184.63,39.59
2026-07-14,Product A,127.35,18.48
2026-07-14,Product A,143.3,25.57
2026-07-14,Product A,142.77,13.71
2026-07-14,Product A,194.72,31.78
2026-07-14,Product B,153.6,40.76
2026-07-14,Product B,146.63,22.77
2026-07-14,Product B,187.75,42.56
2026-07-14,Product B,171.07,25.08
2026-07-14,Product B,131.8,10.0
2026-07-14,Product B,166.23,28.88
2026-07-14,Product B,105.38,27.53
2026-07-14,Product B,137.58,21.68
2026-07-14,Product C,93.53,14.81
2026-07-14,Product C,135.58,21.71
2026-07-14,Product C,96.06,30.19
2026-07-14,Product C,133.31,33.2
2026-07-14,Product C,124.0,21.74
2026-07-14,Product D,74.59,22.73
2026-07-14,Product D,58.07,10.21
2026-07-14,Product D,69.87,10.0
2026-07-15,Product A,181.67,35.96
2026-07-15,Product A,170.46,31.86
2026-07-15,Product A,177.95,29.51
2026-07-15,Product A,156.68,32.58
2026-07-15,Product A,176.42,13.34
2026-07-15,Product A,151.83,21.97
2026-07-15,Product A,165.58,37.78
2026-07-15,Product A,240.45,21.21
2026-07-15,Product A,176.7,30.6
2026-07-15,Product B,132.16,45.02
2026-07-15,Product B,152.91,32.09
2026-07-15,Product B,133.83,24.27
2026-07-15,Product B,149.0,10.03
2026-07-15,Product B,129.23,16.09
2026-07-15,Product B,131.79,13.85
2026-07-15,Product B,145.96,35.99
2026-07-15,Product C,121.67,23.34
2026-07-15,Product C,106.15,24.87
2026-07-15,Product C,105.41,16.72
2026-07-15,Product C,84.38,19.08
2026-07-15,Product C,143.47,37.22
2026-07-15,Product C,152.82,28.22
2026-07-15,Product C,138.72,21.7
2026-07-15,Product D,74.85,16.75
2026-07-15,Product D,100.93,22.41
2026-07-15,Product D,84.57,14.68
2026-07-15,Product D,102.59,21.3
2026-07-15,Product D,69.66,10.0
2026-07-16,Product A,152.25,40.2
2026-07-16,Product A,121.72,18.73
2026-07-16,Product A,174.18,40.87
2026-07-16,Product A,161.23,48.7
2026-07-16,Product A,186.7,12.8
2026-07-16,Product A,138.02,25.36
2026-07-16,Product A,144.83,29.0
2026-07-16,Product A,160.02,17.64
2026-07-16,Product A,148.78,32.11
2026-07-16,Product A,125.5,29.7
2026-07-16,Product A,193.64,30.27
2026-07-16,Product A,139.1,28.09
2026-07-16,Product B,177.7,27.16
2026-07-16,Product B,136.86,25.95
2026-07-16,Product B,149.39,27.24
2026-07-16,Product B,150.98,26.98
2026-07-16,Product B,135.84,29.75
2026-07-16,Product B,137.08,29.74
2026-07-16,Product C,121.58,33.29
2026-07-16,Product C,125.56,44.15
2026-07-16,Product C,118.83,19.31
2026-07-16,Product C,107.86,27.5
2026-07-16,Product C,130.69,30.4
2026-07-16,Product C,101.31,31.16
2026-07-16,Product D,105.4,24.28
2026-07-16,Product D,113.53,21.51
2026-07-16,Product D,103.96,33.52
2026-07-16,Product D,113.03,24.62
2026-07-17,Product A,185.44,26.12
2026-07-17,Product A,166.67,18.94
2026-07-17,Product A,139.39,24.35
2026-07-17,Product A,199.88,34.78
2026-07-17,Product A,211.98,34.72
2026-07-17,Product A,170.69,21.09
2026-07-17,Product A,162.36,18.08
2026-07-17,Product A,136.0,13.74
2026-07-17,Product B,157.4,27.16
2026-07-17,Product B,149.97,23.52
2026-07-17,Product B,135.87,31.07
2026-07-17,Product B,102.09,21.18
2026-07-17,Product B,134.51,10.0
2026-07-17,Product B,123.56,20.72
2026-07-17,Product B,147.23,30.95
2026-07-17,Product B,162.78,15.3
2026-07-17,Product B,153.31,31.89
2026-07-17,Product B,149.82,29.49
2026-07-17,Product B,102.48,10.0
2026-07-17,Product B,175.05,27.52
2026-07-17,Product B,193.91,22.74
2026-07-17,Product B,179.4,25.61
2026-07-17,Product C,133.1,24.38
2026-07-17,Product C,137.62,28.15
2026-07-17,Product D,122.8,32.57
2026-07-17,Product D,114.5,25.62
2026-07-18,Product A,176.19,41.1
2026-07-18,Product A,180.51,18.86
2026-07-18,Product A,156.17,21.15
2026-07-18,Product A,153.4,10.0
2026-07-18,Product A,211.59,28.96
2026-07-18,Product A,152.31,10.36
2026-07-18,Product B,134.44,10.0
2026-07-18,Product B,116.59,10.0
2026-07-18,Product B,151.06,33.12
2026-07-18,Product B,177.25,17.05
2026-07-18,Product C,111.14,19.66
2026-07-18,Product C,102.4,27.47
2026-07-18,Product C,154.33,31.1
2026-07-18,Product C,104.11,11.04
2026-07-18,Product C,125.38,37.42
2026-07-18,Product C,148.15,43.62
2026-07-18,Product D,70.58,12.0
2026-07-18,Product D,132.64,20.58
2026-07-19,Product A,222.91,53.44
2026-07-19,Product A,141.91,24.02
2026-07-19,Product A,172.99,32.74
2026-07-19,Product A,198.03,48.38
2026-07-19,Product A,170.82,38.02
2026-07-19,Product A,184.26,31.16
2026-07-19,Product A,132.64,30.7
2026-07-19,Product A,183.31,34.28
2026-07-19,Product B,129.57,29.72
2026-07-19,Product B,163.43,32.32
2026-07-19,Product B,126.66,10.88
2026-07-19,Product B,146.68,32.37
2026-07-19,Product B,167.89,33.22
2026-07-19,Product B,135.09,16.53
2026-07-19,Product B,144.63,24.53
2026-07-19,Product B,169.36,24.95
2026-07-19,Product B,136.27,39.61
2026-07-19,Product B,179.13,23.39
2026-07-19,Product C,133.52,26.16
2026-07-19,Product C,128.23,28.84
2026-07-19,Product C,89.46,23.55
2026-07-19,Product C,122.11,21.15
2026-07-19,Product C,110.65,21.14
2026-07-19,Product C,114.61,39.29
2026-07-19,Product C,165.99,14.71
2026-07-19,Product D,67.77,13.99
2026-07-19,Product D,85.14,27.15
2026-07-19,Product D,121.21,27.96
2026-07-19,Product D,95.71,10.0
2026-07-19,Product D,126.31,24.96
2026-07-19,Product D,91.87,27.98
2026-07-19,Product D,99.35,29.89
2026-07-20,Product A,182.04,13.53
2026-07-20,Product A,184.27,27.79
2026-07-20,Product A,181.21,29.61
2026-07-20,Product A,151.07,25.11
2026-07-20,Product A,160.29,29.71
2026-07-20,Product A,150.51,16.59
2026-07-20,Product A,186.11,40.51
2026-07-20,Product A,182.76,25.88
2026-07-20,Product A,153.72,20.67
2026-07-20,Product A,189.59,25.63
2026-07-20,Product B,147.54,22.1
2026-07-20,Product B,174.97,28.53
2026-07-20,Product B,133.35,31.66
2026-07-20,Product B,136.09,18.5
2026-07-20,Product B,120.2,13.87
2026-07-20,Product B,128.84,26.87
2026-07-20,Product C,153.21,33.16
2026-07-20,Product C,142.15,26.89
2026-07-20,Product C,122.37,19.46
2026-07-20,Product C,102.09,20.66
2026-07-20,Product C,90.77,21.24
2026-07-20,Product C,113.34,26.81
2026-07-20,Product D,89.76,10.0
2026-07-20,Product D,113.02,22.99
2026-07-20,Product D,62.72,10.0
2026-07-20,Product D,90.34,19.97
2026-07-20,Product D,95.52,31.97
2026-07-20,Product D,66.65,13.45
2026-07-20,Product D,75.66,26.69
2026-07-21,Product A,175.94,29.5
2026-07-21,Product A,171.46,39.43
2026-07-21,Product A,192.85,39.96
2026-07-21,Product A,174.55,47.84
2026-07-21,Product A,161.19,14.47
2026-07-21,Product A,164.16,28.37
2026-07-21,Product B,122.12,19.89
2026-07-21,Product B,205.2,50.71
2026-07-21,Product B,165.31,13.33
2026-07-21,Product B,174.31,24.55
2026-07-21,Product B,174.12,23.82
2026-07-21,Product B,155.75,21.36
2026-07-21,Product B,137.01,28.27
2026-07-21,Product B,115.98,38.7
2026-07-21,Product C,123.44,26.72
2026-07-21,Product C,125.56,21.93
2026-07-21,Product C,134.13,20.08
2026-07-21,Product C,110.31,33.3
2026-07-21,Product C,95.11,29.33
2026-07-21,Product C,89.0,10.0
2026-07-21,Product C,87.14,20.11
2026-07-21,Product C,136.05,40.27
2026-07-21,Product C,146.68,39.17
2026-07-21,Product C,101.7,15.65
2026-07-21,Product C,137.33,41.58
2026-07-21,Product C,97.31,31.76
2026-07-21,Product C,77.75,20.22
2026-07-21,Product C,117.72,24.26
2026-07-21,Product D,76.22,20.34
2026-07-22,Product A,155.57,27.27
2026-07-22,Product A,165.25,28.35
2026-07-22,Product A,175.34,25.54
2026-07-22,Product A,169.83,27.68
2026-07-22,Product A,154.53,41.04
2026-07-22,Product A,159.52,10.0
2026-07-22,Product A,209.23,28.8
2026-07-22,Product A,189.8,26.82
2026-07-22,Product A,182.52,30.64
2026-07-22,Product A,192.01,30.93
2026-07-22,Product A,155.58,28.5
2026-07-22,Product A,161.59,12.04
2026-07-22,Product A,156.77,49.6
2026-07-22,Product A,129.93,24.02
2026-07-22,Product A,164.66,42.68
2026-07-22,Product A,145.56,25.56
2026-07-22,Product A,185.1,30.03
2026-07-22,Product A,153.11,25.85
2026-07-22,Product A,163.19,25.24
2026-07-22,Product A,190.48,35.61
2026-07-22,Product B,95.43,30.83
2026-07-22,Product B,137.67,25.42
2026-07-22,Product B,118.05,10.0
2026-07-22,Product B,129.32,27.13
2026-07-22,Product B,133.64,20.03
2026-07-22,Product B,128.62,31.19
2026-07-22,Product C,120.79,25.9
2026-07-22,Product C,130.52,15.83
2026-07-22,Product C,157.42,42.48
2026-07-22,Product C,105.82,23.53
2026-07-22,Product C,107.74,26.1
2026-07-22,Product C,121.35,28.53
2026-07-22,Product C,97.38,17.57
2026-07-22,Product C,145.21,27.68
2026-07-22,Product C,61.84,12.4
2026-07-22,Product C,173.05,44.86
2026-07-22,Product D,56.36,10.0
2026-07-22,Product D,103.76,35.58
2026-07-23,Product A,120.7,10.0
2026-07-23,Product A,162.65,26.62
2026-07-23,Product A,163.11,10.0
2026-07-23,Product A,204.15,23.22
2026-07-23,Product A,152.0,15.75
2026-07-23,Product A,198.58,37.13
2026-07-23,Product A,159.59,22.78
2026-07-23,Product A,173.95,19.6
2026-07-23,Product A,178.38,25.94
2026-07-23,Product A,181.43,34.73
2026-07-23,Product A,156.94,10.26
2026-07-23,Product A,164.57,16.38
2026-07-23,Product A,171.73,27.14
2026-07-23,Product A,157.06,16.34
2026-07-23,Product A,196.11,29.71
2026-07-23,Product B,145.79,38.48
2026-07-23,Product B,183.56,38.44
2026-07-23,Product B,133.04,13.08
2026-07-23,Product B,161.6,38.35
2026-07-23,Product B,100.37,25.75
2026-07-23,Product B,139.39,10.0
2026-07-23,Product B,155.33,33.68
2026-07-23,Product B,137.27,14.88
2026-07-23,Product B,182.67,25.7
2026-07-23,Product C,139.22,42.57
2026-07-23,Product C,102.1,26.63
2026-07-23,Product C,89.94,10.0
2026-07-23,Product D,101.72,29.92
2026-07-23,Product D,111.84,23.25
2026-07-23,Product D,96.67,20.39
2026-07-23,Product D,90.42,17.16
2026-07-24,Product A,182.16,29.01
2026-07-24,Product A,137.65,17.49
2026-07-24,Product A,170.4,34.89
2026-07-24,Product A,137.31,25.46
2026-07-24,Product A,174.86,26.11
2026-07-24,Product A,157.09,20.81
2026-07-24,Product A,173.1,38.44
2026-07-24,Product A,196.35,24.39
2026-07-24,Product A,165.89,10.65
2026-07-24,Product A,172.4,34.09
2026-07-24,Product A,204.56,20.48
2026-07-24,Product B,116.81,20.92
2026-07-24,Product B,118.33,31.12
2026-07-24,Product B,149.55,20.3
2026-07-24,Product B,117.76,23.13
2026-07-24,Product C,118.42,23.33
2026-07-24,Product C,125.27,21.72
2026-07-24,Product C,143.28,40.31
2026-07-24,Product C,98.37,26.98
2026-07-24,Product C,112.16,25.09
2026-07-24,Product C,153.55,28.39
2026-07-24,Product C,140.38,34.54
2026-07-24,Product D,72.0,13.63
2026-07-24,Product D,124.59,32.06
2026-07-24,Product D,63.48,11.78
2026-07-24,Product D,100.14,27.98
2026-07-25,Product A,182.58,33.56
2026-07-25,Product A,144.66,33.34
2026-07-25,Product A,186.65,39.85
2026-07-25,Product A,170.81,28.44
2026-07-25,Product A,165.99,46.45
2026-07-25,Product A,158.07,17.38
2026-07-25,Product A,161.79,23.24
2026-07-25,Product A,197.72,22.76
2026-07-25,Product A,157.65,28.32
2026-07-25,Product A,197.9,39.35
2026-07-25,Product B,149.56,28.2
2026-07-25,Product B,126.15,18.37
2026-07-25,Product B,152.28,22.49
2026-07-25,Product B,112.67,21.51
2026-07-25,Product B,163.39,36.32
2026-07-25,Product B,156.71,33.19
2026-07-25,Product B,166.73,28.98
2026-07-25,Product B,98.38,26.0
2026-07-25,Product B,125.35,12.26
2026-07-25,Product B,120.73,40.4
2026-07-25,Product B,154.69,17.96
2026-07-25,Product B,129.96,22.09
2026-07-25,Product C,121.24,20.6
2026-07-25,Product C,135.16,32.8
2026-07-25,Product C,109.55,29.94
2026-07-25,Product C,133.84,39.06
2026-07-25,Product C,135.62,28.12
2026-07-25,Product D,74.93,21.97
2026-07-25,Product D,132.42,27.11
2026-07-25,Product D,104.65,23.29
2026-07-25,Product D,106.56,24.27
2026-07-25,Product D,83.63,11.16
2026-07-26,Product A,181.12,41.13
2026-07-26,Product A,228.81,42.16
2026-07-26,Product A,155.46,16.86
2026-07-26,Product A,150.09,19.32
2026-07-26,Product A,106.18,12.65
2026-07-26,Product A,185.77,32.18
2026-07-26,Product B,96.54,12.49
2026-07-26,Product B,154.54,26.04
2026-07-26,Product B,149.22,30.85
2026-07-26,Product B,148.4,30.43
2026-07-26,Product C,112.87,26.52
2026-07-26,Product C,128.34,31.75
2026-07-26,Product C,177.36,31.65
2026-07-26,Product C,190.97,31.96
2026-07-26,Product C,128.48,18.71
2026-07-26,Product D,108.79,24.18
2026-07-26,Product D,84.45,15.29
2026-07-26,Product D,103.94,16.35
2026-07-26,Product D,103.26,32.23
2026-07-26,Product D,140.32,42.11
2026-07-27,Product A,154.52,20.21
2026-07-27,Product A,199.22,28.86
2026-07-27,Product A,135.51,14.72
2026-07-27,Product A,188.85,38.19
2026-07-27,Product A,153.22,20.99
2026-07-27,Product A,184.81,41.95
2026-07-27,Product A,168.49,33.08
2026-07-27,Product A,189.22,49.39
2026-07-27,Product A,144.57,19.23
2026-07-27,Product A,158.86,33.63
2026-07-27,Product B,118.26,21.92
2026-07-27,Product B,140.7,32.47
2026-07-27,Product B,144.89,21.08
2026-07-27,Product B,139.57,37.51
2026-07-27,Product B,110.46,13.76
2026-07-27,Product B,145.79,19.69
2026-07-27,Product B,155.79,26.03
2026-07-27,Product C,105.22,27.06
2026-07-27,Product C,146.17,50.95
2026-07-27,Product C,110.58,17.41
2026-07-27,Product C,131.49,43.89
2026-07-27,Product C,153.72,25.54
2026-07-27,Product D,107.83,31.16
2026-07-27,Product D,74.5,27.03
2026-07-27,Product D,116.82,19.76
2026-07-27,Product D,115.35,31.88
2026-07-28,Product A,199.83,26.48
2026-07-28,Product A,191.16,40.65
2026-07-28,Product A,155.68,34.91
2026-07-28,Product A,180.19,17.05
2026-07-28,Product A,182.86,24.95
2026-07-28,Product A,133.13,25.56
2026-07-28,Product B,150.63,20.69
2026-07-28,Product B,137.57,36.57
2026-07-28,Product B,107.72,23.99
2026-07-28,Product B,172.31,33.92
2026-07-28,Product B,188.36,39.53
2026-07-28,Product B,153.45,22.35
2026-07-28,Product B,153.86,31.61
2026-07-28,Product B,145.08,18.72
2026-07-28,Product B,118.51,21.63
2026-07-28,Product C,117.51,23.06
2026-07-28,Product C,132.37,27.99
2026-07-28,Product C,132.06,34.03
2026-07-28,Product C,114.95,34.06
2026-07-28,Product C,114.97,25.46
2026-07-28,Product C,98.49,19.5
2026-07-28,Product C,167.48,29.64
2026-07-28,Product C,129.63,24.88
2026-07-28,Product D,100.16,24.66
2026-07-28,Product D,75.91,22.35
2026-07-28,Product D,90.83,10.0
2026-07-28,Product D,113.2,33.97
2026-07-29,Product A,161.5,41.58
2026-07-29,Product A,177.56,16.81
2026-07-29,Product A,168.28,41.69
2026-07-29,Product A,151.96,25.29
2026-07-29,Product A,140.08,14.2
2026-07-29,Product A,151.65,15.96
2026-07-29,Product A,156.4,40.49
2026-07-29,Product A,169.21,35.05
2026-07-29,Product A,194.01,24.11
2026-07-29,Product A,151.71,31.92
2026-07-29,Product A,156.05,32.13
2026-07-29,Product A,206.9,23.53
2026-07-29,Product A,162.15,25.98
2026-07-29,Product A,158.42,22.07
2026-07-29,Product A,159.17,26.94
2026-07-29,Product A,173.63,37.14
2026-07-29,Product A,169.45,37.75
2026-07-29,Product B,205.96,41.86
2026-07-29,Product B,156.24,33.71
2026-07-29,Product B,115.62,14.48
2026-07-29,Product B,122.73,24.21
2026-07-29,Product B,136.88,24.03
2026-07-29,Product B,138.16,10.48
2026-07-29,Product B,164.47,13.86
2026-07-29,Product B,128.99,11.4
2026-07-29,Product B,125.65,22.98
2026-07-29,Product B,172.17,16.78
2026-07-29,Product B,132.74,10.0
2026-07-29,Product C,93.24,21.05
2026-07-29,Product C,133.8,28.63
2026-07-29,Product C,95.95,20.3
2026-07-29,Product C,104.05,27.72
2026-07-29,Product C,143.66,39.7
2026-07-29,Product D,79.38,18.4
2026-07-29,Product D,72.32,34.82
2026-07-29,Product D,135.08,42.09
2026-07-29,Product D,96.94,29.17
2026-07-29,Product D,93.83,29.62
2026-07-29,Product D,85.97,31.59
2026-07-30,Product A,159.42,33.43
2026-07-30,Product A,203.4,35.2
2026-07-30,Product A,218.8,46.22
2026-07-30,Product A,217.04,36.41
2026-07-30,Product A,133.45,17.04
2026-07-30,Product B,136.23,29.78
2026-07-30,Product B,118.72,19.13
2026-07-30,Product B,169.67,28.45
2026-07-30,Product B,109.17,28.49
2026-07-30,Product B,116.49,20.43
2026-07-30,Product B,157.82,27.79
2026-07-30,Product B,200.82,40.01
2026-07-30,Product B,140.55,28.71
2026-07-30,Product C,110.45,26.0
2026-07-30,Product C,108.88,10.0
2026-07-30,Product D,72.14,23.46
2026-07-30,Product D,121.17,26.86
2026-07-30,Product D,83.19,10.0
2026-07-30,Product D,112.5,19.34
2026-07-31,Product A,193.05,26.16
2026-07-31,Product A,175.12,34.88
2026-07-31,Product A,156.22,35.58
2026-07-31,Product A,133.34,16.0
2026-07-31,Product A,132.52,16.64
2026-07-31,Product A,166.6,34.97
2026-07-31,Product A,166.58,23.56
2026-07-31,Product A,135.92,13.39
2026-07-31,Product B,136.41,20.74
2026-07-31,Product B,178.65,31.44
2026-07-31,Product B,105.43,25.54
2026-07-31,Product B,185.61,29.56
2026-07-31,Product C,128.89,20.72
2026-07-31,Product C,148.35,36.14
2026-07-31,Product C,148.93,24.27
2026-07-31,Product C,128.77,21.17
2026-07-31,Product C,125.45,39.42
2026-07-31,Product D,110.14,25.91
2026-07-31,Product D,55.65,34.82
2026-07-31,Product D,99.67,11.2
2026-07-31,Product D,101.91,25.85
2026-07-31,Product D,116.87,33.13
2026-07-31,Product D,90.3,10.0
2026-08-01,Product A,152.38,31.63
2026-08-01,Product A,156.33,32.72
2026-08-01,Product A,156.91,24.82
2026-08-01,Product A,170.78,30.26
2026-08-01,Product A,149.67,31.07
2026-08-01,Product A,164.03,32.24
2026-08-01,Product B,177.09,30.65
2026-08-01,Product B,114.78,14.83
2026-08-01,Product B,123.02,29.5
2026-08-01,Product B,162.02,27.06
2026-08-01,Product B,151.38,25.03
2026-08-01,Product C,106.11,28.66
2026-08-01,Product C,154.13,42.76
2026-08-01,Product C,154.8,35.35
2026-08-01,Product D,147.47,29.8
2026-08-01,Product D,87.37,13.66
2026-08-01,Product D,72.96,13.41
2026-08-01,Product D,82.79,10.0
2026-08-01,Product D,90.37,23.48
2026-08-01,Product D,75.29,15.26
2026-08-01,Product D,125.94,16.35
2026-08-01,Product D,137.5,24.86
2026-08-02,Product A,168.38,41.02
2026-08-02,Product A,151.23,32.89
2026-08-02,Product A,93.78,10.0
2026-08-02,Product A,127.97,31.64
2026-08-02,Product A,189.33,23.91
2026-08-02,Product A,176.36,39.59
2026-08-02,Product A,199.86,30.73
2026-08-02,Product A,121.41,13.45
2026-08-02,Product A,186.86,48.56
2026-08-02,Product A,168.8,23.84
2026-08-02,Product A,222.79,41.12
2026-08-02,Product A,142.99,23.36
2026-08-02,Product A,192.0,32.08
2026-08-02,Product A,187.48,19.03
2026-08-02,Product A,138.45,17.66
2026-08-02,Product B,129.37,30.63
2026-08-02,Product B,169.95,25.31
2026-08-02,Product B,190.45,26.71
2026-08-02,Product B,167.66,40.14
2026-08-02,Product B,115.05,24.18
2026-08-02,Product C,136.61,39.02
2026-08-02,Product C,139.58,31.15
2026-08-02,Product C,111.63,23.96
2026-08-02,Product D,77.66,10.0
2026-08-02,Product D,66.91,10.0
2026-08-03,Product A,171.73,31.97
2026-08-03,Product A,151.91,33.89
2026-08-03,Product A,178.88,28.39
2026-08-03,Product A,221.99,45.84
2026-08-03,Product A,132.9,19.48
2026-08-03,Product A,224.27,30.27
2026-08-03,Product A,171.46,39.0
2026-08-03,Product A,184.35,37.71
2026-08-03,Product B,105.01,34.81
2026-08-03,Product B,144.87,10.0
2026-08-03,Product B,166.73,27.94
2026-08-03,Product B,124.51,28.62
2026-08-03,Product B,88.93,10.0
2026-08-03,Product B,138.41,30.35
2026-08-03,Product B,194.29,31.07
2026-08-03,Product B,155.12,48.36
2026-08-03,Product B,145.1,28.41
2026-08-03,Product B,117.78,35.7
2026-08-03,Product C,110.45,26.23
2026-08-03,Product C,158.66,53.15
2026-08-03,Product C,116.15,21.96
2026-08-03,Product D,143.58,29.61
2026-08-03,Product D,70.64,30.42
2026-08-03,Product D,114.87,28.92
2026-08-03,Product D,128.77,32.44
2026-08-04,Product A,157.54,24.53
2026-08-04,Product A,133.25,21.69
2026-08-04,Product A,148.31,26.01
2026-08-04,Product A,154.28,10.0
2026-08-04,Product A,219.55,35.47
2026-08-04,Product A,201.84,30.1
2026-08-04,Product A,207.36,26.04
2026-08-04,Product A,173.87,20.82
2026-08-04,Product A,227.22,36.63
2026-08-04,Product A,188.23,35.6
2026-08-04,Product A,169.44,32.95
2026-08-04,Product A,199.9,39.33
2026-08-04,Product B,125.61,14.58
2026-08-04,Product B,144.48,26.54
2026-08-04,Product B,150.21,19.69
2026-08-04,Product B,166.87,32.64
2026-08-04,Product B,179.79,37.34
2026-08-04,Product B,137.31,33.79
2026-08-04,Product C,117.11,18.94
2026-08-04,Product C,72.82,10.47
2026-08-04,Product C,124.38,36.05
2026-08-04,Product C,137.51,28.02
2026-08-04,Product C,105.04,21.67
2026-08-04,Product C,98.55,10.0
2026-08-04,Product D,64.35,12.87
2026-08-04,Product D,108.46,30.5
2026-08-04,Product D,110.15,33.91
2026-08-04,Product D,137.74,27.06
2026-08-05,Product A,194.08,34.56
2026-08-05,Product A,139.73,24.43
2026-08-05,Product A,136.7,25.18
2026-08-05,Product A,184.37,39.95
2026-08-05,Product A,167.97,34.54
2026-08-05,Product A,150.12,33.25
2026-08-05,Product A,184.84,25.02
2026-08-05,Product A,181.67,39.6
2026-08-05,Product A,171.73,22.61
2026-08-05,Product A,173.91,33.98
2026-08-05,Product A,151.74,17.73
2026-08-05,Product B,100.88,10.0
2026-08-05,Product B,134.19,29.52
2026-08-05,Product B,92.65,14.8
2026-08-05,Product B,162.18,10.0
2026-08-05,Product B,161.43,34.38
2026-08-05,Product B,126.37,12.26
2026-08-05,Product C,111.03,30.51
2026-08-05,Product C,136.98,33.48
2026-08-05,Product C,156.9,28.71
2026-08-05,Product C,110.73,18.14
2026-08-05,Product C,135.95,27.73
2026-08-05,Product C,104.69,36.34
2026-08-05,Product C,159.81,32.53
2026-08-05,Product C,89.92,34.69
2026-08-05,Product C,130.36,32.04
2026-08-05,Product C,122.31,20.51
2026-08-05,Product D,95.29,12.51
2026-08-05,Product D,130.66,33.5
2026-08-05,Product D,102.27,26.94
2026-08-06,Product A,141.06,33.55
2026-08-06,Product A,203.95,38.08
2026-08-06,Product A,136.8,24.53
2026-08-06,Product A,177.49,28.0
2026-08-06,Product A,199.64,33.01
2026-08-06,Product A,216.3,43.04
2026-08-06,Product A,176.07,37.3
2026-08-06,Product A,203.68,41.82
2026-08-06,Product A,168.33,23.34
2026-08-06,Product A,145.31,10.0
2026-08-06,Product B,186.69,27.15
2026-08-06,Product B,123.64,10.96
2026-08-06,Product B,160.9,36.56
2026-08-06,Product B,131.92,13.91
2026-08-06,Product C,201.02,30.58
2026-08-06,Product C,82.16,26.03
2026-08-06,Product C,119.3,32.59
2026-08-06,Product C,95.84,21.52
2026-08-06,Product C,130.06,24.26
2026-08-06,Product C,125.1,16.63
2026-08-06,Product C,128.69,39.88
2026-08-06,Product C,92.77,10.03
2026-08-06,Product C,146.18,21.63
2026-08-06,Product D,47.64,16.18
2026-08-06,Product D,71.44,13.95
2026-08-06,Product D,95.16,36.11
2026-08-06,Product D,89.43,10.0
2026-08-06,Product D,127.33,33.82
2026-08-07,Product A,164.23,26.54
2026-08-07,Product A,145.32,29.38
2026-08-07,Product A,178.85,29.16
2026-08-07,Product A,139.46,33.38
2026-08-07,Product A,175.63,38.8
2026-08-07,Product B,145.28,12.22
2026-08-07,Product B,125.06,30.23
2026-08-07,Product B,133.88,31.88
2026-08-07,Product B,163.18,34.77
2026-08-07,Product B,152.32,22.41
2026-08-07,Product B,141.67,29.21
2026-08-07,Product C,118.29,25.71
2026-08-07,Product C,91.1,21.26
2026-08-07,Product C,133.08,12.92
2026-08-07,Product D,79.99,23.32
2026-08-07,Product D,68.54,13.98
2026-08-07,Product D,66.26,13.28
2026-08-08,Product A,198.64,34.43
2026-08-08,Product A,104.89,14.38
2026-08-08,Product A,204.44,32.15
2026-08-08,Product A,127.81,25.32
2026-08-08,Product A,181.53,25.04
2026-08-08,Product A,164.57,21.2
2026-08-08,Product A,181.5,31.31
2026-08-08,Product A,144.35,24.46
2026-08-08,Product A,153.87,37.85
2026-08-08,Product A,189.66,31.26
2026-08-08,Product A,171.78,37.31
2026-08-08,Product B,150.47,22.03
2026-08-08,Product B,150.19,23.58
2026-08-08,Product B,127.56,25.94
2026-08-08,Product B,122.48,18.11
2026-08-08,Product B,137.84,12.51
2026-08-08,Product C,111.05,17.19
2026-08-08,Product C,120.86,26.95
2026-08-08,Product C,136.32,30.53
2026-08-08,Product D,72.6,20.73
2026-08-08,Product D,114.7,32.59
2026-08-08,Product D,75.88,24.07
2026-08-08,Product D,102.1,17.6
2026-08-09,Product A,136.18,25.16
2026-08-09,Product A,185.01,30.88
2026-08-09,Product A,150.7,26.15
2026-08-09,Product A,199.52,41.1
2026-08-09,Product A,169.35,45.17
2026-08-09,Product A,229.37,35.15
2026-08-09,Product A,164.59,33.53
2026-08-09,Product A,149.91,32.28
2026-08-09,Product A,172.23,32.25
2026-08-09,Product B,152.66,10.0
2026-08-09,Product B,128.48,19.79
2026-08-09,Product B,121.21,10.0
2026-08-09,Product B,123.5,21.39
2026-08-09,Product B,146.09,32.1
2026-08-09,Product C,74.27,10.0
2026-08-09,Product C,137.87,31.68
2026-08-09,Product C,95.18,15.12
2026-08-09,Product C,92.69,10.46
2026-08-09,Product D,133.93,22.34
2026-08-10,Product A,186.12,30.82
2026-08-10,Product A,152.91,31.55
2026-08-10,Product A,190.27,28.48
2026-08-10,Product A,162.29,16.49
2026-08-10,Product A,130.3,20.21
2026-08-10,Product A,187.43,27.28
2026-08-10,Product B,132.65,22.83
2026-08-10,Product B,142.51,32.64
2026-08-10,Product B,144.76,29.05
2026-08-10,Product B,148.8,36.53
2026-08-10,Product B,138.35,21.12
2026-08-10,Product B,161.39,24.91
2026-08-10,Product B,155.96,45.22
2026-08-10,Product C,114.49,19.41
2026-08-10,Product C,120.14,24.96
2026-08-10,Product C,124.2,16.04
2026-08-10,Product C,120.5,36.61
2026-08-10,Product C,140.77,31.15
2026-08-10,Product C,176.37,34.18
2026-08-10,Product D,86.96,10.0
2026-08-10,Product D,114.18,28.23
2026-08-10,Product D,113.27,22.54
2026-08-11,Product A,161.49,32.39
2026-08-11,Product A,189.21,36.18
2026-08-11,Product A,134.03,15.07
2026-08-11,Product A,156.0,20.15
2026-08-11,Product A,158.06,34.27
2026-08-11,Product A,185.37,28.12
2026-08-11,Product A,183.02,33.74
2026-08-11,Product A,169.28,37.96
2026-08-11,Product A,155.45,26.85
2026-08-11,Product B,119.98,10.44
2026-08-11,Product B,126.4,20.91
2026-08-11,Product B,156.32,31.52
2026-08-11,Product B,165.78,27.32
2026-08-11,Product B,136.28,36.24
2026-08-11,Product B,83.75,14.74
2026-08-11,Product B,154.46,41.25
2026-08-11,Product B,108.47,15.08
2026-08-11,Product C,115.73,34.08
2026-08-11,Product C,93.31,25.78
2026-08-11,Product C,142.74,38.84
2026-08-11,Product C,93.93,19.02
2026-08-11,Product C,126.65,31.41
2026-08-11,Product C,122.55,38.39
2026-08-11,Product C,91.5,18.21
2026-08-11,Product C,82.87,23.2
2026-08-11,Product C,132.2,55.87
2026-08-11,Product D,97.87,23.74
2026-08-11,Product D,51.78,12.97
2026-08-11,Product D,97.22,35.42
2026-08-12,Product A,155.16,24.61
2026-08-12,Product A,181.91,28.77
2026-08-12,Product A,227.4,40.65
2026-08-12,Product A,142.68,17.54
2026-08-12,Product A,149.32,18.78
2026-08-12,Product A,181.81,22.06
2026-08-12,Product A,162.71,36.8
2026-08-12,Product A,158.57,32.33
2026-08-12,Product A,132.97,19.64
2026-08-12,Product B,146.2,39.69
2026-08-12,Product B,199.36,32.23
2026-08-12,Product B,148.47,20.82
2026-08-12,Product B,119.28,23.98
2026-08-12,Product B,150.49,12.7
2026-08-12,Product B,155.03,28.62
2026-08-12,Product B,131.77,17.07
2026-08-12,Product C,90.12,21.48
2026-08-12,Product C,130.86,28.48
2026-08-12,Product C,127.03,28.41
2026-08-12,Product C,106.31,13.96
2026-08-12,Product C,118.01,36.4
2026-08-12,Product C,142.54,28.6
2026-08-12,Product D,85.33,21.07
2026-08-13,Product A,175.92,23.61
2026-08-13,Product A,166.54,19.19
2026-08-13,Product A,170.41,34.44
2026-08-13,Product A,154.76,10.0
2026-08-13,Product A,176.09,25.92
2026-08-13,Product A,153.49,20.02
2026-08-13,Product A,178.81,27.13
2026-08-13,Product A,190.47,40.0
2026-08-13,Product B,141.03,19.27
2026-08-13,Product B,143.67,10.0
2026-08-13,Product B,134.61,19.59
2026-08-13,Product B,140.77,22.04
2026-08-13,Product B,146.15,37.01
2026-08-13,Product B,133.67,15.43
2026-08-13,Product B,107.0,14.1
2026-08-13,Product B,114.17,27.09
2026-08-13,Product C,149.3,34.36
2026-08-13,Product C,131.47,37.19
2026-08-13,Product C,139.72,34.02
2026-08-13,Product C,150.72,32.61
2026-08-13,Product D,72.56,10.0
2026-08-13,Product D,122.83,34.75
2026-08-13,Product D,87.46,10.0
2026-08-13,Product D,106.73,28.78
2026-08-13,Product D,106.37,27.17
2026-08-14,Product A,177.43,36.48
2026-08-14,Product A,139.06,10.37
2026-08-14,Product A,161.65,19.32
2026-08-14,Product A,174.09,19.12
2026-08-14,Product B,121.78,37.46
2026-08-14,Product B,150.84,26.97
2026-08-14,Product B,143.57,28.14
2026-08-14,Product C,123.62,22.79
2026-08-14,Product C,106.76,13.96
2026-08-14,Product C,133.04,24.34
2026-08-14,Product C,115.78,27.37
2026-08-14,Product C,120.09,26.37
2026-08-14,Product D,82.44,16.95
2026-08-14,Product D,130.19,26.18
2026-08-14,Product D,95.88,26.41
2026-08-14,Product D,99.73,18.96
2026-08-14,Product D,78.64,17.22
2026-08-15,Product A,153.77,13.25
2026-08-15,Product A,141.12,21.34
2026-08-15,Product A,181.53,31.11
2026-08-15,Product A,164.49,36.91
2026-08-15,Product A,170.04,31.15
2026-08-15,Product B,148.45,37.09
2026-08-15,Product B,174.86,28.79
2026-08-15,Product B,130.84,25.68
2026-08-15,Product B,130.72,29.3
2026-08-15,Product B,154.33,47.6
2026-08-15,Product C,93.77,33.76
2026-08-15,Product C,145.47,29.83
2026-08-15,Product C,112.78,36.69
2026-08-15,Product C,157.72,27.24
2026-08-15,Product C,96.65,18.85
2026-08-15,Product D,76.6,14.49
2026-08-15,Product D,79.0,21.54
2026-08-15,Product D,98.32,24.02
2026-08-15,Product D,88.25,17.7
2026-08-15,Product D,87.28,17.21
2026-08-15,Product D,104.22,10.0
2026-08-16,Product A,195.08,29.21
2026-08-16,Product A,170.02,12.36
2026-08-16,Product A,150.27,27.71
2026-08-16,Product A,191.02,27.68
2026-08-16,Product A,228.73,41.4
2026-08-16,Product A,141.99,34.44
2026-08-16,Product A,142.44,26.84
2026-08-16,Product A,149.56,14.57
2026-08-16,Product B,163.35,32.2
2026-08-16,Product B,157.91,22.97
2026-08-16,Product B,205.05,38.52
2026-08-16,Product B,153.01,33.89
2026-08-16,Product B,116.99,12.85
2026-08-16,Product B,139.6,31.66
2026-08-16,Product C,131.93,17.16
2026-08-16,Product C,151.05,36.98
2026-08-16,Product C,127.61,28.14
2026-08-16,Product C,95.97,15.92
2026-08-16,Product D,104.93,27.29
2026-08-16,Product D,59.19,13.56
2026-08-16,Product D,61.52,10.0
2026-08-17,Product A,185.39,41.46
2026-08-17,Product A,174.02,43.12
2026-08-17,Product A,165.42,45.06
2026-08-17,Product A,182.62,27.97
2026-08-17,Product A,144.06,18.03
2026-08-17,Product A,148.89,24.6
2026-08-17,Product A,141.97,34.48
2026-08-17,Product A,172.44,29.88
2026-08-17,Product A,144.36,18.39
2026-08-17,Product B,147.66,27.82
2026-08-17,Product B,165.99,29.02
2026-08-17,Product B,111.04,24.74
2026-08-17,Product B,154.29,35.6
2026-08-17,Product B,117.52,14.14
2026-08-17,Product C,124.34,34.51
2026-08-17,Product C,117.16,30.16
2026-08-17,Product D,112.01,15.2
2026-08-17,Product D,77.51,26.62
2026-08-17,Product D,68.38,13.11
2026-08-17,Product D,146.95,40.53
2026-08-18,Product A,182.18,25.67
2026-08-18,Product A,206.54,37.83
2026-08-18,Product A,147.89,38.11
2026-08-18,Product A,158.49,28.37
2026-08-18,Product A,159.29,32.07
2026-08-18,Product A,159.41,23.73
2026-08-18,Product A,166.48,24.29
2026-08-18,Product A,193.58,22.85
2026-08-18,Product A,169.18,29.48
2026-08-18,Product A,167.26,36.18
2026-08-18,Product A,136.91,27.82
2026-08-18,Product A,142.61,20.17
2026-08-18,Product B,164.14,17.41
2026-08-18,Product B,134.79,23.78
2026-08-18,Product B,132.3,42.75
2026-08-18,Product B,134.39,22.5
2026-08-18,Product B,131.79,24.26
2026-08-18,Product B,175.41,30.74
2026-08-18,Product B,140.18,15.24
2026-08-18,Product B,171.59,28.02
2026-08-18,Product C,161.7,46.89
2026-08-18,Product C,104.16,33.87
2026-08-18,Product C,155.43,29.72
2026-08-18,Product C,97.28,10.0
2026-08-18,Product C,128.37,20.45
2026-08-18,Product C,129.03,23.84
2026-08-18,Product D,66.4,10.11
2026-08-19,Product A,188.89,44.95
2026-08-19,Product A,154.01,31.09
2026-08-19,Product A,182.87,34.75
2026-08-19,Product A,160.47,23.98
2026-08-19,Product A,157.15,21.89
2026-08-19,Product A,151.52,24.92
2026-08-19,Product A,153.33,29.55
2026-08-19,Product A,171.25,30.47
2026-08-19,Product A,163.98,28.43
2026-08-19,Product A,164.56,34.21
2026-08-19,Product A,160.27,30.25
2026-08-19,Product B,130.85,10.0
2026-08-19,Product B,153.04,17.1
2026-08-19,Product B,162.93,24.33
2026-08-19,Product B,138.97,33.2
2026-08-19,Product B,158.59,16.99
2026-08-19,Product B,120.82,10.0
2026-08-19,Product B,202.27,27.48
2026-08-19,Product C,112.81,31.23
2026-08-19,Product C,137.92,25.62
2026-08-19,Product C,88.32,10.0
2026-08-19,Product D,94.65,15.77
2026-08-19,Product D,90.32,16.93
2026-08-19,Product D,100.47,17.58
2026-08-19,Product D,84.25,10.0
2026-08-20,Product A,121.08,24.04
2026-08-20,Product A,150.66,10.23
2026-08-20,Product A,207.35,47.1
2026-08-20,Product A,150.09,18.33
2026-08-20,Product A,173.52,22.42
2026-08-20,Product A,167.03,22.69
2026-08-20,Product A,161.19,16.17
2026-08-20,Product A,188.19,41.62
2026-08-20,Product B,120.33,38.43
2026-08-20,Product B,197.47,31.91
2026-08-20,Product B,154.78,22.54
2026-08-20,Product B,138.17,14.43
2026-08-20,Product B,116.83,34.61
2026-08-20,Product B,144.15,24.91
2026-08-20,Product B,127.17,23.14
2026-08-20,Product C,141.51,29.36
2026-08-20,Product C,110.97,26.81
2026-08-20,Product C,110.26,43.54
2026-08-20,Product C,107.0,26.85
2026-08-20,Product C,138.18,25.44
2026-08-20,Product C,123.64,23.19
2026-08-20,Product C,126.03,28.53
2026-08-20,Product C,116.91,16.48
2026-08-20,Product D,60.47,19.4
2026-08-20,Product D,94.52,20.83
2026-08-20,Product D,76.47,14.3
2026-08-21,Product A,171.05,27.83
2026-08-21,Product A,166.62,25.77
2026-08-21,Product A,187.36,32.14
2026-08-21,Product A,156.24,26.97
2026-08-21,Product A,141.89,27.93
2026-08-21,Product A,155.02,21.37
2026-08-21,Product A,181.29,27.56
2026-08-21,Product A,162.28,36.93
2026-08-21,Product A,148.59,29.25
2026-08-21,Product A,190.89,41.79
2026-08-21,Product B,147.3,32.43
2026-08-21,Product B,179.69,50.58
2026-08-21,Product B,150.41,35.59
2026-08-21,Product B,127.65,21.9
2026-08-21,Product B,135.18,10.0
2026-08-21,Product B,109.73,22.09
2026-08-21,Product B,154.89,18.0
2026-08-21,Product C,139.77,36.81
2026-08-21,Product C,135.57,34.47
2026-08-21,Product C,92.0,29.32
2026-08-21,Product C,96.67,20.42
2026-08-21,Product D,109.84,18.35
2026-08-21,Product D,95.85,10.49
2026-08-21,Product D,123.41,27.73
2026-08-21,Product D,98.03,28.2
2026-08-21,Product D,67.47,10.0
2026-08-21,Product D,98.74,10.0
2026-08-21,Product D,58.6,10.0
2026-08-22,Product A,190.29,39.69
2026-08-22,Product A,181.43,42.92
2026-08-22,Product A,170.59,24.11
2026-08-22,Product A,160.14,26.38
2026-08-22,Product A,146.16,19.94
2026-08-22,Product A,144.92,27.39
2026-08-22,Product A,177.78,16.07
2026-08-22,Product A,155.61,41.06
2026-08-22,Product A,183.86,34.89
2026-08-22,Product B,127.47,17.72
2026-08-22,Product B,134.63,10.98
2026-08-22,Product C,113.38,12.1
2026-08-22,Product C,137.63,46.92
2026-08-22,Product C,142.6,40.42
2026-08-22,Product C,133.77,31.55
2026-08-22,Product D,79.73,12.5
2026-08-22,Product D,112.05,28.1
2026-08-22,Product D,89.9,17.0
2026-08-22,Product D,98.85,10.0
2026-08-22,Product D,78.33,10.0
2026-08-23,Product A,123.56,11.56
2026-08-23,Product A,169.03,24.75
2026-08-23,Product A,172.93,30.36
2026-08-23,Product A,183.21,16.19
2026-08-23,Product A,145.68,23.97
2026-08-23,Product A,155.76,24.0
2026-08-23,Product A,172.4,23.35
2026-08-23,Product A,174.23,33.97
2026-08-23,Product B,125.98,13.42
2026-08-23,Product B,142.22,24.04
2026-08-23,Product B,133.24,37.4
2026-08-23,Product B,151.3,18.5
2026-08-23,Product C,99.62,39.14
2026-08-23,Product D,103.83,31.82
2026-08-23,Product D,42.3,10.0
2026-08-23,Product D,117.75,37.91
2026-08-24,Product A,165.91,24.23
2026-08-24,Product A,159.28,31.02
2026-08-24,Product A,181.38,39.43
2026-08-24,Product A,193.19,31.47
2026-08-24,Product A,232.53,51.93
2026-08-24,Product A,155.52,27.45
2026-08-24,Product A,126.31,21.69
2026-08-24,Product A,206.82,57.41
2026-08-24,Product A,167.33,31.13
2026-08-24,Product A,183.32,47.0
2026-08-24,Product A,148.37,46.47
2026-08-24,Product A,163.02,18.35
2026-08-24,Product A,163.06,21.24
2026-08-24,Product B,142.49,27.32
2026-08-24,Product B,155.5,13.84
2026-08-24,Product B,136.42,21.19
2026-08-24,Product B,135.56,28.85
2026-08-24,Product B,140.23,24.63
2026-08-24,Product B,134.23,31.34
2026-08-24,Product B,170.06,26.44
2026-08-24,Product B,207.71,29.18
2026-08-24,Product B,167.16,20.81
2026-08-24,Product C,119.07,12.35
2026-08-24,Product C,138.23,30.5
2026-08-24,Product C,144.28,33.6
2026-08-24,Product C,121.42,29.69
2026-08-24,Product C,98.27,34.08
2026-08-24,Product C,111.74,21.68
2026-08-24,Product C,148.43,34.63
2026-08-24,Product D,108.77,22.98
2026-08-25,Product A,143.29,34.65
2026-08-25,Product A,161.41,36.84
2026-08-25,Product A,143.23,27.47
2026-08-25,Product A,170.17,51.04
2026-08-25,Product A,195.91,42.22
2026-08-25,Product A,214.61,38.75
2026-08-25,Product B,141.7,11.82
2026-08-25,Product B,184.02,29.22
2026-08-25,Product B,99.62,15.28
2026-08-25,Product B,164.7,29.41
2026-08-25,Product B,124.9,15.81
2026-08-25,Product B,138.69,20.06
2026-08-25,Product B,117.29,19.4
2026-08-25,Product B,115.66,27.25
2026-08-25,Product B,168.56,20.63
2026-08-25,Product C,154.19,34.4
2026-08-25,Product C,91.35,10.0
2026-08-25,Product C,155.99,38.4
2026-08-25,Product C,124.54,30.99
2026-08-25,Product C,123.53,30.64
2026-08-25,Product D,84.94,10.0
2026-08-25,Product D,101.27,17.07
2026-08-25,Product D,129.06,36.99
2026-08-25,Product D,67.04,13.36
2026-08-25,Product D,78.38,10.0
2026-08-25,Product D,93.77,27.18
2026-08-26,Product A,140.48,34.14
2026-08-26,Product A,157.16,28.27
2026-08-26,Product A,161.22,18.0
2026-08-26,Product A,179.69,25.76
2026-08-26,Product B,159.06,18.86
2026-08-26,Product B,166.51,28.27
2026-08-26,Product B,168.87,36.45
2026-08-26,Product B,160.1,26.33
2026-08-26,Product B,160.61,36.19
2026-08-26,Product B,158.35,28.54
2026-08-26,Product B,160.66,23.11
2026-08-26,Product B,178.31,16.86
2026-08-26,Product B,145.76,21.53
2026-08-26,Product B,130.9,24.69
2026-08-26,Product B,120.24,37.66
2026-08-26,Product B,115.25,11.98
2026-08-26,Product B,121.99,22.33
2026-08-26,Product C,101.8,27.67
2026-08-26,Product C,113.32,26.75
2026-08-26,Product D,59.65,10.0
2026-08-26,Product D,97.25,15.85
2026-08-26,Product D,49.95,11.76
2026-08-27,Product A,183.71,16.66
2026-08-27,Product A,159.07,41.31
2026-08-27,Product A,162.96,27.2
2026-08-27,Product A,159.74,38.87
2026-08-27,Product A,164.62,17.97
2026-08-27,Product A,226.73,27.54
2026-08-27,Product A,167.86,21.8
2026-08-27,Product B,168.94,32.79
2026-08-27,Product B,147.78,27.34
2026-08-27,Product B,176.32,16.01
2026-08-27,Product B,161.0,21.4
2026-08-27,Product B,163.17,22.83
2026-08-27,Product C,117.51,37.34
2026-08-27,Product C,131.8,33.23
2026-08-27,Product C,138.92,27.39
2026-08-27,Product C,133.44,24.72
2026-08-27,Product D,90.82,15.62
2026-08-28,Product A,145.8,28.13
2026-08-28,Product A,159.14,28.64
2026-08-28,Product A,155.36,34.82
2026-08-28,Product A,191.03,24.08
2026-08-28,Product B,138.74,17.6
2026-08-28,Product B,170.27,22.07
2026-08-28,Product B,114.03,10.0
2026-08-28,Product B,160.26,33.37
2026-08-28,Product B,172.47,19.23
2026-08-28,Product B,139.91,43.2
2026-08-28,Product B,138.35,19.01
2026-08-28,Product B,144.54,28.81
2026-08-28,Product B,156.29,21.65
2026-08-28,Product C,111.05,21.63
2026-08-28,Product C,112.98,24.21
2026-08-28,Product C,129.56,24.78
2026-08-28,Product C,145.07,36.7
2026-08-28,Product D,114.11,10.0
2026-08-28,Product D,86.89,28.4
2026-08-28,Product D,95.11,25.71
2026-08-28,Product D,75.16,19.32
2026-08-28,Product D,95.08,22.86
2026-08-28,Product D,139.86,41.21
2026-08-29,Product A,203.56,24.01
2026-08-29,Product A,194.58,15.04
2026-08-29,Product A,166.87,18.79
2026-08-29,Product A,155.6,40.93
2026-08-29,Product A,162.37,18.77
2026-08-29,Product A,180.73,27.88
2026-08-29,Product A,173.32,22.15
2026-08-29,Product A,150.97,19.36
2026-08-29,Product A,187.57,30.07
2026-08-29,Product A,146.94,26.27
2026-08-29,Product A,171.75,33.79
2026-08-29,Product B,142.81,19.88
2026-08-29,Product B,161.6,25.18
2026-08-29,Product B,151.67,18.99
2026-08-29,Product B,144.49,35.09
2026-08-29,Product B,141.74,19.67
2026-08-29,Product B,126.0,21.27
2026-08-29,Product B,176.0,19.01
2026-08-29,Product B,143.9,10.75
2026-08-29,Product C,126.39,28.85
2026-08-29,Product C,127.46,20.24
2026-08-29,Product C,126.38,23.0
2026-08-29,Product C,135.71,11.37
2026-08-29,Product D,124.69,28.13
2026-08-30,Product A,174.61,33.52
2026-08-30,Product A,145.61,10.64
2026-08-30,Product A,149.9,14.67
2026-08-30,Product A,139.14,36.21
2026-08-30,Product A,120.13,24.18
2026-08-30,Product A,189.95,40.19
2026-08-30,Product A,176.1,40.5
2026-08-30,Product A,209.23,33.15
2026-08-30,Product A,179.84,40.78
2026-08-30,Product A,151.04,23.72
2026-08-30,Product B,93.01,10.0
2026-08-30,Product B,177.79,28.81
2026-08-30,Product B,107.07,19.97
2026-08-30,Product B,159.94,31.44
2026-08-30,Product B,141.69,33.17
2026-08-30,Product C,120.71,24.21
2026-08-30,Product C,136.13,25.66
2026-08-30,Product C,154.5,29.34
2026-08-30,Product C,140.24,38.56
2026-08-30,Product C,123.65,27.82
2026-08-30,Product D,107.17,31.39
2026-08-30,Product D,117.74,32.21
2026-08-30,Product D,113.28,29.8
2026-08-30,Product D,111.81,10.0
2026-08-30,Product D,70.8,10.0
2026-08-30,Product D,122.94,20.78
2026-08-30,Product D,81.3,17.94
2026-08-30,Product D,67.64,17.93
2026-08-31,Product A,169.74,20.88
2026-08-31,Product A,190.44,35.9
2026-08-31,Product A,215.86,43.32
2026-08-31,Product A,161.26,29.73
2026-08-31,Product A,179.29,39.78
2026-08-31,Product A,199.08,32.55
2026-08-31,Product A,143.26,10.0
2026-08-31,Product B,147.98,19.64
2026-08-31,Product B,157.52,21.41
2026-08-31,Product B,145.22,15.81
2026-08-31,Product B,168.95,28.89
2026-08-31,Product B,159.93,17.46
2026-08-31,Product B,148.84,29.88
2026-08-31,Product B,100.03,26.35
2026-08-31,Product B,117.51,21.66
2026-08-31,Product B,184.33,38.98
2026-08-31,Product B,112.22,17.65
2026-08-31,Product B,172.14,22.73
2026-08-31,Product B,137.08,20.2
2026-08-31,Product C,115.05,30.11
2026-08-31,Product C,119.54,37.82
2026-08-31,Product C,141.77,24.83
2026-08-31,Product C,150.04,35.56
2026-08-31,Product D,72.09,10.0
